topology,skepticism,voting_time,run,reach,belief_prevalence,baseline_margin,rumor_margin,margin_change,flipped,rumor_extinct,interactions
random,low,short,0,0.002997002997002997,0.000999000999000999,21,21,0,False,True,815
random,low,short,1,0.01998001998001998,0.011988011988011988,21,13,-8,False,False,5005
random,low,short,2,0.1048951048951049,0.07792207792207792,21,-3,-24,True,False,5005
random,low,short,3,0.17682317682317683,0.12787212787212787,21,-11,-32,True,False,5005
random,low,short,4,0.17582417582417584,0.12087912087912088,21,-13,-34,True,False,5005
random,low,short,5,0.24675324675324675,0.17382617382617382,21,-27,-48,True,False,5005
random,low,short,6,0.04195804195804196,0.03196803196803197,21,19,-2,False,False,5005
random,low,short,7,0.1028971028971029,0.06593406593406594,21,3,-18,False,False,5005
random,low,short,8,0.17582417582417584,0.11988011988011989,21,-11,-32,True,False,5005
random,low,short,9,0.3916083916083916,0.2857142857142857,21,-77,-98,True,False,5005
random,low,short,10,0.05094905094905095,0.04095904095904096,21,7,-14,False,False,5005
random,low,short,11,0.07492507492507493,0.052947052947052944,21,5,-16,False,False,5005
random,low,short,12,0.1938061938061938,0.13586413586413587,21,-11,-32,True,False,5005
random,low,short,13,0.001998001998001998,0.001998001998001998,21,21,0,False,True,1264
random,low,short,14,0.005994005994005994,0.003996003996003996,21,21,0,False,True,1939
random,low,short,15,0.008991008991008992,0.004995004995004995,21,17,-4,False,True,3367
random,low,short,16,0.17882117882117882,0.11788211788211789,21,-9,-30,True,False,5005
random,low,short,17,0.061938061938061936,0.04695304695304695,21,15,-6,False,False,5005
random,low,short,18,0.024975024975024976,0.016983016983016984,21,21,0,False,False,5005
random,low,short,19,0.07092907092907093,0.04295704295704296,21,9,-12,False,False,5005
random,low,short,20,0.06293706293706294,0.04095904095904096,21,13,-8,False,False,5005
random,low,short,21,0.001998001998001998,0.000999000999000999,21,21,0,False,True,3669
random,low,short,22,0.00999000999000999,0.004995004995004995,21,21,0,False,True,2612
random,low,short,23,0.16783216783216784,0.1108891108891109,21,-13,-34,True,False,5005
random,low,short,24,0.022977022977022976,0.012987012987012988,21,19,-2,False,True,3638
random,low,short,25,0.002997002997002997,0.001998001998001998,21,21,0,False,True,1521
random,low,short,26,0.09290709290709291,0.057942057942057944,21,-1,-22,True,False,5005
random,low,short,27,0.1798201798201798,0.12287712287712288,21,-13,-34,True,False,5005
random,low,short,28,0.03596403596403597,0.026973026973026972,21,15,-6,False,False,5005
random,low,short,29,0.002997002997002997,0.001998001998001998,21,21,0,False,True,1648
random,low,short,30,0.17682317682317683,0.12887112887112886,21,-1,-22,True,False,5005
random,low,short,31,0.1038961038961039,0.06393606393606394,21,1,-20,False,False,5005
random,low,short,32,0.003996003996003996,0.002997002997002997,21,21,0,False,True,1675
random,low,short,33,0.08791208791208792,0.057942057942057944,21,9,-12,False,False,5005
random,low,short,34,0.23676323676323677,0.15984015984015984,21,-19,-40,True,False,5005
random,low,short,35,0.2787212787212787,0.2037962037962038,21,-29,-50,True,False,5005
random,low,short,36,0.03896103896103896,0.029970029970029972,21,15,-6,False,False,5005
random,low,short,37,0.09090909090909091,0.06393606393606394,21,1,-20,False,False,5005
random,low,short,38,0.20679320679320679,0.14685314685314685,21,-11,-32,True,False,5005
random,low,short,39,0.3246753246753247,0.23176823176823177,21,-47,-68,True,False,5005
random,low,short,40,0.001998001998001998,0.000999000999000999,21,21,0,False,True,590
random,low,short,41,0.18281718281718282,0.1258741258741259,21,-7,-28,True,False,5005
random,low,short,42,0.11888111888111888,0.08291708291708291,21,3,-18,False,False,5005
random,low,short,43,0.01998001998001998,0.013986013986013986,21,21,0,False,False,5005
random,low,short,44,0.03896103896103896,0.025974025974025976,21,19,-2,False,False,5005
random,low,short,45,0.2007992007992008,0.14785214785214784,21,-19,-40,True,False,5005
random,low,short,46,0.25574425574425574,0.17682317682317683,21,-23,-44,True,False,5005
random,low,short,47,0.15884115884115885,0.10989010989010989,21,-7,-28,True,False,5005
random,low,short,48,0.001998001998001998,0.001998001998001998,21,21,0,False,True,2187
random,low,short,49,0.059940059940059943,0.04295704295704296,21,9,-12,False,False,5005
random,low,short,50,0.17282717282717283,0.11288711288711288,21,-3,-24,True,False,5005
random,low,short,51,0.11688311688311688,0.08091908091908091,21,-1,-22,True,False,5005
random,low,short,52,0.04595404595404595,0.028971028971028972,21,15,-6,False,False,5005
random,low,short,53,0.15584415584415584,0.11388611388611389,21,1,-20,False,False,5005
random,low,short,54,0.1878121878121878,0.13286713286713286,21,-5,-26,True,False,5005
random,low,short,55,0.015984015984015984,0.008991008991008992,21,21,0,False,False,5005
random,low,short,56,0.11688311688311688,0.08091908091908091,21,-9,-30,True,False,5005
random,low,short,57,0.13086913086913088,0.09490509490509491,21,5,-16,False,False,5005
random,low,short,58,0.12287712287712288,0.0899100899100899,21,-1,-22,True,False,5005
random,low,short,59,0.07392607392607392,0.05194805194805195,21,7,-14,False,False,5005
random,low,short,60,0.001998001998001998,0.001998001998001998,21,19,-2,False,True,133
random,low,short,61,0.07292707292707293,0.052947052947052944,21,-3,-24,True,False,5005
random,low,short,62,0.15084915084915085,0.11288711288711288,21,-1,-22,True,False,5005
random,low,short,63,0.23876123876123875,0.16783216783216784,21,-23,-44,True,False,5005
random,low,short,64,0.28771228771228774,0.1998001998001998,21,-25,-46,True,False,5005
random,low,short,65,0.001998001998001998,0.000999000999000999,21,21,0,False,True,1255
random,low,short,66,0.05094905094905095,0.03596403596403597,21,15,-6,False,False,5005
random,low,short,67,0.0919080919080919,0.06393606393606394,21,1,-20,False,False,5005
random,low,short,68,0.1018981018981019,0.07092907092907093,21,3,-18,False,False,5005
random,low,short,69,0.26173826173826176,0.18081918081918083,21,-21,-42,True,False,5005
random,low,short,70,0.3306693306693307,0.23376623376623376,21,-43,-64,True,False,5005
random,low,short,71,0.07992007992007992,0.054945054945054944,21,9,-12,False,False,5005
random,low,short,72,0.03996003996003996,0.028971028971028972,21,13,-8,False,False,5005
random,low,short,73,0.1038961038961039,0.06793206793206794,21,3,-18,False,False,5005
random,low,short,74,0.06593406593406594,0.04495504495504495,21,13,-8,False,False,5005
random,low,short,75,0.001998001998001998,0.001998001998001998,21,19,-2,False,True,156
random,low,short,76,0.003996003996003996,0.003996003996003996,21,21,0,False,False,5005
random,low,short,77,0.06593406593406594,0.04295704295704296,21,17,-4,False,False,5005
random,low,short,78,0.07792207792207792,0.061938061938061936,21,7,-14,False,False,5005
random,low,short,79,0.3196803196803197,0.21578421578421578,21,-17,-38,True,False,5005
random,low,short,80,0.007992007992007992,0.002997002997002997,21,19,-2,False,True,4800
random,low,short,81,0.056943056943056944,0.03796203796203796,21,13,-8,False,False,5005
random,low,short,82,0.005994005994005994,0.004995004995004995,21,17,-4,False,False,5005
random,low,short,83,0.1108891108891109,0.07992007992007992,21,5,-16,False,False,5005
random,low,short,84,0.003996003996003996,0.001998001998001998,21,19,-2,False,True,1147
random,low,short,85,0.08291708291708291,0.05094905094905095,21,9,-12,False,False,5005
random,low,short,86,0.10589410589410589,0.07192807192807193,21,1,-20,False,False,5005
random,low,short,87,0.34965034965034963,0.25774225774225773,21,-63,-84,True,False,5005
random,low,short,88,0.13286713286713286,0.0959040959040959,21,-7,-28,True,False,5005
random,low,short,89,0.1028971028971029,0.07092907092907093,21,13,-8,False,False,5005
random,low,short,90,0.0959040959040959,0.07192807192807193,21,5,-16,False,False,5005
random,low,short,91,0.05194805194805195,0.030969030969030968,21,15,-6,False,False,5005
random,low,short,92,0.1018981018981019,0.06993006993006994,21,-1,-22,True,False,5005
random,low,short,93,0.25274725274725274,0.17182817182817184,21,-25,-46,True,False,5005
random,low,short,94,0.04195804195804196,0.03196803196803197,21,7,-14,False,False,5005
random,low,short,95,0.2837162837162837,0.2037962037962038,21,-21,-42,True,False,5005
random,low,short,96,0.1888111888111888,0.13386613386613386,21,-11,-32,True,False,5005
random,low,short,97,0.2937062937062937,0.2137862137862138,21,-29,-50,True,False,5005
random,low,short,98,0.19080919080919082,0.13386613386613386,21,-3,-24,True,False,5005
random,low,short,99,0.27672327672327673,0.1888111888111888,21,-29,-50,True,False,5005
random,low,short,100,0.07292707292707293,0.04895104895104895,21,11,-10,False,False,5005
random,low,short,101,0.008991008991008992,0.001998001998001998,21,21,0,False,True,2440
random,low,short,102,0.017982017982017984,0.012987012987012988,21,17,-4,False,False,5005
random,low,short,103,0.06793206793206794,0.04295704295704296,21,-1,-22,True,False,5005
random,low,short,104,0.1978021978021978,0.12887112887112886,21,-13,-34,True,False,5005
random,low,short,105,0.06593406593406594,0.04895104895104895,21,11,-10,False,False,5005
random,low,short,106,0.1848151848151848,0.12787212787212787,21,-15,-36,True,False,5005
random,low,short,107,0.26573426573426573,0.18581418581418582,21,-27,-48,True,False,5005
random,low,short,108,0.003996003996003996,0.001998001998001998,21,21,0,False,True,1449
random,low,short,109,0.25274725274725274,0.17182817182817184,21,-21,-42,True,False,5005
random,low,short,110,0.003996003996003996,0.001998001998001998,21,21,0,False,True,1120
random,low,short,111,0.052947052947052944,0.03596403596403597,21,17,-4,False,False,5005
random,low,short,112,0.06393606393606394,0.04695304695304695,21,7,-14,False,False,5005
random,low,short,113,0.1928071928071928,0.13186813186813187,21,-3,-24,True,False,5005
random,low,short,114,0.14785214785214784,0.1048951048951049,21,-17,-38,True,False,5005
random,low,short,115,0.12687312687312688,0.09490509490509491,21,-11,-32,True,False,5005
random,low,short,116,0.20279720279720279,0.14585414585414586,21,-15,-36,True,False,5005
random,low,short,117,0.15684315684315683,0.11988011988011989,21,-15,-36,True,False,5005
random,low,short,118,0.27372627372627373,0.18981018981018982,21,-33,-54,True,False,5005
random,low,short,119,0.055944055944055944,0.03796203796203796,21,15,-6,False,False,5005
random,low,short,120,0.02097902097902098,0.014985014985014986,21,17,-4,False,False,5005
random,low,short,121,0.001998001998001998,0.001998001998001998,21,21,0,False,True,380
random,low,short,122,0.002997002997002997,0.000999000999000999,21,21,0,False,True,1748
random,low,short,123,0.23976023976023977,0.17382617382617382,21,-35,-56,True,False,5005
random,low,short,124,0.002997002997002997,0.000999000999000999,21,21,0,False,True,767
random,low,short,125,0.01898101898101898,0.008991008991008992,21,17,-4,False,False,5005
random,low,short,126,0.054945054945054944,0.03796203796203796,21,15,-6,False,False,5005
random,low,short,127,0.001998001998001998,0.001998001998001998,21,21,0,False,True,1233
random,low,short,128,0.0919080919080919,0.060939060939060936,21,7,-14,False,False,5005
random,low,short,129,0.2597402597402597,0.17582417582417584,21,-27,-48,True,False,5005
random,low,short,130,0.008991008991008992,0.008991008991008992,21,21,0,False,False,5005
random,low,short,131,0.004995004995004995,0.002997002997002997,21,21,0,False,True,2143
random,low,short,132,0.12287712287712288,0.0939060939060939,21,-3,-24,True,False,5005
random,low,short,133,0.001998001998001998,0.001998001998001998,21,21,0,False,True,510
random,low,short,134,0.20279720279720279,0.15584415584415584,21,1,-20,False,False,5005
random,low,short,135,0.04695304695304695,0.030969030969030968,21,13,-8,False,False,5005
random,low,short,136,0.3836163836163836,0.26073926073926074,21,-69,-90,True,False,5005
random,low,short,137,0.06693306693306693,0.04895104895104895,21,11,-10,False,False,5005
random,low,short,138,0.03196803196803197,0.02197802197802198,21,19,-2,False,False,5005
random,low,short,139,0.002997002997002997,0.001998001998001998,21,19,-2,False,True,564
random,low,short,140,0.07192807192807193,0.04795204795204795,21,11,-10,False,False,5005
random,low,short,141,0.002997002997002997,0.001998001998001998,21,21,0,False,True,401
random,low,short,142,0.16983016983016982,0.11988011988011989,21,-13,-34,True,False,5005
random,low,short,143,0.07792207792207792,0.054945054945054944,21,3,-18,False,False,5005
random,low,short,144,0.2057942057942058,0.13786213786213786,21,-3,-24,True,False,5005
random,low,short,145,0.001998001998001998,0.000999000999000999,21,21,0,False,True,144
random,low,short,146,0.15584415584415584,0.1088911088911089,21,-5,-26,True,False,5005
random,low,short,147,0.0959040959040959,0.06593406593406594,21,3,-18,False,False,5005
random,low,short,148,0.12987012987012986,0.0999000999000999,21,-3,-24,True,False,5005
random,low,short,149,0.07292707292707293,0.04595404595404595,21,9,-12,False,False,5005
random,low,short,150,0.002997002997002997,0.000999000999000999,21,21,0,False,True,899
random,low,short,151,0.0939060939060939,0.06893106893106893,21,9,-12,False,False,5005
random,low,short,152,0.025974025974025976,0.02097902097902098,21,19,-2,False,False,5005
random,low,short,153,0.056943056943056944,0.04495504495504495,21,9,-12,False,False,5005
random,low,short,154,0.06493506493506493,0.05194805194805195,21,7,-14,False,False,5005
random,low,short,155,0.0979020979020979,0.06593406593406594,21,13,-8,False,False,5005
random,low,short,156,0.17682317682317683,0.13686313686313686,21,-15,-36,True,False,5005
random,low,short,157,0.04795204795204795,0.028971028971028972,21,3,-18,False,False,5005
random,low,short,158,0.004995004995004995,0.003996003996003996,21,21,0,False,True,3286
random,low,short,159,0.1878121878121878,0.13786213786213786,21,-11,-32,True,False,5005
random,low,short,160,0.13486513486513488,0.09290709290709291,21,1,-20,False,False,5005
random,low,short,161,0.002997002997002997,0.001998001998001998,21,21,0,False,True,3416
random,low,short,162,0.17882117882117882,0.11988011988011989,21,-11,-32,True,False,5005
random,low,short,163,0.016983016983016984,0.007992007992007992,21,21,0,False,False,5005
random,low,short,164,0.2127872127872128,0.15884115884115885,21,-29,-50,True,False,5005
random,low,short,165,0.002997002997002997,0.000999000999000999,21,21,0,False,True,542
random,low,short,166,0.06293706293706294,0.04295704295704296,21,7,-14,False,False,5005
random,low,short,167,0.1068931068931069,0.07792207792207792,21,-7,-28,True,False,5005
random,low,short,168,0.006993006993006993,0.003996003996003996,21,19,-2,False,True,4052
random,low,short,169,0.052947052947052944,0.03396603396603397,21,19,-2,False,False,5005
random,low,short,170,0.07192807192807193,0.04895104895104895,21,5,-16,False,False,5005
random,low,short,171,0.027972027972027972,0.017982017982017984,21,17,-4,False,False,5005
random,low,short,172,0.02197802197802198,0.012987012987012988,21,15,-6,False,False,5005
random,low,short,173,0.13186813186813187,0.09490509490509491,21,5,-16,False,False,5005
random,low,short,174,0.13686313686313686,0.0979020979020979,21,-9,-30,True,False,5005
random,low,short,175,0.15084915084915085,0.1088911088911089,21,-1,-22,True,False,5005
random,low,short,176,0.21078921078921078,0.14285714285714285,21,-11,-32,True,False,5005
random,low,short,177,0.0979020979020979,0.07492507492507493,21,7,-14,False,False,5005
random,low,short,178,0.13186813186813187,0.0959040959040959,21,3,-18,False,False,5005
random,low,short,179,0.2987012987012987,0.2037962037962038,21,-43,-64,True,False,5005
random,low,short,180,0.11888111888111888,0.08391608391608392,21,3,-18,False,False,5005
random,low,short,181,0.23776223776223776,0.17782217782217782,21,-37,-58,True,False,5005
random,low,short,182,0.18081918081918083,0.12187812187812187,21,-1,-22,True,False,5005
random,low,short,183,0.07892107892107893,0.056943056943056944,21,11,-10,False,False,5005
random,low,short,184,0.23076923076923078,0.15684315684315683,21,-5,-26,True,False,5005
random,low,short,185,0.07092907092907093,0.04695304695304695,21,11,-10,False,False,5005
random,low,short,186,0.35664335664335667,0.27172827172827174,21,-35,-56,True,False,5005
random,low,short,187,0.01898101898101898,0.014985014985014986,21,15,-6,False,False,5005
random,low,short,188,0.03396603396603397,0.01998001998001998,21,15,-6,False,False,5005
random,low,short,189,0.12387612387612387,0.08791208791208792,21,5,-16,False,False,5005
random,low,short,190,0.22977022977022976,0.16483516483516483,21,-29,-50,True,False,5005
random,low,short,191,0.3006993006993007,0.2097902097902098,21,-35,-56,True,False,5005
random,low,short,192,0.061938061938061936,0.04695304695304695,21,5,-16,False,False,5005
random,low,short,193,0.025974025974025976,0.014985014985014986,21,15,-6,False,False,5005
random,low,short,194,0.02097902097902098,0.012987012987012988,21,17,-4,False,False,5005
random,low,short,195,0.07892107892107893,0.04895104895104895,21,-1,-22,True,False,5005
random,low,short,196,0.001998001998001998,0.000999000999000999,21,21,0,False,True,1271
random,low,short,197,0.060939060939060936,0.04695304695304695,21,9,-12,False,False,5005
random,low,short,198,0.1048951048951049,0.07692307692307693,21,9,-12,False,False,5005
random,low,short,199,0.04295704295704296,0.03396603396603397,21,11,-10,False,False,5005
random,low,short,200,0.2047952047952048,0.14385614385614387,21,-7,-28,True,False,5005
random,low,short,201,0.004995004995004995,0.002997002997002997,21,19,-2,False,False,5005
random,low,short,202,0.3106893106893107,0.21678321678321677,21,-39,-60,True,False,5005
random,low,short,203,0.05094905094905095,0.03396603396603397,21,13,-8,False,False,5005
random,low,short,204,0.07392607392607392,0.04395604395604396,21,13,-8,False,False,5005
random,low,short,205,0.13086913086913088,0.0899100899100899,21,7,-14,False,False,5005
random,low,short,206,0.06993006993006994,0.04395604395604396,21,5,-16,False,False,5005
random,low,short,207,0.22277722277722278,0.16483516483516483,21,-21,-42,True,False,5005
random,low,short,208,0.17882117882117882,0.13086913086913088,21,-17,-38,True,False,5005
random,low,short,209,0.2217782217782218,0.15384615384615385,21,-21,-42,True,False,5005
random,low,short,210,0.13386613386613386,0.1018981018981019,21,-1,-22,True,False,5005
random,low,short,211,0.011988011988011988,0.007992007992007992,21,17,-4,False,False,5005
random,low,short,212,0.17682317682317683,0.13186813186813187,21,-17,-38,True,False,5005
random,low,short,213,0.11288711288711288,0.07692307692307693,21,-9,-30,True,False,5005
random,low,short,214,0.002997002997002997,0.000999000999000999,21,21,0,False,True,1341
random,low,short,215,0.1978021978021978,0.14085914085914086,21,-15,-36,True,False,5005
random,low,short,216,0.059940059940059943,0.03996003996003996,21,11,-10,False,False,5005
random,low,short,217,0.08391608391608392,0.06293706293706294,21,-5,-26,True,False,5005
random,low,short,218,0.059940059940059943,0.04095904095904096,21,7,-14,False,False,5005
random,low,short,219,0.13186813186813187,0.1028971028971029,21,-9,-30,True,False,5005
random,low,short,220,0.04295704295704296,0.029970029970029972,21,15,-6,False,False,5005
random,low,short,221,0.1888111888111888,0.13886113886113885,21,-29,-50,True,False,5005
random,low,short,222,0.1038961038961039,0.07392607392607392,21,3,-18,False,False,5005
random,low,short,223,0.13786213786213786,0.1018981018981019,21,1,-20,False,False,5005
random,low,short,224,0.002997002997002997,0.000999000999000999,21,21,0,False,True,416
random,low,short,225,0.004995004995004995,0.001998001998001998,21,21,0,False,True,938
random,low,short,226,0.21578421578421578,0.15884115884115885,21,-21,-42,True,False,5005
random,low,short,227,0.1008991008991009,0.07292707292707293,21,-1,-22,True,False,5005
random,low,short,228,0.2787212787212787,0.19080919080919082,21,-23,-44,True,False,5005
random,low,short,229,0.0959040959040959,0.059940059940059943,21,5,-16,False,False,5005
random,low,short,230,0.08191808191808192,0.059940059940059943,21,11,-10,False,False,5005
random,low,short,231,0.024975024975024976,0.012987012987012988,21,17,-4,False,False,5005
random,low,short,232,0.026973026973026972,0.02197802197802198,21,21,0,False,False,5005
random,low,short,233,0.17782217782217782,0.12387612387612387,21,-21,-42,True,False,5005
random,low,short,234,0.002997002997002997,0.001998001998001998,21,21,0,False,True,3092
random,low,short,235,0.12387612387612387,0.09490509490509491,21,-9,-30,True,False,5005
random,low,short,236,0.13086913086913088,0.09090909090909091,21,-5,-26,True,False,5005
random,low,short,237,0.16183816183816183,0.11288711288711288,21,-13,-34,True,False,5005
random,low,short,238,0.06493506493506493,0.04795204795204795,21,15,-6,False,False,5005
random,low,short,239,0.04995004995004995,0.03296703296703297,21,9,-12,False,False,5005
random,low,short,240,0.002997002997002997,0.001998001998001998,21,21,0,False,True,1339
random,low,short,241,0.1028971028971029,0.06993006993006994,21,15,-6,False,False,5005
random,low,short,242,0.06293706293706294,0.04595404595404595,21,11,-10,False,False,5005
random,low,short,243,0.001998001998001998,0.001998001998001998,21,19,-2,False,True,1683
random,low,short,244,0.013986013986013986,0.006993006993006993,21,21,0,False,False,5005
random,low,short,245,0.008991008991008992,0.003996003996003996,21,19,-2,False,False,5005
random,low,short,246,0.001998001998001998,0.001998001998001998,21,21,0,False,True,2262
random,low,short,247,0.1928071928071928,0.13286713286713286,21,-3,-24,True,False,5005
random,low,short,248,0.0959040959040959,0.06293706293706294,21,-1,-22,True,False,5005
random,low,short,249,0.13486513486513488,0.09490509490509491,21,-1,-22,True,False,5005
random,low,short,250,0.07892107892107893,0.055944055944055944,21,13,-8,False,False,5005
random,low,short,251,0.11588411588411589,0.08391608391608392,21,15,-6,False,False,5005
random,low,short,252,0.17482517482517482,0.12287712287712288,21,-17,-38,True,False,5005
random,low,short,253,0.03396603396603397,0.024975024975024976,21,11,-10,False,False,5005
random,low,short,254,0.013986013986013986,0.004995004995004995,21,21,0,False,False,5005
random,low,short,255,0.003996003996003996,0.001998001998001998,21,19,-2,False,True,2384
random,low,short,256,0.03296703296703297,0.02197802197802198,21,15,-6,False,False,5005
random,low,short,257,0.2677322677322677,0.17782217782217782,21,-25,-46,True,False,5005
random,low,short,258,0.18681318681318682,0.12887112887112886,21,-17,-38,True,False,5005
random,low,short,259,0.23076923076923078,0.16983016983016982,21,-19,-40,True,False,5005
random,low,short,260,0.1048951048951049,0.08591408591408592,21,-3,-24,True,False,5005
random,low,short,261,0.012987012987012988,0.007992007992007992,21,21,0,False,False,5005
random,low,short,262,0.24575424575424576,0.17082917082917082,21,-21,-42,True,False,5005
random,low,short,263,0.016983016983016984,0.011988011988011988,21,21,0,False,False,5005
random,low,short,264,0.17182817182817184,0.12487512487512488,21,1,-20,False,False,5005
random,low,short,265,0.22477522477522477,0.15284715284715283,21,-9,-30,True,False,5005
random,low,short,266,0.11988011988011989,0.09090909090909091,21,3,-18,False,False,5005
random,low,short,267,0.2037962037962038,0.15284715284715283,21,-17,-38,True,False,5005
random,low,short,268,0.3166833166833167,0.21578421578421578,21,-25,-46,True,False,5005
random,low,short,269,0.024975024975024976,0.017982017982017984,21,17,-4,False,False,5005
random,low,short,270,0.005994005994005994,0.004995004995004995,21,19,-2,False,True,982
random,low,short,271,0.007992007992007992,0.003996003996003996,21,21,0,False,False,5005
random,low,short,272,0.19880119880119881,0.13586413586413587,21,-3,-24,True,False,5005
random,low,short,273,0.3436563436563437,0.24675324675324675,21,-35,-56,True,False,5005
random,low,short,274,0.001998001998001998,0.001998001998001998,21,21,0,False,True,2299
random,low,short,275,0.09290709290709291,0.059940059940059943,21,11,-10,False,False,5005
random,low,short,276,0.17882117882117882,0.12087912087912088,21,-15,-36,True,False,5005
random,low,short,277,0.012987012987012988,0.00999000999000999,21,19,-2,False,False,5005
random,low,short,278,0.1968031968031968,0.15684315684315683,21,-7,-28,True,False,5005
random,low,short,279,0.08691308691308691,0.060939060939060936,21,3,-18,False,False,5005
random,low,short,280,0.0969030969030969,0.06893106893106893,21,9,-12,False,False,5005
random,low,short,281,0.21178821178821178,0.15084915084915085,21,-19,-40,True,False,5005
random,low,short,282,0.2217782217782218,0.14385614385614387,21,-9,-30,True,False,5005
random,low,short,283,0.1018981018981019,0.07192807192807193,21,-11,-32,True,False,5005
random,low,short,284,0.2857142857142857,0.2037962037962038,21,-29,-50,True,False,5005
random,low,short,285,0.11788211788211789,0.08791208791208792,21,5,-16,False,False,5005
random,low,short,286,0.003996003996003996,0.002997002997002997,21,19,-2,False,False,5005
random,low,short,287,0.13686313686313686,0.0999000999000999,21,-5,-26,True,False,5005
random,low,short,288,0.11388611388611389,0.07492507492507493,21,-5,-26,True,False,5005
random,low,short,289,0.03996003996003996,0.025974025974025976,21,15,-6,False,False,5005
random,low,short,290,0.003996003996003996,0.001998001998001998,21,19,-2,False,True,1755
random,low,short,291,0.21678321678321677,0.14885114885114886,21,-25,-46,True,False,5005
random,low,short,292,0.2127872127872128,0.16283716283716285,21,-29,-50,True,False,5005
random,low,short,293,0.06593406593406594,0.04895104895104895,21,7,-14,False,False,5005
random,low,short,294,0.06793206793206794,0.04995004995004995,21,15,-6,False,False,5005
random,low,short,295,0.03396603396603397,0.026973026973026972,21,11,-10,False,False,5005
random,low,short,296,0.016983016983016984,0.008991008991008992,21,15,-6,False,False,5005
random,low,short,297,0.002997002997002997,0.000999000999000999,21,21,0,False,True,2835
random,low,short,298,0.001998001998001998,0.001998001998001998,21,21,0,False,True,2562
random,low,short,299,0.03496503496503497,0.022977022977022976,21,15,-6,False,False,5005
random,low,short,300,0.1008991008991009,0.07292707292707293,21,-5,-26,True,False,5005
random,low,short,301,0.004995004995004995,0.001998001998001998,21,21,0,False,True,1946
random,low,short,302,0.003996003996003996,0.001998001998001998,21,21,0,False,False,5005
random,low,short,303,0.02097902097902098,0.013986013986013986,21,17,-4,False,False,5005
random,low,short,304,0.015984015984015984,0.007992007992007992,21,17,-4,False,False,5005
random,low,short,305,0.023976023976023976,0.01998001998001998,21,21,0,False,False,5005
random,low,short,306,0.1108891108891109,0.08291708291708291,21,-1,-22,True,False,5005
random,low,short,307,0.07092907092907093,0.04295704295704296,21,9,-12,False,False,5005
random,low,short,308,0.06393606393606394,0.04095904095904096,21,17,-4,False,False,5005
random,low,short,309,0.2007992007992008,0.13586413586413587,21,1,-20,False,False,5005
random,low,short,310,0.003996003996003996,0.001998001998001998,21,21,0,False,True,1308
random,low,short,311,0.17682317682317683,0.12887112887112886,21,-11,-32,True,False,5005
random,low,short,312,0.22777222777222778,0.15884115884115885,21,-17,-38,True,False,5005
random,low,short,313,0.1798201798201798,0.11588411588411589,21,-15,-36,True,False,5005
random,low,short,314,0.012987012987012988,0.005994005994005994,21,21,0,False,False,5005
random,low,short,315,0.07092907092907093,0.04695304695304695,21,15,-6,False,False,5005
random,low,short,316,0.004995004995004995,0.001998001998001998,21,21,0,False,True,2633
random,low,short,317,0.027972027972027972,0.014985014985014986,21,19,-2,False,False,5005
random,low,short,318,0.002997002997002997,0.001998001998001998,21,21,0,False,True,395
random,low,short,319,0.002997002997002997,0.000999000999000999,21,19,-2,False,False,5005
random,low,short,320,0.001998001998001998,0.000999000999000999,21,21,0,False,True,726
random,low,short,321,0.12487512487512488,0.08291708291708291,21,5,-16,False,False,5005
random,low,short,322,0.030969030969030968,0.016983016983016984,21,21,0,False,False,5005
random,low,short,323,0.001998001998001998,0.000999000999000999,21,21,0,False,False,5005
random,low,short,324,0.2017982017982018,0.14685314685314685,21,-21,-42,True,False,5005
random,low,short,325,0.26073926073926074,0.18581418581418582,21,-23,-44,True,False,5005
random,low,short,326,0.14885114885114886,0.10589410589410589,21,-3,-24,True,False,5005
random,low,short,327,0.004995004995004995,0.002997002997002997,21,21,0,False,False,5005
random,low,short,328,0.2977022977022977,0.22477522477522477,21,-31,-52,True,False,5005
random,low,short,329,0.23976023976023977,0.17382617382617382,21,-27,-48,True,False,5005
random,low,short,330,0.2047952047952048,0.14985014985014986,21,-21,-42,True,False,5005
random,low,short,331,0.11988011988011989,0.08491508491508491,21,-3,-24,True,False,5005
random,low,short,332,0.14185814185814186,0.1018981018981019,21,-9,-30,True,False,5005
random,low,short,333,0.001998001998001998,0.001998001998001998,21,21,0,False,True,1169
random,low,short,334,0.023976023976023976,0.01098901098901099,21,21,0,False,False,5005
random,low,short,335,0.03496503496503497,0.027972027972027972,21,11,-10,False,False,5005
random,low,short,336,0.07592407592407592,0.05194805194805195,21,3,-18,False,False,5005
random,low,short,337,0.012987012987012988,0.007992007992007992,21,13,-8,False,False,5005
random,low,short,338,0.2867132867132867,0.2087912087912088,21,-15,-36,True,False,5005
random,low,short,339,0.059940059940059943,0.03996003996003996,21,9,-12,False,False,5005
random,low,short,340,0.2217782217782218,0.16183816183816183,21,-21,-42,True,False,5005
random,low,short,341,0.12387612387612387,0.08291708291708291,21,-1,-22,True,False,5005
random,low,short,342,0.017982017982017984,0.014985014985014986,21,17,-4,False,False,5005
random,low,short,343,0.030969030969030968,0.02097902097902098,21,19,-2,False,False,5005
random,low,short,344,0.13586413586413587,0.0969030969030969,21,-15,-36,True,False,5005
random,low,short,345,0.1848151848151848,0.13186813186813187,21,-25,-46,True,False,5005
random,low,short,346,0.06893106893106893,0.04495504495504495,21,3,-18,False,False,5005
random,low,short,347,0.15384615384615385,0.1088911088911089,21,-7,-28,True,False,5005
random,low,short,348,0.001998001998001998,0.001998001998001998,21,19,-2,False,True,1136
random,low,short,349,0.11888111888111888,0.07792207792207792,21,7,-14,False,False,5005
random,low,short,350,0.001998001998001998,0.001998001998001998,21,19,-2,False,True,344
random,low,short,351,0.16983016983016982,0.11988011988011989,21,-9,-30,True,False,5005
random,low,short,352,0.001998001998001998,0.001998001998001998,21,21,0,False,False,5005
random,low,short,353,0.001998001998001998,0.001998001998001998,21,21,0,False,True,364
random,low,short,354,0.03296703296703297,0.02197802197802198,21,15,-6,False,False,5005
random,low,short,355,0.18681318681318682,0.14185814185814186,21,-7,-28,True,False,5005
random,low,short,356,0.054945054945054944,0.03796203796203796,21,11,-10,False,False,5005
random,low,short,357,0.11988011988011989,0.08891108891108891,21,5,-16,False,False,5005
random,low,short,358,0.27172827172827174,0.17882117882117882,21,-15,-36,True,False,5005
random,low,short,359,0.11288711288711288,0.07292707292707293,21,1,-20,False,False,5005
random,low,short,360,0.06393606393606394,0.04995004995004995,21,5,-16,False,False,5005
random,low,short,361,0.16383616383616384,0.10989010989010989,21,3,-18,False,False,5005
random,low,short,362,0.11588411588411589,0.07992007992007992,21,-1,-22,True,False,5005
random,low,short,363,0.003996003996003996,0.001998001998001998,21,21,0,False,True,1469
random,low,short,364,0.32867132867132864,0.22477522477522477,21,-53,-74,True,False,5005
random,low,short,365,0.016983016983016984,0.00999000999000999,21,19,-2,False,False,5005
random,low,short,366,0.057942057942057944,0.03896103896103896,21,9,-12,False,False,5005
random,low,short,367,0.28771228771228774,0.1938061938061938,21,-47,-68,True,False,5005
random,low,short,368,0.11688311688311688,0.08591408591408592,21,5,-16,False,False,5005
random,low,short,369,0.005994005994005994,0.004995004995004995,21,19,-2,False,True,2074
random,low,short,370,0.03396603396603397,0.02197802197802198,21,13,-8,False,False,5005
random,low,short,371,0.001998001998001998,0.001998001998001998,21,21,0,False,True,1054
random,low,short,372,0.002997002997002997,0.002997002997002997,21,21,0,False,False,5005
random,low,short,373,0.004995004995004995,0.001998001998001998,21,19,-2,False,False,5005
random,low,short,374,0.14585414585414586,0.08791208791208792,21,-3,-24,True,False,5005
random,low,short,375,0.001998001998001998,0.001998001998001998,21,21,0,False,True,1434
random,low,short,376,0.12887112887112886,0.08691308691308691,21,-13,-34,True,False,5005
random,low,short,377,0.001998001998001998,0.000999000999000999,21,21,0,False,True,1619
random,low,short,378,0.17782217782217782,0.12287712287712288,21,1,-20,False,False,5005
random,low,short,379,0.055944055944055944,0.04395604395604396,21,13,-8,False,False,5005
random,low,short,380,0.003996003996003996,0.002997002997002997,21,19,-2,False,True,2061
random,low,short,381,0.16283716283716285,0.10589410589410589,21,-19,-40,True,False,5005
random,low,short,382,0.017982017982017984,0.01098901098901099,21,21,0,False,False,5005
random,low,short,383,0.04195804195804196,0.024975024975024976,21,11,-10,False,False,5005
random,low,short,384,0.15984015984015984,0.12087912087912088,21,-15,-36,True,False,5005
random,low,short,385,0.32167832167832167,0.22077922077922077,21,-33,-54,True,False,5005
random,low,short,386,0.16983016983016982,0.11688311688311688,21,-1,-22,True,False,5005
random,low,short,387,0.07592407592407592,0.055944055944055944,21,7,-14,False,False,5005
random,low,short,388,0.17882117882117882,0.12387612387612387,21,5,-16,False,False,5005
random,low,short,389,0.001998001998001998,0.000999000999000999,21,21,0,False,True,440
random,low,short,390,0.059940059940059943,0.04295704295704296,21,13,-8,False,False,5005
random,low,short,391,0.28771228771228774,0.20679320679320679,21,-25,-46,True,False,5005
random,low,short,392,0.029970029970029972,0.01998001998001998,21,21,0,False,False,5005
random,low,short,393,0.11588411588411589,0.0919080919080919,21,-11,-32,True,False,5005
random,low,short,394,0.02197802197802198,0.013986013986013986,21,17,-4,False,False,5005
random,low,short,395,0.08391608391608392,0.059940059940059943,21,5,-16,False,False,5005
random,low,short,396,0.016983016983016984,0.012987012987012988,21,17,-4,False,False,5005
random,low,short,397,0.23776223776223776,0.16383616383616384,21,-9,-30,True,False,5005
random,low,short,398,0.001998001998001998,0.000999000999000999,21,21,0,False,True,2348
random,low,short,399,0.027972027972027972,0.01998001998001998,21,15,-6,False,False,5005
random,low,short,400,0.1088911088911089,0.07692307692307693,21,-3,-24,True,False,5005
random,low,short,401,0.21478521478521478,0.15284715284715283,21,-9,-30,True,False,5005
random,low,short,402,0.01098901098901099,0.008991008991008992,21,17,-4,False,False,5005
random,low,short,403,0.002997002997002997,0.001998001998001998,21,19,-2,False,True,1432
random,low,short,404,0.2097902097902098,0.14385614385614387,21,-15,-36,True,False,5005
random,low,short,405,0.001998001998001998,0.001998001998001998,21,21,0,False,True,1271
random,low,short,406,0.026973026973026972,0.012987012987012988,21,21,0,False,False,5005
random,low,short,407,0.058941058941058944,0.03396603396603397,21,19,-2,False,False,5005
random,low,short,408,0.003996003996003996,0.003996003996003996,21,19,-2,False,True,1983
random,low,short,409,0.003996003996003996,0.000999000999000999,21,21,0,False,True,1818
random,low,short,410,0.22777222777222778,0.15584415584415584,21,-9,-30,True,False,5005
random,low,short,411,0.005994005994005994,0.004995004995004995,21,21,0,False,True,2359
random,low,short,412,0.15384615384615385,0.1048951048951049,21,-7,-28,True,False,5005
random,low,short,413,0.002997002997002997,0.001998001998001998,21,21,0,False,True,1235
random,low,short,414,0.11188811188811189,0.07992007992007992,21,-7,-28,True,False,5005
random,low,short,415,0.18981018981018982,0.13186813186813187,21,-19,-40,True,False,5005
random,low,short,416,0.03296703296703297,0.023976023976023976,21,17,-4,False,False,5005
random,low,short,417,0.2007992007992008,0.13486513486513488,21,-11,-32,True,False,5005
random,low,short,418,0.10989010989010989,0.06593406593406594,21,-5,-26,True,False,5005
random,low,short,419,0.33766233766233766,0.23176823176823177,21,-21,-42,True,False,5005
random,low,short,420,0.1008991008991009,0.06893106893106893,21,3,-18,False,False,5005
random,low,short,421,0.24175824175824176,0.17182817182817184,21,-11,-32,True,False,5005
random,low,short,422,0.22977022977022976,0.16683316683316685,21,-31,-52,True,False,5005
random,low,short,423,0.11588411588411589,0.08591408591408592,21,1,-20,False,False,5005
random,low,short,424,0.16883116883116883,0.12287712287712288,21,-13,-34,True,False,5005
random,low,short,425,0.001998001998001998,0.000999000999000999,21,21,0,False,True,1148
random,low,short,426,0.17682317682317683,0.11788211788211789,21,-3,-24,True,False,5005
random,low,short,427,0.008991008991008992,0.004995004995004995,21,21,0,False,False,5005
random,low,short,428,0.12487512487512488,0.09090909090909091,21,-1,-22,True,False,5005
random,low,short,429,0.1978021978021978,0.13586413586413587,21,-19,-40,True,False,5005
random,low,short,430,0.04395604395604396,0.03196803196803197,21,15,-6,False,False,5005
random,low,short,431,0.022977022977022976,0.013986013986013986,21,17,-4,False,False,5005
random,low,short,432,0.1008991008991009,0.061938061938061936,21,7,-14,False,False,5005
random,low,short,433,0.03396603396603397,0.023976023976023976,21,11,-10,False,False,5005
random,low,short,434,0.2177822177822178,0.15884115884115885,21,-21,-42,True,False,5005
random,low,short,435,0.20679320679320679,0.15584415584415584,21,-19,-40,True,False,5005
random,low,short,436,0.026973026973026972,0.017982017982017984,21,17,-4,False,False,5005
random,low,short,437,0.001998001998001998,0.001998001998001998,21,21,0,False,True,1156
random,low,short,438,0.3126873126873127,0.22977022977022976,21,-37,-58,True,False,5005
random,low,short,439,0.20679320679320679,0.13786213786213786,21,-23,-44,True,False,5005
random,low,short,440,0.11588411588411589,0.08191808191808192,21,3,-18,False,False,5005
random,low,short,441,0.003996003996003996,0.001998001998001998,21,21,0,False,True,2017
random,low,short,442,0.016983016983016984,0.00999000999000999,21,21,0,False,False,5005
random,low,short,443,0.0939060939060939,0.056943056943056944,21,11,-10,False,False,5005
random,low,short,444,0.12987012987012986,0.08791208791208792,21,-3,-24,True,False,5005
random,low,short,445,0.04295704295704296,0.03196803196803197,21,11,-10,False,False,5005
random,low,short,446,0.0959040959040959,0.061938061938061936,21,-3,-24,True,False,5005
random,low,short,447,0.15184815184815184,0.11288711288711288,21,-9,-30,True,False,5005
random,low,short,448,0.004995004995004995,0.001998001998001998,21,21,0,False,True,3165
random,low,short,449,0.002997002997002997,0.000999000999000999,21,21,0,False,True,1239
random,low,short,450,0.003996003996003996,0.000999000999000999,21,21,0,False,True,883
random,low,short,451,0.09290709290709291,0.06693306693306693,21,3,-18,False,False,5005
random,low,short,452,0.14785214785214784,0.09490509490509491,21,1,-20,False,False,5005
random,low,short,453,0.029970029970029972,0.024975024975024976,21,17,-4,False,False,5005
random,low,short,454,0.14785214785214784,0.10789210789210789,21,-11,-32,True,False,5005
random,low,short,455,0.14685314685314685,0.0939060939060939,21,-5,-26,True,False,5005
random,low,short,456,0.28471528471528473,0.2017982017982018,21,-11,-32,True,False,5005
random,low,short,457,0.01898101898101898,0.011988011988011988,21,13,-8,False,False,5005
random,low,short,458,0.03696303696303696,0.026973026973026972,21,15,-6,False,False,5005
random,low,short,459,0.2977022977022977,0.21678321678321677,21,-25,-46,True,False,5005
random,low,short,460,0.006993006993006993,0.003996003996003996,21,19,-2,False,False,5005
random,low,short,461,0.2047952047952048,0.14985014985014986,21,-19,-40,True,False,5005
random,low,short,462,0.004995004995004995,0.002997002997002997,21,19,-2,False,False,5005
random,low,short,463,0.07992007992007992,0.04995004995004995,21,3,-18,False,False,5005
random,low,short,464,0.16783216783216784,0.12387612387612387,21,-21,-42,True,False,5005
random,low,short,465,0.04795204795204795,0.03196803196803197,21,9,-12,False,False,5005
random,low,short,466,0.001998001998001998,0.000999000999000999,21,21,0,False,True,2778
random,low,short,467,0.00999000999000999,0.007992007992007992,21,21,0,False,False,5005
random,low,short,468,0.22977022977022976,0.14785214785214784,21,-15,-36,True,False,5005
random,low,short,469,0.33466533466533466,0.23376623376623376,21,-35,-56,True,False,5005
random,low,short,470,0.1848151848151848,0.12987012987012986,21,-7,-28,True,False,5005
random,low,short,471,0.15484515484515485,0.11988011988011989,21,-1,-22,True,False,5005
random,low,short,472,0.001998001998001998,0.001998001998001998,21,21,0,False,True,2184
random,low,short,473,0.14585414585414586,0.1038961038961039,21,-7,-28,True,False,5005
random,low,short,474,0.03796203796203796,0.026973026973026972,21,15,-6,False,False,5005
random,low,short,475,0.3386613386613387,0.25674325674325676,21,-31,-52,True,False,5005
random,low,short,476,0.0979020979020979,0.057942057942057944,21,3,-18,False,False,5005
random,low,short,477,0.2127872127872128,0.15284715284715283,21,-11,-32,True,False,5005
random,low,short,478,0.06593406593406594,0.04495504495504495,21,13,-8,False,False,5005
random,low,short,479,0.11288711288711288,0.07892107892107893,21,3,-18,False,False,5005
random,low,short,480,0.030969030969030968,0.016983016983016984,21,17,-4,False,False,5005
random,low,short,481,0.12787212787212787,0.08391608391608392,21,-13,-34,True,False,5005
random,low,short,482,0.006993006993006993,0.003996003996003996,21,21,0,False,False,5005
random,low,short,483,0.11888111888111888,0.08191808191808192,21,11,-10,False,False,5005
random,low,short,484,0.23276723276723277,0.16783216783216784,21,-7,-28,True,False,5005
random,low,short,485,0.006993006993006993,0.002997002997002997,21,19,-2,False,True,2613
random,low,short,486,0.0919080919080919,0.06693306693306693,21,11,-10,False,False,5005
random,low,short,487,0.06293706293706294,0.04595404595404595,21,7,-14,False,False,5005
random,low,short,488,0.008991008991008992,0.007992007992007992,21,21,0,False,True,3345
random,low,short,489,0.22077922077922077,0.14985014985014986,21,-27,-48,True,False,5005
random,low,short,490,0.0989010989010989,0.06893106893106893,21,7,-14,False,False,5005
random,low,short,491,0.16983016983016982,0.1108891108891109,21,-3,-24,True,False,5005
random,low,short,492,0.03596403596403597,0.02197802197802198,21,15,-6,False,False,5005
random,low,short,493,0.22877122877122877,0.15984015984015984,21,-15,-36,True,False,5005
random,low,short,494,0.34665334665334663,0.22677322677322678,21,-39,-60,True,False,5005
random,low,short,495,0.26673326673326675,0.1878121878121878,21,-29,-50,True,False,5005
random,low,short,496,0.13286713286713286,0.08891108891108891,21,-1,-22,True,False,5005
random,low,short,497,0.03596403596403597,0.024975024975024976,21,19,-2,False,False,5005
random,low,short,498,0.003996003996003996,0.002997002997002997,21,21,0,False,True,2793
random,low,short,499,0.1018981018981019,0.06993006993006994,21,9,-12,False,False,5005
random,low,short,500,0.001998001998001998,0.001998001998001998,21,19,-2,False,True,456
random,low,short,501,0.052947052947052944,0.03996003996003996,21,13,-8,False,False,5005
random,low,short,502,0.08091908091908091,0.057942057942057944,21,-1,-22,True,False,5005
random,low,short,503,0.007992007992007992,0.002997002997002997,21,21,0,False,True,3837
random,low,short,504,0.11288711288711288,0.08291708291708291,21,-5,-26,True,False,5005
random,low,short,505,0.11888111888111888,0.09290709290709291,21,-5,-26,True,False,5005
random,low,short,506,0.3336663336663337,0.23776223776223776,21,-39,-60,True,False,5005
random,low,short,507,0.016983016983016984,0.01098901098901099,21,19,-2,False,False,5005
random,low,short,508,0.04095904095904096,0.029970029970029972,21,15,-6,False,False,5005
random,low,short,509,0.004995004995004995,0.001998001998001998,21,21,0,False,True,1169
random,low,short,510,0.16183816183816183,0.10989010989010989,21,-13,-34,True,False,5005
random,low,short,511,0.11588411588411589,0.08891108891108891,21,-5,-26,True,False,5005
random,low,short,512,0.001998001998001998,0.000999000999000999,21,21,0,False,True,520
random,low,short,513,0.15384615384615385,0.11188811188811189,21,-19,-40,True,False,5005
random,low,short,514,0.2217782217782218,0.15984015984015984,21,-15,-36,True,False,5005
random,low,short,515,0.024975024975024976,0.015984015984015984,21,17,-4,False,False,5005
random,low,short,516,0.006993006993006993,0.002997002997002997,21,21,0,False,True,3836
random,low,short,517,0.21878121878121878,0.15184815184815184,21,-29,-50,True,False,5005
random,low,short,518,0.22277722277722278,0.16183816183816183,21,-17,-38,True,False,5005
random,low,short,519,0.08691308691308691,0.052947052947052944,21,13,-8,False,False,5005
random,low,short,520,0.04995004995004995,0.03696303696303696,21,9,-12,False,False,5005
random,low,short,521,0.052947052947052944,0.03796203796203796,21,9,-12,False,False,5005
random,low,short,522,0.003996003996003996,0.001998001998001998,21,21,0,False,True,957
random,low,short,523,0.10589410589410589,0.07392607392607392,21,9,-12,False,False,5005
random,low,short,524,0.27372627372627373,0.2057942057942058,21,-27,-48,True,False,5005
random,low,short,525,0.13386613386613386,0.1028971028971029,21,-3,-24,True,False,5005
random,low,short,526,0.07992007992007992,0.054945054945054944,21,11,-10,False,False,5005
random,low,short,527,0.05194805194805195,0.03496503496503497,21,13,-8,False,False,5005
random,low,short,528,0.19880119880119881,0.13886113886113885,21,-7,-28,True,False,5005
random,low,short,529,0.016983016983016984,0.012987012987012988,21,21,0,False,False,5005
random,low,short,530,0.08491508491508491,0.054945054945054944,21,1,-20,False,False,5005
random,low,short,531,0.32967032967032966,0.23376623376623376,21,-33,-54,True,False,5005
random,low,short,532,0.02197802197802198,0.01098901098901099,21,21,0,False,False,5005
random,low,short,533,0.15484515484515485,0.10989010989010989,21,13,-8,False,False,5005
random,low,short,534,0.2177822177822178,0.15584415584415584,21,-21,-42,True,False,5005
random,low,short,535,0.07992007992007992,0.053946053946053944,21,1,-20,False,False,5005
random,low,short,536,0.1108891108891109,0.07492507492507493,21,-1,-22,True,False,5005
random,low,short,537,0.013986013986013986,0.008991008991008992,21,17,-4,False,True,3267
random,low,short,538,0.008991008991008992,0.004995004995004995,21,19,-2,False,True,1370
random,low,short,539,0.14685314685314685,0.1018981018981019,21,-1,-22,True,False,5005
random,low,short,540,0.001998001998001998,0.001998001998001998,21,21,0,False,True,1715
random,low,short,541,0.002997002997002997,0.001998001998001998,21,21,0,False,True,1496
random,low,short,542,0.16983016983016982,0.11588411588411589,21,-17,-38,True,False,5005
random,low,short,543,0.001998001998001998,0.000999000999000999,21,21,0,False,True,661
random,low,short,544,0.03896103896103896,0.026973026973026972,21,11,-10,False,False,5005
random,low,short,545,0.08491508491508491,0.061938061938061936,21,9,-12,False,False,5005
random,low,short,546,0.001998001998001998,0.001998001998001998,21,21,0,False,True,1161
random,low,short,547,0.2017982017982018,0.13386613386613386,21,-17,-38,True,False,5005
random,low,short,548,0.23876123876123875,0.15084915084915085,21,-5,-26,True,False,5005
random,low,short,549,0.029970029970029972,0.024975024975024976,21,9,-12,False,False,5005
random,low,short,550,0.18181818181818182,0.12987012987012986,21,-9,-30,True,False,5005
random,low,short,551,0.001998001998001998,0.000999000999000999,21,21,0,False,True,1469
random,low,short,552,0.00999000999000999,0.004995004995004995,21,15,-6,False,False,5005
random,low,short,553,0.17482517482517482,0.12387612387612387,21,-17,-38,True,False,5005
random,low,short,554,0.002997002997002997,0.001998001998001998,21,21,0,False,True,4171
random,low,short,555,0.06293706293706294,0.03996003996003996,21,7,-14,False,False,5005
random,low,short,556,0.13886113886113885,0.09490509490509491,21,-3,-24,True,False,5005
random,low,short,557,0.013986013986013986,0.01098901098901099,21,21,0,False,False,5005
random,low,short,558,0.013986013986013986,0.007992007992007992,21,15,-6,False,False,5005
random,low,short,559,0.2087912087912088,0.14985014985014986,21,-1,-22,True,False,5005
random,low,short,560,0.1068931068931069,0.07392607392607392,21,-5,-26,True,False,5005
random,low,short,561,0.03296703296703297,0.023976023976023976,21,13,-8,False,False,5005
random,low,short,562,0.08491508491508491,0.058941058941058944,21,11,-10,False,False,5005
random,low,short,563,0.007992007992007992,0.004995004995004995,21,21,0,False,True,2367
random,low,short,564,0.08391608391608392,0.057942057942057944,21,7,-14,False,False,5005
random,low,short,565,0.04595404595404595,0.029970029970029972,21,11,-10,False,False,5005
random,low,short,566,0.002997002997002997,0.000999000999000999,21,21,0,False,True,2099
random,low,short,567,0.1998001998001998,0.14085914085914086,21,-19,-40,True,False,5005
random,low,short,568,0.057942057942057944,0.04695304695304695,21,13,-8,False,False,5005
random,low,short,569,0.002997002997002997,0.000999000999000999,21,21,0,False,True,1691
random,low,short,570,0.002997002997002997,0.001998001998001998,21,19,-2,False,True,879
random,low,short,571,0.15684315684315683,0.0989010989010989,21,-7,-28,True,False,5005
random,low,short,572,0.013986013986013986,0.006993006993006993,21,17,-4,False,False,5005
random,low,short,573,0.2007992007992008,0.15384615384615385,21,-19,-40,True,False,5005
random,low,short,574,0.25574425574425574,0.17382617382617382,21,-11,-32,True,False,5005
random,low,short,575,0.11288711288711288,0.07992007992007992,21,1,-20,False,False,5005
random,low,short,576,0.003996003996003996,0.002997002997002997,21,21,0,False,True,1033
random,low,short,577,0.028971028971028972,0.01998001998001998,21,19,-2,False,False,5005
random,low,short,578,0.24975024975024976,0.1798201798201798,21,-35,-56,True,False,5005
random,low,short,579,0.07092907092907093,0.057942057942057944,21,3,-18,False,False,5005
random,low,short,580,0.15184815184815184,0.1088911088911089,21,-21,-42,True,False,5005
random,low,short,581,0.06993006993006994,0.04795204795204795,21,9,-12,False,False,5005
random,low,short,582,0.23676323676323677,0.15384615384615385,21,-11,-32,True,False,5005
random,low,short,583,0.07092907092907093,0.055944055944055944,21,5,-16,False,False,5005
random,low,short,584,0.1958041958041958,0.13486513486513488,21,-15,-36,True,False,5005
random,low,short,585,0.06293706293706294,0.04295704295704296,21,7,-14,False,False,5005
random,low,short,586,0.001998001998001998,0.000999000999000999,21,19,-2,False,True,1752
random,low,short,587,0.13386613386613386,0.09090909090909091,21,1,-20,False,False,5005
random,low,short,588,0.001998001998001998,0.001998001998001998,21,21,0,False,True,585
random,low,short,589,0.11388611388611389,0.07992007992007992,21,9,-12,False,False,5005
random,low,short,590,0.22477522477522477,0.15984015984015984,21,-17,-38,True,False,5005
random,low,short,591,0.08391608391608392,0.057942057942057944,21,1,-20,False,False,5005
random,low,short,592,0.25574425574425574,0.1928071928071928,21,-25,-46,True,False,5005
random,low,short,593,0.001998001998001998,0.001998001998001998,21,21,0,False,True,25
random,low,short,594,0.13386613386613386,0.0959040959040959,21,13,-8,False,False,5005
random,low,short,595,0.002997002997002997,0.001998001998001998,21,19,-2,False,True,1491
random,low,short,596,0.006993006993006993,0.002997002997002997,21,21,0,False,True,3236
random,low,short,597,0.002997002997002997,0.001998001998001998,21,21,0,False,True,947
random,low,short,598,0.01098901098901099,0.005994005994005994,21,19,-2,False,True,4100
random,low,short,599,0.04495504495504495,0.030969030969030968,21,17,-4,False,False,5005
random,low,short,600,0.061938061938061936,0.04595404595404595,21,11,-10,False,False,5005
random,low,short,601,0.1928071928071928,0.13386613386613386,21,-7,-28,True,False,5005
random,low,short,602,0.23976023976023977,0.17682317682317683,21,-17,-38,True,False,5005
random,low,short,603,0.16883116883116883,0.11988011988011989,21,-3,-24,True,False,5005
random,low,short,604,0.001998001998001998,0.000999000999000999,21,21,0,False,True,750
random,low,short,605,0.26073926073926074,0.18281718281718282,21,-29,-50,True,False,5005
random,low,short,606,0.04795204795204795,0.03196803196803197,21,13,-8,False,False,5005
random,low,short,607,0.12987012987012986,0.0919080919080919,21,-5,-26,True,False,5005
random,low,short,608,0.03496503496503497,0.024975024975024976,21,13,-8,False,False,5005
random,low,short,609,0.16383616383616384,0.11488511488511488,21,-17,-38,True,False,5005
random,low,short,610,0.22677322677322678,0.16183816183816183,21,-33,-54,True,False,5005
random,low,short,611,0.17682317682317683,0.11988011988011989,21,-13,-34,True,False,5005
random,low,short,612,0.15884115884115885,0.1048951048951049,21,-17,-38,True,False,5005
random,low,short,613,0.02097902097902098,0.015984015984015984,21,17,-4,False,False,5005
random,low,short,614,0.004995004995004995,0.000999000999000999,21,21,0,False,True,1774
random,low,short,615,0.15884115884115885,0.11188811188811189,21,-15,-36,True,False,5005
random,low,short,616,0.22377622377622378,0.14785214785214784,21,-13,-34,True,False,5005
random,low,short,617,0.00999000999000999,0.005994005994005994,21,19,-2,False,False,5005
random,low,short,618,0.003996003996003996,0.002997002997002997,21,21,0,False,True,1141
random,low,short,619,0.22677322677322678,0.16483516483516483,21,-21,-42,True,False,5005
random,low,short,620,0.15784215784215785,0.10989010989010989,21,5,-16,False,False,5005
random,low,short,621,0.3176823176823177,0.22677322677322678,21,-21,-42,True,False,5005
random,low,short,622,0.006993006993006993,0.002997002997002997,21,21,0,False,True,4974
random,low,short,623,0.02197802197802198,0.012987012987012988,21,19,-2,False,False,5005
random,low,short,624,0.14785214785214784,0.0959040959040959,21,5,-16,False,False,5005
random,low,short,625,0.11388611388611389,0.07792207792207792,21,3,-18,False,False,5005
random,low,short,626,0.17382617382617382,0.12287712287712288,21,-7,-28,True,False,5005
random,low,short,627,0.14685314685314685,0.1018981018981019,21,-11,-32,True,False,5005
random,low,short,628,0.2647352647352647,0.18681318681318682,21,-33,-54,True,False,5005
random,low,short,629,0.001998001998001998,0.000999000999000999,21,21,0,False,True,877
random,low,short,630,0.03296703296703297,0.024975024975024976,21,17,-4,False,False,5005
random,low,short,631,0.05194805194805195,0.03596403596403597,21,11,-10,False,False,5005
random,low,short,632,0.1878121878121878,0.13386613386613386,21,3,-18,False,False,5005
random,low,short,633,0.11488511488511488,0.07592407592407592,21,-1,-22,True,False,5005
random,low,short,634,0.04895104895104895,0.03296703296703297,21,21,0,False,False,5005
random,low,short,635,0.07292707292707293,0.05194805194805195,21,9,-12,False,False,5005
random,low,short,636,0.29270729270729273,0.2047952047952048,21,-37,-58,True,False,5005
random,low,short,637,0.18981018981018982,0.12787212787212787,21,-25,-46,True,False,5005
random,low,short,638,0.004995004995004995,0.002997002997002997,21,21,0,False,False,5005
random,low,short,639,0.053946053946053944,0.04395604395604396,21,19,-2,False,False,5005
random,low,short,640,0.10789210789210789,0.07692307692307693,21,-3,-24,True,False,5005
random,low,short,641,0.006993006993006993,0.002997002997002997,21,21,0,False,True,1723
random,low,short,642,0.001998001998001998,0.000999000999000999,21,21,0,False,True,1677
random,low,short,643,0.0979020979020979,0.06793206793206794,21,-17,-38,True,False,5005
random,low,short,644,0.12987012987012986,0.09290709290709291,21,7,-14,False,False,5005
random,low,short,645,0.08391608391608392,0.060939060939060936,21,11,-10,False,False,5005
random,low,short,646,0.04695304695304695,0.029970029970029972,21,7,-14,False,False,5005
random,low,short,647,0.06393606393606394,0.04495504495504495,21,9,-12,False,False,5005
random,low,short,648,0.053946053946053944,0.03996003996003996,21,15,-6,False,False,5005
random,low,short,649,0.06593406593406594,0.04395604395604396,21,1,-20,False,False,5005
random,low,short,650,0.04595404595404595,0.03296703296703297,21,11,-10,False,False,5005
random,low,short,651,0.007992007992007992,0.005994005994005994,21,19,-2,False,False,5005
random,low,short,652,0.0959040959040959,0.061938061938061936,21,7,-14,False,False,5005
random,low,short,653,0.15084915084915085,0.1088911088911089,21,-1,-22,True,False,5005
random,low,short,654,0.10989010989010989,0.07292707292707293,21,5,-16,False,False,5005
random,low,short,655,0.14485514485514486,0.10789210789210789,21,-5,-26,True,False,5005
random,low,short,656,0.16283716283716285,0.11388611388611389,21,-5,-26,True,False,5005
random,low,short,657,0.002997002997002997,0.001998001998001998,21,21,0,False,True,590
random,low,short,658,0.08591408591408592,0.055944055944055944,21,3,-18,False,False,5005
random,low,short,659,0.08591408591408592,0.06693306693306693,21,7,-14,False,False,5005
random,low,short,660,0.18081918081918083,0.12287712287712288,21,-5,-26,True,False,5005
random,low,short,661,0.3206793206793207,0.23576423576423577,21,-39,-60,True,False,5005
random,low,short,662,0.2007992007992008,0.13586413586413587,21,-21,-42,True,False,5005
random,low,short,663,0.03596403596403597,0.027972027972027972,21,15,-6,False,False,5005
random,low,short,664,0.026973026973026972,0.016983016983016984,21,19,-2,False,False,5005
random,low,short,665,0.008991008991008992,0.004995004995004995,21,21,0,False,True,3161
random,low,short,666,0.06993006993006994,0.05094905094905095,21,7,-14,False,False,5005
random,low,short,667,0.06993006993006994,0.04795204795204795,21,13,-8,False,False,5005
random,low,short,668,0.34565434565434566,0.23776223776223776,21,-41,-62,True,False,5005
random,low,short,669,0.026973026973026972,0.01998001998001998,21,11,-10,False,False,5005
random,low,short,670,0.004995004995004995,0.001998001998001998,21,19,-2,False,True,2261
random,low,short,671,0.014985014985014986,0.007992007992007992,21,15,-6,False,True,4852
random,low,short,672,0.004995004995004995,0.000999000999000999,21,21,0,False,True,1525
random,low,short,673,0.06393606393606394,0.03996003996003996,21,7,-14,False,False,5005
random,low,short,674,0.24875124875124874,0.17782217782217782,21,-27,-48,True,False,5005
random,low,short,675,0.16383616383616384,0.11588411588411589,21,-11,-32,True,False,5005
random,low,short,676,0.2127872127872128,0.15284715284715283,21,-25,-46,True,False,5005
random,low,short,677,0.3076923076923077,0.21578421578421578,21,-17,-38,True,False,5005
random,low,short,678,0.06293706293706294,0.04395604395604396,21,5,-16,False,False,5005
random,low,short,679,0.2777222777222777,0.2037962037962038,21,-17,-38,True,False,5005
random,low,short,680,0.23276723276723277,0.16883116883116883,21,-17,-38,True,False,5005
random,low,short,681,0.001998001998001998,0.000999000999000999,21,21,0,False,True,1586
random,low,short,682,0.1258741258741259,0.08591408591408592,21,-9,-30,True,False,5005
random,low,short,683,0.004995004995004995,0.000999000999000999,21,21,0,False,True,2497
random,low,short,684,0.001998001998001998,0.000999000999000999,21,21,0,False,True,681
random,low,short,685,0.12787212787212787,0.09290709290709291,21,-1,-22,True,False,5005
random,low,short,686,0.11988011988011989,0.08591408591408592,21,-11,-32,True,False,5005
random,low,short,687,0.052947052947052944,0.03196803196803197,21,13,-8,False,False,5005
random,low,short,688,0.08191808191808192,0.061938061938061936,21,7,-14,False,False,5005
random,low,short,689,0.10789210789210789,0.06693306693306693,21,-5,-26,True,False,5005
random,low,short,690,0.06893106893106893,0.04195804195804196,21,13,-8,False,False,5005
random,low,short,691,0.005994005994005994,0.003996003996003996,21,19,-2,False,True,1497
random,low,short,692,0.001998001998001998,0.000999000999000999,21,21,0,False,True,3079
random,low,short,693,0.04195804195804196,0.03196803196803197,21,15,-6,False,False,5005
random,low,short,694,0.03696303696303696,0.028971028971028972,21,13,-8,False,False,5005
random,low,short,695,0.029970029970029972,0.02197802197802198,21,13,-8,False,False,5005
random,low,short,696,0.04795204795204795,0.03396603396603397,21,17,-4,False,False,5005
random,low,short,697,0.001998001998001998,0.001998001998001998,21,21,0,False,True,1032
random,low,short,698,0.025974025974025976,0.016983016983016984,21,21,0,False,False,5005
random,low,short,699,0.03796203796203796,0.022977022977022976,21,9,-12,False,False,5005
random,low,short,700,0.006993006993006993,0.003996003996003996,21,21,0,False,True,2589
random,low,short,701,0.2857142857142857,0.2047952047952048,21,-25,-46,True,False,5005
random,low,short,702,0.004995004995004995,0.002997002997002997,21,19,-2,False,True,4555
random,low,short,703,0.014985014985014986,0.00999000999000999,21,21,0,False,False,5005
random,low,short,704,0.25574425574425574,0.17482517482517482,21,-27,-48,True,False,5005
random,low,short,705,0.1968031968031968,0.13686313686313686,21,-19,-40,True,False,5005
random,low,short,706,0.04595404595404595,0.029970029970029972,21,13,-8,False,False,5005
random,low,short,707,0.001998001998001998,0.001998001998001998,21,21,0,False,True,122
random,low,short,708,0.14385614385614387,0.0939060939060939,21,7,-14,False,False,5005
random,low,short,709,0.16583416583416583,0.11188811188811189,21,-19,-40,True,False,5005
random,low,short,710,0.001998001998001998,0.000999000999000999,21,21,0,False,True,1514
random,low,short,711,0.34865134865134867,0.23976023976023977,21,-31,-52,True,False,5005
random,low,short,712,0.001998001998001998,0.000999000999000999,21,21,0,False,True,222
random,low,short,713,0.2967032967032967,0.21178821178821178,21,-39,-60,True,False,5005
random,low,short,714,0.06693306693306693,0.04695304695304695,21,11,-10,False,False,5005
random,low,short,715,0.09290709290709291,0.06793206793206794,21,5,-16,False,False,5005
random,low,short,716,0.31868131868131866,0.24675324675324675,21,-33,-54,True,False,5005
random,low,short,717,0.007992007992007992,0.004995004995004995,21,19,-2,False,False,5005
random,low,short,718,0.2097902097902098,0.15584415584415584,21,-25,-46,True,False,5005
random,low,short,719,0.002997002997002997,0.001998001998001998,21,19,-2,False,True,1086
random,low,short,720,0.061938061938061936,0.04295704295704296,21,5,-16,False,False,5005
random,low,short,721,0.23176823176823177,0.16583416583416583,21,-25,-46,True,False,5005
random,low,short,722,0.001998001998001998,0.001998001998001998,21,21,0,False,True,1699
random,low,short,723,0.20279720279720279,0.13586413586413587,21,-5,-26,True,False,5005
random,low,short,724,0.11688311688311688,0.06993006993006994,21,1,-20,False,False,5005
random,low,short,725,0.14885114885114886,0.1048951048951049,21,-7,-28,True,False,5005
random,low,short,726,0.001998001998001998,0.000999000999000999,21,21,0,False,True,1181
random,low,short,727,0.002997002997002997,0.001998001998001998,21,19,-2,False,True,1006
random,low,short,728,0.2007992007992008,0.15184815184815184,21,-27,-48,True,False,5005
random,low,short,729,0.16883116883116883,0.11588411588411589,21,5,-16,False,False,5005
random,low,short,730,0.1918081918081918,0.12387612387612387,21,-11,-32,True,False,5005
random,low,short,731,0.08591408591408592,0.059940059940059943,21,7,-14,False,False,5005
random,low,short,732,0.11688311688311688,0.07992007992007992,21,3,-18,False,False,5005
random,low,short,733,0.030969030969030968,0.02197802197802198,21,11,-10,False,False,5005
random,low,short,734,0.011988011988011988,0.007992007992007992,21,19,-2,False,False,5005
random,low,short,735,0.03296703296703297,0.023976023976023976,21,11,-10,False,False,5005
random,low,short,736,0.3276723276723277,0.23776223776223776,21,-33,-54,True,False,5005
random,low,short,737,0.2217782217782218,0.14585414585414586,21,-11,-32,True,False,5005
random,low,short,738,0.2127872127872128,0.15684315684315683,21,-19,-40,True,False,5005
random,low,short,739,0.3026973026973027,0.22777222777222778,21,-31,-52,True,False,5005
random,low,short,740,0.25774225774225773,0.17782217782217782,21,-19,-40,True,False,5005
random,low,short,741,0.003996003996003996,0.001998001998001998,21,19,-2,False,True,1049
random,low,short,742,0.03296703296703297,0.02097902097902098,21,17,-4,False,False,5005
random,low,short,743,0.003996003996003996,0.002997002997002997,21,21,0,False,True,2557
random,low,short,744,0.008991008991008992,0.008991008991008992,21,19,-2,False,False,5005
random,low,short,745,0.02197802197802198,0.008991008991008992,21,17,-4,False,False,5005
random,low,short,746,0.2127872127872128,0.16583416583416583,21,-25,-46,True,False,5005
random,low,short,747,0.19480519480519481,0.13586413586413587,21,-13,-34,True,False,5005
random,low,short,748,0.08091908091908091,0.054945054945054944,21,5,-16,False,False,5005
random,low,short,749,0.004995004995004995,0.001998001998001998,21,21,0,False,True,3885
random,low,short,750,0.12287712287712288,0.07992007992007992,21,3,-18,False,False,5005
random,low,short,751,0.012987012987012988,0.008991008991008992,21,17,-4,False,False,5005
random,low,short,752,0.001998001998001998,0.001998001998001998,21,21,0,False,True,1601
random,low,short,753,0.08891108891108891,0.06293706293706294,21,9,-12,False,False,5005
random,low,short,754,0.022977022977022976,0.014985014985014986,21,19,-2,False,False,5005
random,low,short,755,0.04695304695304695,0.027972027972027972,21,17,-4,False,False,5005
random,low,short,756,0.21078921078921078,0.15584415584415584,21,-21,-42,True,False,5005
random,low,short,757,0.14285714285714285,0.0979020979020979,21,1,-20,False,False,5005
random,low,short,758,0.17282717282717283,0.11988011988011989,21,-13,-34,True,False,5005
random,low,short,759,0.04595404595404595,0.03296703296703297,21,13,-8,False,False,5005
random,low,short,760,0.001998001998001998,0.000999000999000999,21,21,0,False,True,1547
random,low,short,761,0.004995004995004995,0.002997002997002997,21,21,0,False,True,2680
random,low,short,762,0.15584415584415584,0.1018981018981019,21,-9,-30,True,False,5005
random,low,short,763,0.22777222777222778,0.15384615384615385,21,-21,-42,True,False,5005
random,low,short,764,0.15684315684315683,0.11288711288711288,21,-17,-38,True,False,5005
random,low,short,765,0.015984015984015984,0.008991008991008992,21,19,-2,False,False,5005
random,low,short,766,0.2517482517482518,0.17682317682317683,21,-21,-42,True,False,5005
random,low,short,767,0.09490509490509491,0.06293706293706294,21,7,-14,False,False,5005
random,low,short,768,0.001998001998001998,0.001998001998001998,21,19,-2,False,True,395
random,low,short,769,0.004995004995004995,0.000999000999000999,21,21,0,False,True,1924
random,low,short,770,0.19480519480519481,0.12387612387612387,21,-19,-40,True,False,5005
random,low,short,771,0.14285714285714285,0.0979020979020979,21,-9,-30,True,False,5005
random,low,short,772,0.002997002997002997,0.000999000999000999,21,21,0,False,True,3459
random,low,short,773,0.003996003996003996,0.001998001998001998,21,21,0,False,True,281
random,low,short,774,0.1028971028971029,0.06793206793206794,21,11,-10,False,False,5005
random,low,short,775,0.026973026973026972,0.01998001998001998,21,19,-2,False,False,5005
random,low,short,776,0.15184815184815184,0.10989010989010989,21,-1,-22,True,False,5005
random,low,short,777,0.029970029970029972,0.01998001998001998,21,17,-4,False,False,5005
random,low,short,778,0.011988011988011988,0.006993006993006993,21,21,0,False,True,2203
random,low,short,779,0.08591408591408592,0.06293706293706294,21,1,-20,False,False,5005
random,low,short,780,0.1848151848151848,0.13186813186813187,21,-17,-38,True,False,5005
random,low,short,781,0.1888111888111888,0.13586413586413587,21,-13,-34,True,False,5005
random,low,short,782,0.003996003996003996,0.001998001998001998,21,21,0,False,True,1861
random,low,short,783,0.04695304695304695,0.030969030969030968,21,9,-12,False,False,5005
random,low,short,784,0.1978021978021978,0.14685314685314685,21,-15,-36,True,False,5005
random,low,short,785,0.028971028971028972,0.017982017982017984,21,15,-6,False,False,5005
random,low,short,786,0.1038961038961039,0.07692307692307693,21,5,-16,False,False,5005
random,low,short,787,0.2807192807192807,0.1928071928071928,21,-27,-48,True,False,5005
random,low,short,788,0.0979020979020979,0.07492507492507493,21,-1,-22,True,False,5005
random,low,short,789,0.07392607392607392,0.05194805194805195,21,5,-16,False,False,5005
random,low,short,790,0.36363636363636365,0.2627372627372627,21,-41,-62,True,False,5005
random,low,short,791,0.053946053946053944,0.03896103896103896,21,13,-8,False,False,5005
random,low,short,792,0.0969030969030969,0.06993006993006994,21,-1,-22,True,False,5005
random,low,short,793,0.02197802197802198,0.011988011988011988,21,15,-6,False,False,5005
random,low,short,794,0.001998001998001998,0.001998001998001998,21,21,0,False,True,472
random,low,short,795,0.3786213786213786,0.2867132867132867,21,-65,-86,True,False,5005
random,low,short,796,0.016983016983016984,0.01098901098901099,21,19,-2,False,False,5005
random,low,short,797,0.11288711288711288,0.08691308691308691,21,-9,-30,True,False,5005
random,low,short,798,0.17582417582417584,0.11488511488511488,21,-7,-28,True,False,5005
random,low,short,799,0.1008991008991009,0.07492507492507493,21,5,-16,False,False,5005
random,low,short,800,0.06693306693306693,0.04695304695304695,21,7,-14,False,False,5005
random,low,short,801,0.026973026973026972,0.014985014985014986,21,17,-4,False,False,5005
random,low,short,802,0.029970029970029972,0.022977022977022976,21,13,-8,False,False,5005
random,low,short,803,0.16983016983016982,0.11988011988011989,21,1,-20,False,False,5005
random,low,short,804,0.24575424575424576,0.17182817182817184,21,-37,-58,True,False,5005
random,low,short,805,0.22877122877122877,0.17482517482517482,21,-17,-38,True,False,5005
random,low,short,806,0.008991008991008992,0.004995004995004995,21,19,-2,False,True,4438
random,low,short,807,0.026973026973026972,0.014985014985014986,21,15,-6,False,False,5005
random,low,short,808,0.27172827172827174,0.1938061938061938,21,-35,-56,True,False,5005
random,low,short,809,0.001998001998001998,0.001998001998001998,21,19,-2,False,True,238
random,low,short,810,0.04195804195804196,0.029970029970029972,21,15,-6,False,False,5005
random,low,short,811,0.14785214785214784,0.1068931068931069,21,-5,-26,True,False,5005
random,low,short,812,0.1028971028971029,0.07492507492507493,21,-1,-22,True,False,5005
random,low,short,813,0.001998001998001998,0.000999000999000999,21,21,0,False,True,495
random,low,short,814,0.24275724275724275,0.16383616383616384,21,-23,-44,True,False,5005
random,low,short,815,0.001998001998001998,0.001998001998001998,21,21,0,False,True,889
random,low,short,816,0.004995004995004995,0.003996003996003996,21,21,0,False,True,3103
random,low,short,817,0.16983016983016982,0.1258741258741259,21,-13,-34,True,False,5005
random,low,short,818,0.1018981018981019,0.06293706293706294,21,7,-14,False,False,5005
random,low,short,819,0.002997002997002997,0.000999000999000999,21,21,0,False,False,5005
random,low,short,820,0.1838161838161838,0.13686313686313686,21,-25,-46,True,False,5005
random,low,short,821,0.06993006993006994,0.04395604395604396,21,7,-14,False,False,5005
random,low,short,822,0.07392607392607392,0.04995004995004995,21,7,-14,False,False,5005
random,low,short,823,0.061938061938061936,0.04195804195804196,21,3,-18,False,False,5005
random,low,short,824,0.001998001998001998,0.000999000999000999,21,21,0,False,True,3184
random,low,short,825,0.03196803196803197,0.022977022977022976,21,21,0,False,False,5005
random,low,short,826,0.14185814185814186,0.0979020979020979,21,-9,-30,True,False,5005
random,low,short,827,0.16883116883116883,0.12487512487512488,21,-25,-46,True,False,5005
random,low,short,828,0.1878121878121878,0.13386613386613386,21,-7,-28,True,False,5005
random,low,short,829,0.030969030969030968,0.025974025974025976,21,13,-8,False,False,5005
random,low,short,830,0.14085914085914086,0.0959040959040959,21,7,-14,False,False,5005
random,low,short,831,0.11188811188811189,0.06793206793206794,21,-1,-22,True,False,5005
random,low,short,832,0.12087912087912088,0.08191808191808192,21,9,-12,False,False,5005
random,low,short,833,0.08191808191808192,0.060939060939060936,21,9,-12,False,False,5005
random,low,short,834,0.002997002997002997,0.000999000999000999,21,21,0,False,True,2504
random,low,short,835,0.2047952047952048,0.15484515484515485,21,-17,-38,True,False,5005
random,low,short,836,0.11188811188811189,0.0899100899100899,21,7,-14,False,False,5005
random,low,short,837,0.35364635364635366,0.26373626373626374,21,-45,-66,True,False,5005
random,low,short,838,0.002997002997002997,0.002997002997002997,21,21,0,False,False,5005
random,low,short,839,0.003996003996003996,0.002997002997002997,21,17,-4,False,True,1624
random,low,short,840,0.001998001998001998,0.000999000999000999,21,21,0,False,True,961
random,low,short,841,0.028971028971028972,0.01898101898101898,21,19,-2,False,False,5005
random,low,short,842,0.012987012987012988,0.00999000999000999,21,17,-4,False,False,5005
random,low,short,843,0.07292707292707293,0.04595404595404595,21,-3,-24,True,False,5005
random,low,short,844,0.13386613386613386,0.0939060939060939,21,-5,-26,True,False,5005
random,low,short,845,0.001998001998001998,0.001998001998001998,21,21,0,False,True,926
random,low,short,846,0.23776223776223776,0.17482517482517482,21,-19,-40,True,False,5005
random,low,short,847,0.2917082917082917,0.21578421578421578,21,-25,-46,True,False,5005
random,low,short,848,0.15684315684315683,0.1068931068931069,21,-1,-22,True,False,5005
random,low,short,849,0.029970029970029972,0.01898101898101898,21,21,0,False,False,5005
random,low,short,850,0.052947052947052944,0.03696303696303696,21,15,-6,False,False,5005
random,low,short,851,0.08491508491508491,0.06293706293706294,21,-5,-26,True,False,5005
random,low,short,852,0.013986013986013986,0.008991008991008992,21,21,0,False,False,5005
random,low,short,853,0.08891108891108891,0.057942057942057944,21,5,-16,False,False,5005
random,low,short,854,0.1018981018981019,0.07692307692307693,21,1,-20,False,False,5005
random,low,short,855,0.32967032967032966,0.23776223776223776,21,-27,-48,True,False,5005
random,low,short,856,0.25774225774225773,0.1798201798201798,21,-23,-44,True,False,5005
random,low,short,857,0.001998001998001998,0.000999000999000999,21,21,0,False,True,432
random,low,short,858,0.15984015984015984,0.11688311688311688,21,-5,-26,True,False,5005
random,low,short,859,0.2677322677322677,0.17682317682317683,21,-25,-46,True,False,5005
random,low,short,860,0.001998001998001998,0.001998001998001998,21,21,0,False,True,946
random,low,short,861,0.003996003996003996,0.003996003996003996,21,19,-2,False,True,631
random,low,short,862,0.08591408591408592,0.058941058941058944,21,3,-18,False,False,5005
random,low,short,863,0.006993006993006993,0.001998001998001998,21,21,0,False,True,2104
random,low,short,864,0.28771228771228774,0.2077922077922078,21,-37,-58,True,False,5005
random,low,short,865,0.0919080919080919,0.07092907092907093,21,9,-12,False,False,5005
random,low,short,866,0.001998001998001998,0.000999000999000999,21,21,0,False,True,589
random,low,short,867,0.06793206793206794,0.05194805194805195,21,11,-10,False,False,5005
random,low,short,868,0.03296703296703297,0.022977022977022976,21,9,-12,False,False,5005
random,low,short,869,0.001998001998001998,0.000999000999000999,21,21,0,False,True,770
random,low,short,870,0.12887112887112886,0.08691308691308691,21,-1,-22,True,False,5005
random,low,short,871,0.08391608391608392,0.061938061938061936,21,-1,-22,True,False,5005
random,low,short,872,0.001998001998001998,0.000999000999000999,21,21,0,False,True,1929
random,low,short,873,0.04295704295704296,0.029970029970029972,21,13,-8,False,False,5005
random,low,short,874,0.07192807192807193,0.04395604395604396,21,9,-12,False,False,5005
random,low,short,875,0.001998001998001998,0.001998001998001998,21,21,0,False,True,654
random,low,short,876,0.13486513486513488,0.0989010989010989,21,-7,-28,True,False,5005
random,low,short,877,0.007992007992007992,0.003996003996003996,21,21,0,False,False,5005
random,low,short,878,0.09490509490509491,0.07192807192807193,21,3,-18,False,False,5005
random,low,short,879,0.14985014985014986,0.10989010989010989,21,-11,-32,True,False,5005
random,low,short,880,0.11188811188811189,0.06393606393606394,21,-1,-22,True,False,5005
random,low,short,881,0.1108891108891109,0.08391608391608392,21,5,-16,False,False,5005
random,low,short,882,0.16183816183816183,0.11388611388611389,21,5,-16,False,False,5005
random,low,short,883,0.24775224775224775,0.1848151848151848,21,-15,-36,True,False,5005
random,low,short,884,0.1258741258741259,0.09090909090909091,21,-1,-22,True,False,5005
random,low,short,885,0.13386613386613386,0.08391608391608392,21,-5,-26,True,False,5005
random,low,short,886,0.06493506493506493,0.04395604395604396,21,7,-14,False,False,5005
random,low,short,887,0.0989010989010989,0.07492507492507493,21,1,-20,False,False,5005
random,low,short,888,0.002997002997002997,0.000999000999000999,21,21,0,False,True,633
random,low,short,889,0.31368631368631367,0.1958041958041958,21,-33,-54,True,False,5005
random,low,short,890,0.07092907092907093,0.052947052947052944,21,3,-18,False,False,5005
random,low,short,891,0.01098901098901099,0.005994005994005994,21,21,0,False,False,5005
random,low,short,892,0.3966033966033966,0.2857142857142857,21,-33,-54,True,False,5005
random,low,short,893,0.1048951048951049,0.06993006993006994,21,1,-20,False,False,5005
random,low,short,894,0.061938061938061936,0.04395604395604396,21,11,-10,False,False,5005
random,low,short,895,0.17582417582417584,0.12087912087912088,21,-11,-32,True,False,5005
random,low,short,896,0.1998001998001998,0.13786213786213786,21,-5,-26,True,False,5005
random,low,short,897,0.1968031968031968,0.15284715284715283,21,-13,-34,True,False,5005
random,low,short,898,0.14685314685314685,0.1008991008991009,21,7,-14,False,False,5005
random,low,short,899,0.001998001998001998,0.000999000999000999,21,21,0,False,True,1534
random,low,short,900,0.12387612387612387,0.08691308691308691,21,3,-18,False,False,5005
random,low,short,901,0.005994005994005994,0.004995004995004995,21,21,0,False,True,3540
random,low,short,902,0.000999000999000999,0.000999000999000999,21,19,-2,False,False,5005
random,low,short,903,0.0969030969030969,0.07192807192807193,21,3,-18,False,False,5005
random,low,short,904,0.002997002997002997,0.002997002997002997,21,21,0,False,False,5005
random,low,short,905,0.3036963036963037,0.21078921078921078,21,-33,-54,True,False,5005
random,low,short,906,0.17182817182817184,0.1108891108891109,21,-15,-36,True,False,5005
random,low,short,907,0.001998001998001998,0.000999000999000999,21,19,-2,False,False,5005
random,low,short,908,0.25774225774225773,0.1838161838161838,21,-21,-42,True,False,5005
random,low,short,909,0.04395604395604396,0.03296703296703297,21,9,-12,False,False,5005
random,low,short,910,0.06493506493506493,0.04295704295704296,21,15,-6,False,False,5005
random,low,short,911,0.28771228771228774,0.1998001998001998,21,-33,-54,True,False,5005
random,low,short,912,0.19880119880119881,0.13486513486513488,21,-15,-36,True,False,5005
random,low,short,913,0.1838161838161838,0.11788211788211789,21,-7,-28,True,False,5005
random,low,short,914,0.15084915084915085,0.0959040959040959,21,1,-20,False,False,5005
random,low,short,915,0.1878121878121878,0.13286713286713286,21,-13,-34,True,False,5005
random,low,short,916,0.13386613386613386,0.09290709290709291,21,5,-16,False,False,5005
random,low,short,917,0.07592407592407592,0.04795204795204795,21,7,-14,False,False,5005
random,low,short,918,0.0999000999000999,0.07392607392607392,21,7,-14,False,False,5005
random,low,short,919,0.03996003996003996,0.027972027972027972,21,7,-14,False,False,5005
random,low,short,920,0.04095904095904096,0.030969030969030968,21,11,-10,False,False,5005
random,low,short,921,0.002997002997002997,0.000999000999000999,21,21,0,False,True,2002
random,low,short,922,0.002997002997002997,0.002997002997002997,21,21,0,False,True,855
random,low,short,923,0.003996003996003996,0.001998001998001998,21,21,0,False,True,1249
random,low,short,924,0.005994005994005994,0.003996003996003996,21,21,0,False,True,2506
random,low,short,925,0.06393606393606394,0.04395604395604396,21,-1,-22,True,False,5005
random,low,short,926,0.14185814185814186,0.0979020979020979,21,3,-18,False,False,5005
random,low,short,927,0.09090909090909091,0.06293706293706294,21,9,-12,False,False,5005
random,low,short,928,0.04795204795204795,0.03496503496503497,21,13,-8,False,False,5005
random,low,short,929,0.007992007992007992,0.005994005994005994,21,21,0,False,True,1661
random,low,short,930,0.001998001998001998,0.001998001998001998,21,21,0,False,True,1319
random,low,short,931,0.1838161838161838,0.13486513486513488,21,-13,-34,True,False,5005
random,low,short,932,0.3626373626373626,0.25674325674325676,21,-59,-80,True,False,5005
random,low,short,933,0.002997002997002997,0.001998001998001998,21,19,-2,False,True,802
random,low,short,934,0.15384615384615385,0.1038961038961039,21,-3,-24,True,False,5005
random,low,short,935,0.2807192807192807,0.1978021978021978,21,-33,-54,True,False,5005
random,low,short,936,0.053946053946053944,0.03296703296703297,21,11,-10,False,False,5005
random,low,short,937,0.0899100899100899,0.06293706293706294,21,5,-16,False,False,5005
random,low,short,938,0.1918081918081918,0.13986013986013987,21,-13,-34,True,False,5005
random,low,short,939,0.10589410589410589,0.07792207792207792,21,3,-18,False,False,5005
random,low,short,940,0.052947052947052944,0.04095904095904096,21,7,-14,False,False,5005
random,low,short,941,0.012987012987012988,0.006993006993006993,21,17,-4,False,False,5005
random,low,short,942,0.052947052947052944,0.03896103896103896,21,11,-10,False,False,5005
random,low,short,943,0.04695304695304695,0.03596403596403597,21,9,-12,False,False,5005
random,low,short,944,0.007992007992007992,0.006993006993006993,21,19,-2,False,True,1710
random,low,short,945,0.013986013986013986,0.007992007992007992,21,19,-2,False,False,5005
random,low,short,946,0.26073926073926074,0.18181818181818182,21,-31,-52,True,False,5005
random,low,short,947,0.026973026973026972,0.01998001998001998,21,17,-4,False,False,5005
random,low,short,948,0.18181818181818182,0.1258741258741259,21,-7,-28,True,False,5005
random,low,short,949,0.19880119880119881,0.13786213786213786,21,-15,-36,True,False,5005
random,low,short,950,0.016983016983016984,0.011988011988011988,21,17,-4,False,False,5005
random,low,short,951,0.04495504495504495,0.03196803196803197,21,13,-8,False,False,5005
random,low,short,952,0.25074925074925075,0.18681318681318682,21,-29,-50,True,False,5005
random,low,short,953,0.1018981018981019,0.07492507492507493,21,1,-20,False,False,5005
random,low,short,954,0.32167832167832167,0.22277722277722278,21,-25,-46,True,False,5005
random,low,short,955,0.11388611388611389,0.07592407592407592,21,17,-4,False,False,5005
random,low,short,956,0.17782217782217782,0.12687312687312688,21,-11,-32,True,False,5005
random,low,short,957,0.09490509490509491,0.06393606393606394,21,3,-18,False,False,5005
random,low,short,958,0.2777222777222777,0.2087912087912088,21,-49,-70,True,False,5005
random,low,short,959,0.001998001998001998,0.001998001998001998,21,21,0,False,True,1514
random,low,short,960,0.004995004995004995,0.003996003996003996,21,21,0,False,False,5005
random,low,short,961,0.014985014985014986,0.006993006993006993,21,19,-2,False,True,3747
random,low,short,962,0.2997002997002997,0.21678321678321677,21,-31,-52,True,False,5005
random,low,short,963,0.013986013986013986,0.005994005994005994,21,17,-4,False,False,5005
random,low,short,964,0.001998001998001998,0.000999000999000999,21,21,0,False,True,1661
random,low,short,965,0.002997002997002997,0.001998001998001998,21,21,0,False,True,620
random,low,short,966,0.16883116883116883,0.11988011988011989,21,-21,-42,True,False,5005
random,low,short,967,0.22277722277722278,0.14685314685314685,21,-15,-36,True,False,5005
random,low,short,968,0.14985014985014986,0.10789210789210789,21,3,-18,False,False,5005
random,low,short,969,0.05194805194805195,0.03296703296703297,21,15,-6,False,False,5005
random,low,short,970,0.002997002997002997,0.000999000999000999,21,21,0,False,True,2535
random,low,short,971,0.08391608391608392,0.060939060939060936,21,1,-20,False,False,5005
random,low,short,972,0.12087912087912088,0.08691308691308691,21,1,-20,False,False,5005
random,low,short,973,0.2037962037962038,0.13886113886113885,21,-15,-36,True,False,5005
random,low,short,974,0.3156843156843157,0.21178821178821178,21,-39,-60,True,False,5005
random,low,short,975,0.16583416583416583,0.11388611388611389,21,-11,-32,True,False,5005
random,low,short,976,0.07192807192807193,0.054945054945054944,21,7,-14,False,False,5005
random,low,short,977,0.054945054945054944,0.03396603396603397,21,19,-2,False,False,5005
random,low,short,978,0.09290709290709291,0.06293706293706294,21,7,-14,False,False,5005
random,low,short,979,0.012987012987012988,0.007992007992007992,21,19,-2,False,False,5005
random,low,short,980,0.0899100899100899,0.06993006993006994,21,5,-16,False,False,5005
random,low,short,981,0.2727272727272727,0.1928071928071928,21,-17,-38,True,False,5005
random,low,short,982,0.13986013986013987,0.1008991008991009,21,-13,-34,True,False,5005
random,low,short,983,0.002997002997002997,0.000999000999000999,21,21,0,False,True,1085
random,low,short,984,0.03196803196803197,0.02097902097902098,21,13,-8,False,False,5005
random,low,short,985,0.03496503496503497,0.023976023976023976,21,9,-12,False,False,5005
random,low,short,986,0.022977022977022976,0.015984015984015984,21,19,-2,False,False,5005
random,low,short,987,0.001998001998001998,0.000999000999000999,21,21,0,False,True,758
random,low,short,988,0.18281718281718282,0.13586413586413587,21,-21,-42,True,False,5005
random,low,short,989,0.055944055944055944,0.03996003996003996,21,17,-4,False,False,5005
random,low,short,990,0.14985014985014986,0.1018981018981019,21,3,-18,False,False,5005
random,low,short,991,0.1998001998001998,0.13786213786213786,21,-25,-46,True,False,5005
random,low,short,992,0.04295704295704296,0.03296703296703297,21,11,-10,False,False,5005
random,low,short,993,0.002997002997002997,0.000999000999000999,21,21,0,False,True,317
random,low,short,994,0.001998001998001998,0.001998001998001998,21,21,0,False,True,1398
random,low,short,995,0.14285714285714285,0.0989010989010989,21,-3,-24,True,False,5005
random,low,short,996,0.11888111888111888,0.08191808191808192,21,-3,-24,True,False,5005
random,low,short,997,0.06693306693306693,0.04595404595404595,21,9,-12,False,False,5005
random,low,short,998,0.06893106893106893,0.057942057942057944,21,9,-12,False,False,5005
random,low,short,999,0.001998001998001998,0.000999000999000999,21,19,-2,False,True,1060
random,low,long,0,0.5194805194805194,0.3626373626373626,21,-91,-112,True,True,19007
random,low,long,1,0.4355644355644356,0.29270729270729273,21,-37,-58,True,False,20020
random,low,long,2,0.5714285714285714,0.41358641358641357,21,-97,-118,True,True,14510
random,low,long,3,0.4975024975024975,0.34965034965034963,21,-59,-80,True,True,13094
random,low,long,4,0.45454545454545453,0.32367632367632365,21,-65,-86,True,True,17045
random,low,long,5,0.5494505494505495,0.3956043956043956,21,-79,-100,True,True,14262
random,low,long,6,0.5024975024975025,0.36563436563436563,21,-73,-94,True,True,17507
random,low,long,7,0.43656343656343655,0.3006993006993007,21,-47,-68,True,False,20020
random,low,long,8,0.001998001998001998,0.001998001998001998,21,21,0,False,True,589
random,low,long,9,0.5044955044955045,0.3336663336663337,21,-63,-84,True,False,20020
random,low,long,10,0.002997002997002997,0.001998001998001998,21,19,-2,False,True,775
random,low,long,11,0.45254745254745254,0.29270729270729273,21,-63,-84,True,True,14882
random,low,long,12,0.5434565434565435,0.3856143856143856,21,-83,-104,True,True,13844
random,low,long,13,0.4405594405594406,0.2957042957042957,21,-57,-78,True,False,20020
random,low,long,14,0.001998001998001998,0.001998001998001998,21,19,-2,False,True,291
random,low,long,15,0.4785214785214785,0.33266733266733267,21,-57,-78,True,True,16183
random,low,long,16,0.4995004995004995,0.35764235764235763,21,-83,-104,True,False,20020
random,low,long,17,0.47352647352647353,0.33466533466533466,21,-61,-82,True,True,14192
random,low,long,18,0.5684315684315684,0.4095904095904096,21,-95,-116,True,True,19144
random,low,long,19,0.002997002997002997,0.001998001998001998,21,21,0,False,True,789
random,low,long,20,0.43956043956043955,0.2897102897102897,21,-37,-58,True,False,20020
random,low,long,21,0.4945054945054945,0.3516483516483517,21,-59,-80,True,True,14301
random,low,long,22,0.5114885114885115,0.38461538461538464,21,-75,-96,True,False,20020
random,low,long,23,0.5784215784215784,0.42657342657342656,21,-85,-106,True,True,14531
random,low,long,24,0.48151848151848153,0.3436563436563437,21,-77,-98,True,True,18086
random,low,long,25,0.001998001998001998,0.001998001998001998,21,19,-2,False,True,462
random,low,long,26,0.007992007992007992,0.002997002997002997,21,19,-2,False,True,3379
random,low,long,27,0.001998001998001998,0.000999000999000999,21,21,0,False,True,534
random,low,long,28,0.5564435564435565,0.4025974025974026,21,-93,-114,True,True,14934
random,low,long,29,0.43756243756243757,0.3046953046953047,21,-59,-80,True,True,13350
random,low,long,30,0.5394605394605395,0.36063936063936064,21,-91,-112,True,True,17436
random,low,long,31,0.5504495504495505,0.3856143856143856,21,-89,-110,True,True,17996
random,low,long,32,0.5394605394605395,0.37462537462537465,21,-75,-96,True,True,15841
random,low,long,33,0.001998001998001998,0.000999000999000999,21,21,0,False,True,558
random,low,long,34,0.4175824175824176,0.2807192807192807,21,-57,-78,True,True,17653
random,low,long,35,0.4695304695304695,0.33166833166833165,21,-63,-84,True,True,17892
random,low,long,36,0.5784215784215784,0.4195804195804196,21,-99,-120,True,True,16570
random,low,long,37,0.5254745254745254,0.36663336663336665,21,-85,-106,True,True,15567
random,low,long,38,0.4925074925074925,0.35864135864135865,21,-77,-98,True,True,19547
random,low,long,39,0.45754245754245754,0.32167832167832167,21,-73,-94,True,True,16088
random,low,long,40,0.001998001998001998,0.000999000999000999,21,19,-2,False,True,470
random,low,long,41,0.4935064935064935,0.34965034965034963,21,-69,-90,True,False,20020
random,low,long,42,0.004995004995004995,0.001998001998001998,21,19,-2,False,True,1675
random,low,long,43,0.4955044955044955,0.33966033966033965,21,-41,-62,True,True,16900
random,low,long,44,0.001998001998001998,0.001998001998001998,21,21,0,False,True,1210
random,low,long,45,0.4515484515484515,0.3126873126873127,21,-53,-74,True,True,13456
random,low,long,46,0.4885114885114885,0.32667332667332666,21,-51,-72,True,True,13600
random,low,long,47,0.007992007992007992,0.003996003996003996,21,21,0,False,True,8635
random,low,long,48,0.4975024975024975,0.34865134865134867,21,-65,-86,True,True,16098
random,low,long,49,0.5384615384615384,0.37962037962037964,21,-53,-74,True,True,18173
random,low,long,50,0.4695304695304695,0.3146853146853147,21,-67,-88,True,True,13910
random,low,long,51,0.48151848151848153,0.34065934065934067,21,-51,-72,True,True,16754
random,low,long,52,0.4645354645354645,0.31368631368631367,21,-59,-80,True,True,13096
random,low,long,53,0.5054945054945055,0.3516483516483517,21,-65,-86,True,True,19689
random,low,long,54,0.5494505494505495,0.3986013986013986,21,-73,-94,True,True,17809
random,low,long,55,0.5434565434565435,0.36363636363636365,21,-87,-108,True,False,20020
random,low,long,56,0.5204795204795205,0.36363636363636365,21,-93,-114,True,True,15785
random,low,long,57,0.4775224775224775,0.3246753246753247,21,-81,-102,True,True,19451
random,low,long,58,0.5444555444555444,0.4005994005994006,21,-89,-110,True,True,15328
random,low,long,59,0.48951048951048953,0.34565434565434566,21,-63,-84,True,True,19883
random,low,long,60,0.47352647352647353,0.3116883116883117,21,-53,-74,True,False,20020
random,low,long,61,0.5114885114885115,0.37162837162837165,21,-73,-94,True,True,16879
random,low,long,62,0.4925074925074925,0.34265734265734266,21,-59,-80,True,True,18293
random,low,long,63,0.5044955044955045,0.35864135864135865,21,-49,-70,True,True,17888
random,low,long,64,0.4955044955044955,0.34865134865134867,21,-53,-74,True,True,15814
random,low,long,65,0.001998001998001998,0.001998001998001998,21,21,0,False,True,2892
random,low,long,66,0.4805194805194805,0.33466533466533466,21,-73,-94,True,True,14168
random,low,long,67,0.45454545454545453,0.3076923076923077,21,-73,-94,True,True,14338
random,low,long,68,0.45854145854145856,0.30569430569430567,21,-69,-90,True,True,15628
random,low,long,69,0.41358641358641357,0.27972027972027974,21,-47,-68,True,True,14570
random,low,long,70,0.5654345654345654,0.38461538461538464,21,-89,-110,True,False,20020
random,low,long,71,0.5844155844155844,0.4175824175824176,21,-79,-100,True,True,16010
random,low,long,72,0.5024975024975025,0.35264735264735264,21,-69,-90,True,True,12765
random,low,long,73,0.5884115884115884,0.42657342657342656,21,-85,-106,True,True,14549
random,low,long,74,0.47652347652347654,0.33266733266733267,21,-45,-66,True,True,11950
random,low,long,75,0.002997002997002997,0.002997002997002997,21,21,0,False,True,1861
random,low,long,76,0.4155844155844156,0.2937062937062937,21,-49,-70,True,True,17960
random,low,long,77,0.5494505494505495,0.38161838161838163,21,-61,-82,True,True,18993
random,low,long,78,0.4965034965034965,0.34265734265734266,21,-69,-90,True,True,18249
random,low,long,79,0.5264735264735265,0.36363636363636365,21,-71,-92,True,True,14058
random,low,long,80,0.47052947052947053,0.3166833166833167,21,-87,-108,True,True,14232
random,low,long,81,0.5304695304695305,0.3876123876123876,21,-97,-118,True,False,20020
random,low,long,82,0.5484515484515484,0.3966033966033966,21,-87,-108,True,True,18569
random,low,long,83,0.4385614385614386,0.3076923076923077,21,-51,-72,True,True,18910
random,low,long,84,0.5314685314685315,0.36563436563436563,21,-75,-96,True,False,20020
random,low,long,85,0.002997002997002997,0.001998001998001998,21,21,0,False,True,1004
random,low,long,86,0.001998001998001998,0.000999000999000999,21,21,0,False,True,2777
random,low,long,87,0.011988011988011988,0.005994005994005994,21,19,-2,False,True,3844
random,low,long,88,0.5414585414585414,0.3856143856143856,21,-67,-88,True,True,15375
random,low,long,89,0.002997002997002997,0.001998001998001998,21,21,0,False,True,1644
random,low,long,90,0.4905094905094905,0.35264735264735264,21,-43,-64,True,True,17821
random,low,long,91,0.5474525474525475,0.3806193806193806,21,-75,-96,True,True,17083
random,low,long,92,0.5144855144855145,0.34965034965034963,21,-57,-78,True,True,14549
random,low,long,93,0.002997002997002997,0.001998001998001998,21,21,0,False,True,1092
random,low,long,94,0.5814185814185814,0.4125874125874126,21,-63,-84,True,True,17174
random,low,long,95,0.47152847152847155,0.3276723276723277,21,-79,-100,True,True,19382
random,low,long,96,0.46653346653346656,0.31868131868131866,21,-49,-70,True,True,15817
random,low,long,97,0.45054945054945056,0.3256743256743257,21,-53,-74,True,False,20020
random,low,long,98,0.5134865134865135,0.36063936063936064,21,-81,-102,True,True,11813
random,low,long,99,0.3946053946053946,0.2727272727272727,21,-55,-76,True,True,10888
random,low,long,100,0.5204795204795205,0.38161838161838163,21,-91,-112,True,True,17400
random,low,long,101,0.002997002997002997,0.000999000999000999,21,21,0,False,True,555
random,low,long,102,0.4835164835164835,0.34965034965034963,21,-57,-78,True,True,14501
random,low,long,103,0.5034965034965035,0.34565434565434566,21,-63,-84,True,True,11548
random,low,long,104,0.4645354645354645,0.31868131868131866,21,-53,-74,True,True,12947
random,low,long,105,0.002997002997002997,0.001998001998001998,21,21,0,False,True,806
random,low,long,106,0.4775224775224775,0.33666333666333664,21,-67,-88,True,True,16980
random,low,long,107,0.004995004995004995,0.002997002997002997,21,21,0,False,True,2025
random,low,long,108,0.5244755244755245,0.36063936063936064,21,-61,-82,True,True,19759
random,low,long,109,0.5314685314685315,0.36863136863136864,21,-91,-112,True,True,17386
random,low,long,110,0.4915084915084915,0.32167832167832167,21,-37,-58,True,True,13978
random,low,long,111,0.5014985014985015,0.3516483516483517,21,-67,-88,True,True,12056
random,low,long,112,0.48151848151848153,0.33166833166833165,21,-73,-94,True,False,20020
random,low,long,113,0.5204795204795205,0.37162837162837165,21,-83,-104,True,True,15365
random,low,long,114,0.5044955044955045,0.35864135864135865,21,-61,-82,True,True,14932
random,low,long,115,0.43756243756243757,0.3006993006993007,21,-79,-100,True,True,19644
random,low,long,116,0.5104895104895105,0.34965034965034963,21,-77,-98,True,True,15067
random,low,long,117,0.4995004995004995,0.37462537462537465,21,-69,-90,True,True,15666
random,low,long,118,0.4945054945054945,0.34865134865134867,21,-71,-92,True,True,17524
random,low,long,119,0.5244755244755245,0.3706293706293706,21,-61,-82,True,True,16539
random,low,long,120,0.001998001998001998,0.000999000999000999,21,21,0,False,True,1452
random,low,long,121,0.5164835164835165,0.37362637362637363,21,-77,-98,True,True,18557
random,low,long,122,0.5244755244755245,0.37362637362637363,21,-65,-86,True,False,20020
random,low,long,123,0.48151848151848153,0.34265734265734266,21,-57,-78,True,True,18072
random,low,long,124,0.44955044955044954,0.3066933066933067,21,-51,-72,True,True,12335
random,low,long,125,0.5474525474525475,0.37962037962037964,21,-67,-88,True,False,20020
random,low,long,126,0.5614385614385614,0.4045954045954046,21,-85,-106,True,True,15790
random,low,long,127,0.45854145854145856,0.3086913086913087,21,-59,-80,True,True,18932
random,low,long,128,0.4435564435564436,0.3166833166833167,21,-49,-70,True,False,20020
random,low,long,129,0.4925074925074925,0.34965034965034963,21,-51,-72,True,True,13366
random,low,long,130,0.5484515484515484,0.3926073926073926,21,-65,-86,True,True,18726
random,low,long,131,0.002997002997002997,0.000999000999000999,21,21,0,False,True,1180
random,low,long,132,0.42957042957042957,0.2907092907092907,21,-69,-90,True,True,16172
random,low,long,133,0.3986013986013986,0.27372627372627373,21,-57,-78,True,True,12421
random,low,long,134,0.5114885114885115,0.36163836163836166,21,-45,-66,True,True,16242
random,low,long,135,0.4485514485514486,0.31868131868131866,21,-75,-96,True,True,15868
random,low,long,136,0.5224775224775224,0.38961038961038963,21,-65,-86,True,True,13741
random,low,long,137,0.5074925074925075,0.35364635364635366,21,-75,-96,True,True,17474
random,low,long,138,0.5304695304695305,0.36563436563436563,21,-69,-90,True,False,20020
random,low,long,139,0.001998001998001998,0.000999000999000999,21,21,0,False,True,92
random,low,long,140,0.44455544455544455,0.3066933066933067,21,-69,-90,True,True,18316
random,low,long,141,0.46553446553446554,0.3256743256743257,21,-73,-94,True,False,20020
random,low,long,142,0.39760239760239763,0.2647352647352647,21,-65,-86,True,True,17139
random,low,long,143,0.4355644355644356,0.3086913086913087,21,-63,-84,True,True,12860
random,low,long,144,0.4965034965034965,0.34765234765234765,21,-57,-78,True,True,14911
random,low,long,145,0.46653346653346656,0.34065934065934067,21,-97,-118,True,True,18144
random,low,long,146,0.004995004995004995,0.002997002997002997,21,21,0,False,True,1403
random,low,long,147,0.008991008991008992,0.004995004995004995,21,19,-2,False,True,3800
random,low,long,148,0.4785214785214785,0.3176823176823177,21,-67,-88,True,False,20020
random,low,long,149,0.002997002997002997,0.001998001998001998,21,21,0,False,True,1143
random,low,long,150,0.002997002997002997,0.001998001998001998,21,19,-2,False,True,690
random,low,long,151,0.5324675324675324,0.3806193806193806,21,-79,-100,True,True,14508
random,low,long,152,0.46153846153846156,0.3106893106893107,21,-51,-72,True,False,20020
random,low,long,153,0.5144855144855145,0.35664335664335667,21,-79,-100,True,True,15643
random,low,long,154,0.4885114885114885,0.33766233766233766,21,-61,-82,True,False,20020
random,low,long,155,0.5214785214785215,0.37462537462537465,21,-77,-98,True,True,18178
random,low,long,156,0.44255744255744256,0.2947052947052947,21,-71,-92,True,True,15053
random,low,long,157,0.5074925074925075,0.3646353646353646,21,-75,-96,True,True,15360
random,low,long,158,0.001998001998001998,0.001998001998001998,21,21,0,False,True,341
random,low,long,159,0.001998001998001998,0.000999000999000999,21,21,0,False,True,7718
random,low,long,160,0.5524475524475524,0.4045954045954046,21,-79,-100,True,True,17416
random,low,long,161,0.001998001998001998,0.000999000999000999,21,21,0,False,True,474
random,low,long,162,0.5014985014985015,0.34565434565434566,21,-69,-90,True,True,18323
random,low,long,163,0.48951048951048953,0.34165834165834164,21,-81,-102,True,True,17599
random,low,long,164,0.4205794205794206,0.27672327672327673,21,-73,-94,True,True,18610
random,low,long,165,0.001998001998001998,0.000999000999000999,21,21,0,False,True,623
random,low,long,166,0.6073926073926074,0.4435564435564436,21,-93,-114,True,True,19409
random,low,long,167,0.4675324675324675,0.3156843156843157,21,-53,-74,True,True,14732
random,low,long,168,0.4695304695304695,0.34665334665334663,21,-35,-56,True,True,14583
random,low,long,169,0.004995004995004995,0.003996003996003996,21,17,-4,False,True,955
random,low,long,170,0.5234765234765235,0.3756243756243756,21,-79,-100,True,True,17881
random,low,long,171,0.002997002997002997,0.001998001998001998,21,21,0,False,True,2913
random,low,long,172,0.4755244755244755,0.3206793206793207,21,-67,-88,True,True,17142
random,low,long,173,0.5264735264735265,0.36563436563436563,21,-81,-102,True,True,16952
random,low,long,174,0.5174825174825175,0.3706293706293706,21,-57,-78,True,True,11381
random,low,long,175,0.4975024975024975,0.34165834165834164,21,-59,-80,True,True,14233
random,low,long,176,0.026973026973026972,0.012987012987012988,21,19,-2,False,True,5240
random,low,long,177,0.5684315684315684,0.42857142857142855,21,-111,-132,True,True,14776
random,low,long,178,0.5354645354645354,0.3866133866133866,21,-71,-92,True,False,20020
random,low,long,179,0.5194805194805194,0.37362637362637363,21,-95,-116,True,True,13637
random,low,long,180,0.46053946053946054,0.3196803196803197,21,-43,-64,True,True,17438
random,low,long,181,0.001998001998001998,0.001998001998001998,21,17,-4,False,True,548
random,low,long,182,0.001998001998001998,0.001998001998001998,21,21,0,False,True,1519
random,low,long,183,0.47352647352647353,0.3166833166833167,21,-73,-94,True,False,20020
random,low,long,184,0.5134865134865135,0.3676323676323676,21,-73,-94,True,True,19279
random,low,long,185,0.004995004995004995,0.000999000999000999,21,21,0,False,True,1342
random,low,long,186,0.5074925074925075,0.35564435564435565,21,-65,-86,True,True,15351
random,low,long,187,0.5134865134865135,0.3626373626373626,21,-77,-98,True,True,14011
random,low,long,188,0.001998001998001998,0.000999000999000999,21,21,0,False,True,480
random,low,long,189,0.5324675324675324,0.3706293706293706,21,-71,-92,True,True,17063
random,low,long,190,0.005994005994005994,0.002997002997002997,21,21,0,False,True,1293
random,low,long,191,0.5234765234765235,0.35864135864135865,21,-93,-114,True,True,17897
random,low,long,192,0.5414585414585414,0.3996003996003996,21,-87,-108,True,True,17726
random,low,long,193,0.002997002997002997,0.001998001998001998,21,21,0,False,True,306
random,low,long,194,0.5014985014985015,0.36163836163836166,21,-97,-118,True,True,17140
random,low,long,195,0.4875124875124875,0.3516483516483517,21,-57,-78,True,True,18909
random,low,long,196,0.45454545454545453,0.3126873126873127,21,-49,-70,True,True,15628
random,low,long,197,0.4165834165834166,0.2827172827172827,21,-45,-66,True,True,13702
random,low,long,198,0.4805194805194805,0.32167832167832167,21,-59,-80,True,True,17825
random,low,long,199,0.5294705294705294,0.38161838161838163,21,-63,-84,True,True,14855
random,low,long,200,0.4175824175824176,0.26973026973026976,21,-37,-58,True,True,15038
random,low,long,201,0.4515484515484515,0.3096903096903097,21,-61,-82,True,True,17037
random,low,long,202,0.001998001998001998,0.001998001998001998,21,21,0,False,True,482
random,low,long,203,0.005994005994005994,0.002997002997002997,21,21,0,False,True,5232
random,low,long,204,0.001998001998001998,0.000999000999000999,21,21,0,False,True,1450
random,low,long,205,0.4485514485514486,0.3046953046953047,21,-45,-66,True,True,18044
random,low,long,206,0.4925074925074925,0.35864135864135865,21,-61,-82,True,True,15410
random,low,long,207,0.5504495504495505,0.3706293706293706,21,-69,-90,True,True,16924
random,low,long,208,0.5014985014985015,0.35364635364635366,21,-71,-92,True,True,17266
random,low,long,209,0.5364635364635365,0.3726273726273726,21,-83,-104,True,True,15900
random,low,long,210,0.4745254745254745,0.32967032967032966,21,-67,-88,True,True,12733
random,low,long,211,0.5694305694305695,0.4145854145854146,21,-75,-96,True,True,15721
random,low,long,212,0.5624375624375625,0.4155844155844156,21,-101,-122,True,True,14169
random,low,long,213,0.007992007992007992,0.002997002997002997,21,21,0,False,True,2337
random,low,long,214,0.5844155844155844,0.4225774225774226,21,-69,-90,True,True,16031
random,low,long,215,0.001998001998001998,0.001998001998001998,21,21,0,False,True,208
random,low,long,216,0.4745254745254745,0.32867132867132864,21,-57,-78,True,True,11217
random,low,long,217,0.5394605394605395,0.3626373626373626,21,-91,-112,True,True,16832
random,low,long,218,0.4925074925074925,0.35364635364635366,21,-53,-74,True,True,18743
random,low,long,219,0.4905094905094905,0.34565434565434566,21,-55,-76,True,True,19542
random,low,long,220,0.5084915084915085,0.35764235764235763,21,-79,-100,True,True,13429
random,low,long,221,0.001998001998001998,0.001998001998001998,21,21,0,False,True,1472
random,low,long,222,0.007992007992007992,0.003996003996003996,21,19,-2,False,True,3664
random,low,long,223,0.4695304695304695,0.3116883116883117,21,-49,-70,True,True,18931
random,low,long,224,0.5124875124875125,0.35264735264735264,21,-55,-76,True,False,20020
random,low,long,225,0.5334665334665335,0.36063936063936064,21,-93,-114,True,False,20020
random,low,long,226,0.5414585414585414,0.3996003996003996,21,-89,-110,True,True,17468
random,low,long,227,0.5004995004995005,0.3546453546453546,21,-71,-92,True,True,15981
random,low,long,228,0.001998001998001998,0.001998001998001998,21,21,0,False,True,631
random,low,long,229,0.5664335664335665,0.41058941058941056,21,-73,-94,True,True,16800
random,low,long,230,0.4205794205794206,0.2947052947052947,21,-57,-78,True,True,15170
random,low,long,231,0.5194805194805194,0.37962037962037964,21,-71,-92,True,True,12752
random,low,long,232,0.4925074925074925,0.34465534465534464,21,-77,-98,True,True,19118
random,low,long,233,0.5414585414585414,0.3956043956043956,21,-83,-104,True,True,16673
random,low,long,234,0.4825174825174825,0.35564435564435565,21,-59,-80,True,True,19037
random,low,long,235,0.5484515484515484,0.4035964035964036,21,-93,-114,True,True,16874
random,low,long,236,0.5414585414585414,0.38961038961038963,21,-67,-88,True,True,14116
random,low,long,237,0.4275724275724276,0.29270729270729273,21,-45,-66,True,True,18064
random,low,long,238,0.003996003996003996,0.000999000999000999,21,19,-2,False,True,7156
random,low,long,239,0.45754245754245754,0.33266733266733267,21,-51,-72,True,False,20020
random,low,long,240,0.5134865134865135,0.3706293706293706,21,-97,-118,True,True,11645
random,low,long,241,0.47952047952047955,0.33966033966033965,21,-61,-82,True,False,20020
random,low,long,242,0.43956043956043955,0.3086913086913087,21,-59,-80,True,True,16144
random,low,long,243,0.44155844155844154,0.3096903096903097,21,-69,-90,True,True,15235
random,low,long,244,0.5024975024975025,0.3546453546453546,21,-57,-78,True,False,20020
random,low,long,245,0.4925074925074925,0.34165834165834164,21,-75,-96,True,True,16064
random,low,long,246,0.4775224775224775,0.32367632367632365,21,-69,-90,True,True,13397
random,low,long,247,0.5384615384615384,0.38461538461538464,21,-61,-82,True,True,17394
random,low,long,248,0.5664335664335665,0.3986013986013986,21,-71,-92,True,True,15703
random,low,long,249,0.40559440559440557,0.2727272727272727,21,-53,-74,True,True,13703
random,low,long,250,0.4565434565434565,0.3116883116883117,21,-71,-92,True,True,18358
random,low,long,251,0.4985014985014985,0.34965034965034963,21,-73,-94,True,True,11826
random,low,long,252,0.4485514485514486,0.3036963036963037,21,-69,-90,True,True,13302
random,low,long,253,0.5394605394605395,0.3726273726273726,21,-73,-94,True,True,14793
random,low,long,254,0.45354645354645357,0.3086913086913087,21,-59,-80,True,True,13422
random,low,long,255,0.001998001998001998,0.000999000999000999,21,19,-2,False,True,211
random,low,long,256,0.4995004995004995,0.35064935064935066,21,-55,-76,True,True,12400
random,low,long,257,0.4695304695304695,0.3166833166833167,21,-39,-60,True,True,16467
random,low,long,258,0.002997002997002997,0.001998001998001998,21,21,0,False,True,1480
random,low,long,259,0.4385614385614386,0.30569430569430567,21,-73,-94,True,False,20020
random,low,long,260,0.008991008991008992,0.002997002997002997,21,21,0,False,True,2542
random,low,long,261,0.5004995004995005,0.3356643356643357,21,-65,-86,True,True,16171
random,low,long,262,0.5754245754245755,0.4145854145854146,21,-93,-114,True,True,15378
random,low,long,263,0.5264735264735265,0.36163836163836166,21,-63,-84,True,True,15865
random,low,long,264,0.4855144855144855,0.34165834165834164,21,-49,-70,True,True,19485
random,low,long,265,0.4775224775224775,0.33666333666333664,21,-75,-96,True,True,14072
random,low,long,266,0.4725274725274725,0.3256743256743257,21,-43,-64,True,True,18951
random,low,long,267,0.3596403596403596,0.23576423576423577,21,-41,-62,True,False,20020
random,low,long,268,0.4435564435564436,0.3036963036963037,21,-55,-76,True,True,17863
random,low,long,269,0.4645354645354645,0.31368631368631367,21,-63,-84,True,True,14991
random,low,long,270,0.48151848151848153,0.33166833166833165,21,-63,-84,True,True,18065
random,low,long,271,0.5484515484515484,0.38161838161838163,21,-79,-100,True,True,19255
random,low,long,272,0.002997002997002997,0.001998001998001998,21,21,0,False,True,2044
random,low,long,273,0.002997002997002997,0.000999000999000999,21,21,0,False,True,3876
random,low,long,274,0.003996003996003996,0.003996003996003996,21,19,-2,False,True,1222
random,low,long,275,0.5464535464535465,0.4065934065934066,21,-55,-76,True,True,14550
random,low,long,276,0.5744255744255744,0.4245754245754246,21,-99,-120,True,True,17294
random,low,long,277,0.5214785214785215,0.37662337662337664,21,-81,-102,True,True,13183
random,low,long,278,0.5524475524475524,0.4035964035964036,21,-77,-98,True,True,13440
random,low,long,279,0.4855144855144855,0.34265734265734266,21,-63,-84,True,True,17285
random,low,long,280,0.42657342657342656,0.3036963036963037,21,-51,-72,True,True,13116
random,low,long,281,0.001998001998001998,0.001998001998001998,21,21,0,False,True,1616
random,low,long,282,0.001998001998001998,0.001998001998001998,21,21,0,False,True,1127
random,low,long,283,0.4915084915084915,0.34665334665334663,21,-73,-94,True,True,17210
random,low,long,284,0.45754245754245754,0.3106893106893107,21,-65,-86,True,True,19617
random,low,long,285,0.5424575424575424,0.40559440559440557,21,-95,-116,True,True,13726
random,low,long,286,0.5214785214785215,0.36163836163836166,21,-67,-88,True,True,16847
random,low,long,287,0.44755244755244755,0.3156843156843157,21,-33,-54,True,False,20020
random,low,long,288,0.003996003996003996,0.002997002997002997,21,21,0,False,True,1756
random,low,long,289,0.5534465534465535,0.3836163836163836,21,-79,-100,True,True,15035
random,low,long,290,0.46153846153846156,0.3206793206793207,21,-61,-82,True,False,20020
random,low,long,291,0.005994005994005994,0.004995004995004995,21,21,0,False,True,3695
random,low,long,292,0.4695304695304695,0.3256743256743257,21,-63,-84,True,True,16222
random,low,long,293,0.4725274725274725,0.3226773226773227,21,-57,-78,True,True,19260
random,low,long,294,0.5434565434565435,0.4045954045954046,21,-97,-118,True,True,14183
random,low,long,295,0.003996003996003996,0.001998001998001998,21,21,0,False,True,1512
random,low,long,296,0.5274725274725275,0.3906093906093906,21,-67,-88,True,True,14618
random,low,long,297,0.3936063936063936,0.2647352647352647,21,-63,-84,True,False,20020
random,low,long,298,0.002997002997002997,0.001998001998001998,21,21,0,False,True,1433
random,low,long,299,0.5294705294705294,0.3836163836163836,21,-57,-78,True,False,20020
random,low,long,300,0.5174825174825175,0.36363636363636365,21,-83,-104,True,True,17739
random,low,long,301,0.47052947052947053,0.33466533466533466,21,-75,-96,True,True,16140
random,low,long,302,0.4825174825174825,0.34565434565434566,21,-69,-90,True,True,10543
random,low,long,303,0.005994005994005994,0.003996003996003996,21,21,0,False,True,2758
random,low,long,304,0.004995004995004995,0.001998001998001998,21,21,0,False,True,3357
random,low,long,305,0.4745254745254745,0.3176823176823177,21,-85,-106,True,True,18845
random,low,long,306,0.5654345654345654,0.40559440559440557,21,-93,-114,True,True,17606
random,low,long,307,0.4485514485514486,0.2967032967032967,21,-55,-76,True,True,17529
random,low,long,308,0.4945054945054945,0.3546453546453546,21,-59,-80,True,True,17649
random,low,long,309,0.4145854145854146,0.25674325674325676,21,-23,-44,True,True,17126
random,low,long,310,0.4825174825174825,0.34165834165834164,21,-55,-76,True,False,20020
random,low,long,311,0.5364635364635365,0.3936063936063936,21,-65,-86,True,True,14391
random,low,long,312,0.001998001998001998,0.000999000999000999,21,21,0,False,True,2244
random,low,long,313,0.5354645354645354,0.38961038961038963,21,-65,-86,True,True,18689
random,low,long,314,0.5874125874125874,0.4175824175824176,21,-97,-118,True,True,14998
random,low,long,315,0.5514485514485514,0.3996003996003996,21,-85,-106,True,True,12491
random,low,long,316,0.008991008991008992,0.004995004995004995,21,19,-2,False,True,5349
random,low,long,317,0.4995004995004995,0.36163836163836166,21,-79,-100,True,True,11039
random,low,long,318,0.4855144855144855,0.35264735264735264,21,-61,-82,True,True,11682
random,low,long,319,0.4675324675324675,0.32167832167832167,21,-57,-78,True,True,15111
random,low,long,320,0.001998001998001998,0.000999000999000999,21,21,0,False,True,846
random,low,long,321,0.5104895104895105,0.36563436563436563,21,-71,-92,True,True,17456
random,low,long,322,0.002997002997002997,0.000999000999000999,21,21,0,False,True,6452
random,low,long,323,0.43456543456543456,0.2937062937062937,21,-65,-86,True,True,12485
random,low,long,324,0.5184815184815185,0.3756243756243756,21,-71,-92,True,True,13104
random,low,long,325,0.5274725274725275,0.3696303696303696,21,-77,-98,True,True,18948
random,low,long,326,0.44655344655344653,0.32367632367632365,21,-65,-86,True,True,18423
random,low,long,327,0.43356643356643354,0.28471528471528473,21,-49,-70,True,True,17063
random,low,long,328,0.002997002997002997,0.001998001998001998,21,21,0,False,True,698
random,low,long,329,0.4935064935064935,0.34165834165834164,21,-75,-96,True,True,17879
random,low,long,330,0.5064935064935064,0.36363636363636365,21,-81,-102,True,False,20020
random,low,long,331,0.5154845154845155,0.3546453546453546,21,-71,-92,True,True,13458
random,low,long,332,0.001998001998001998,0.000999000999000999,21,21,0,False,True,504
random,low,long,333,0.4875124875124875,0.3386613386613387,21,-77,-98,True,True,17377
random,low,long,334,0.001998001998001998,0.001998001998001998,21,21,0,False,True,1053
random,low,long,335,0.4695304695304695,0.3246753246753247,21,-77,-98,True,True,16119
random,low,long,336,0.4915084915084915,0.34665334665334663,21,-61,-82,True,True,18547
random,low,long,337,0.4745254745254745,0.31868131868131866,21,-67,-88,True,True,19734
random,low,long,338,0.5344655344655345,0.38961038961038963,21,-65,-86,True,True,17270
random,low,long,339,0.5534465534465535,0.3776223776223776,21,-67,-88,True,True,12335
random,low,long,340,0.4755244755244755,0.33166833166833165,21,-71,-92,True,True,15164
random,low,long,341,0.5274725274725275,0.37462537462537465,21,-79,-100,True,False,20020
random,low,long,342,0.5324675324675324,0.3836163836163836,21,-79,-100,True,True,15163
random,low,long,343,0.4785214785214785,0.32967032967032966,21,-81,-102,True,True,16136
random,low,long,344,0.44255744255744256,0.3146853146853147,21,-45,-66,True,True,16411
random,low,long,345,0.45254745254745254,0.3036963036963037,21,-63,-84,True,True,16965
random,low,long,346,0.5494505494505495,0.3966033966033966,21,-73,-94,True,True,13161
random,low,long,347,0.5114885114885115,0.3626373626373626,21,-73,-94,True,True,9988
random,low,long,348,0.47052947052947053,0.33466533466533466,21,-43,-64,True,True,18512
random,low,long,349,0.47152847152847155,0.3176823176823177,21,-41,-62,True,True,15631
random,low,long,350,0.001998001998001998,0.000999000999000999,21,21,0,False,True,1584
random,low,long,351,0.001998001998001998,0.000999000999000999,21,21,0,False,True,1034
random,low,long,352,0.5284715284715285,0.36663336663336665,21,-73,-94,True,True,11887
random,low,long,353,0.5194805194805194,0.3726273726273726,21,-71,-92,True,True,14126
random,low,long,354,0.4725274725274725,0.3166833166833167,21,-67,-88,True,True,12583
random,low,long,355,0.5224775224775224,0.37462537462537465,21,-67,-88,True,True,13398
random,low,long,356,0.41858141858141856,0.2857142857142857,21,-51,-72,True,True,15521
random,low,long,357,0.5314685314685315,0.3776223776223776,21,-75,-96,True,False,20020
random,low,long,358,0.6023976023976024,0.45454545454545453,21,-75,-96,True,True,14819
random,low,long,359,0.5314685314685315,0.35564435564435565,21,-57,-78,True,False,20020
random,low,long,360,0.4985014985014985,0.35664335664335667,21,-89,-110,True,True,18548
random,low,long,361,0.001998001998001998,0.001998001998001998,21,21,0,False,True,496
random,low,long,362,0.5594405594405595,0.4035964035964036,21,-99,-120,True,True,17124
random,low,long,363,0.5054945054945055,0.3626373626373626,21,-71,-92,True,True,16397
random,low,long,364,0.5194805194805194,0.3546453546453546,21,-63,-84,True,False,20020
random,low,long,365,0.5244755244755245,0.36663336663336665,21,-69,-90,True,True,13188
random,low,long,366,0.4865134865134865,0.3356643356643357,21,-57,-78,True,True,16977
random,low,long,367,0.004995004995004995,0.003996003996003996,21,19,-2,False,True,1609
random,low,long,368,0.45754245754245754,0.33166833166833165,21,-73,-94,True,False,20020
random,low,long,369,0.5384615384615384,0.3956043956043956,21,-77,-98,True,True,14331
random,low,long,370,0.43756243756243757,0.3036963036963037,21,-55,-76,True,True,15057
random,low,long,371,0.004995004995004995,0.003996003996003996,21,21,0,False,True,1337
random,low,long,372,0.006993006993006993,0.001998001998001998,21,21,0,False,True,2571
random,low,long,373,0.001998001998001998,0.001998001998001998,21,21,0,False,True,639
random,low,long,374,0.4695304695304695,0.3256743256743257,21,-39,-60,True,True,15068
random,low,long,375,0.5034965034965035,0.3706293706293706,21,-65,-86,True,True,14123
random,low,long,376,0.5044955044955045,0.36063936063936064,21,-81,-102,True,False,20020
random,low,long,377,0.4905094905094905,0.33966033966033965,21,-83,-104,True,False,20020
random,low,long,378,0.4245754245754246,0.2957042957042957,21,-61,-82,True,True,16579
random,low,long,379,0.5174825174825175,0.3696303696303696,21,-79,-100,True,True,17005
random,low,long,380,0.4785214785214785,0.3336663336663337,21,-81,-102,True,True,17754
random,low,long,381,0.4755244755244755,0.33266733266733267,21,-69,-90,True,False,20020
random,low,long,382,0.5054945054945055,0.36663336663336665,21,-75,-96,True,True,19393
random,low,long,383,0.5064935064935064,0.35064935064935066,21,-61,-82,True,False,20020
random,low,long,384,0.002997002997002997,0.001998001998001998,21,21,0,False,True,271
random,low,long,385,0.4855144855144855,0.34265734265734266,21,-73,-94,True,False,20020
random,low,long,386,0.5014985014985015,0.34565434565434566,21,-63,-84,True,True,15440
random,low,long,387,0.4875124875124875,0.34865134865134867,21,-79,-100,True,True,17357
random,low,long,388,0.004995004995004995,0.002997002997002997,21,21,0,False,True,2324
random,low,long,389,0.4195804195804196,0.27372627372627373,21,-47,-68,True,True,15182
random,low,long,390,0.01998001998001998,0.012987012987012988,21,19,-2,False,True,4694
random,low,long,391,0.5704295704295704,0.3926073926073926,21,-83,-104,True,True,16827
random,low,long,392,0.5164835164835165,0.34865134865134867,21,-53,-74,True,True,19708
random,low,long,393,0.5004995004995005,0.35364635364635366,21,-55,-76,True,True,10708
random,low,long,394,0.4875124875124875,0.3276723276723277,21,-69,-90,True,True,17989
random,low,long,395,0.5114885114885115,0.36063936063936064,21,-73,-94,True,True,16900
random,low,long,396,0.007992007992007992,0.003996003996003996,21,21,0,False,True,3048
random,low,long,397,0.5014985014985015,0.35364635364635366,21,-73,-94,True,True,13409
random,low,long,398,0.4945054945054945,0.34665334665334663,21,-71,-92,True,True,15448
random,low,long,399,0.4965034965034965,0.35764235764235763,21,-85,-106,True,True,17629
random,low,long,400,0.4515484515484515,0.3076923076923077,21,-71,-92,True,True,17113
random,low,long,401,0.5214785214785215,0.37962037962037964,21,-75,-96,True,True,19848
random,low,long,402,0.001998001998001998,0.000999000999000999,21,21,0,False,True,1148
random,low,long,403,0.5114885114885115,0.3706293706293706,21,-45,-66,True,False,20020
random,low,long,404,0.005994005994005994,0.003996003996003996,21,21,0,False,True,3023
random,low,long,405,0.003996003996003996,0.000999000999000999,21,21,0,False,True,1319
random,low,long,406,0.003996003996003996,0.001998001998001998,21,21,0,False,True,611
random,low,long,407,0.5174825174825175,0.36363636363636365,21,-77,-98,True,True,15795
random,low,long,408,0.5534465534465535,0.3916083916083916,21,-77,-98,True,True,15956
random,low,long,409,0.4745254745254745,0.3246753246753247,21,-65,-86,True,True,17069
random,low,long,410,0.5034965034965035,0.36063936063936064,21,-71,-92,True,True,16552
random,low,long,411,0.3956043956043956,0.2647352647352647,21,-67,-88,True,True,18304
random,low,long,412,0.5104895104895105,0.3706293706293706,21,-93,-114,True,True,12884
random,low,long,413,0.46153846153846156,0.3226773226773227,21,-65,-86,True,True,19692
random,low,long,414,0.5354645354645354,0.3936063936063936,21,-71,-92,True,True,13837
random,low,long,415,0.5044955044955045,0.36563436563436563,21,-55,-76,True,True,14344
random,low,long,416,0.4035964035964036,0.27172827172827174,21,-63,-84,True,True,14133
random,low,long,417,0.48151848151848153,0.3436563436563437,21,-81,-102,True,True,15764
random,low,long,418,0.002997002997002997,0.002997002997002997,21,21,0,False,True,1262
random,low,long,419,0.44455544455544455,0.3146853146853147,21,-57,-78,True,True,18644
random,low,long,420,0.4955044955044955,0.35364635364635366,21,-51,-72,True,True,16617
random,low,long,421,0.4905094905094905,0.34665334665334663,21,-73,-94,True,True,16607
random,low,long,422,0.4945054945054945,0.34765234765234765,21,-61,-82,True,True,16927
random,low,long,423,0.001998001998001998,0.000999000999000999,21,19,-2,False,True,233
random,low,long,424,0.003996003996003996,0.002997002997002997,21,21,0,False,True,1551
random,low,long,425,0.43356643356643354,0.2997002997002997,21,-53,-74,True,True,15034
random,low,long,426,0.46653346653346656,0.32367632367632365,21,-65,-86,True,True,13416
random,low,long,427,0.4675324675324675,0.32167832167832167,21,-79,-100,True,False,20020
random,low,long,428,0.47352647352647353,0.33466533466533466,21,-63,-84,True,True,15605
random,low,long,429,0.5154845154845155,0.36363636363636365,21,-63,-84,True,True,14680
random,low,long,430,0.003996003996003996,0.001998001998001998,21,21,0,False,True,202
random,low,long,431,0.5124875124875125,0.36863136863136864,21,-69,-90,True,True,16672
random,low,long,432,0.006993006993006993,0.002997002997002997,21,19,-2,False,True,2447
random,low,long,433,0.4965034965034965,0.35764235764235763,21,-63,-84,True,True,15234
random,low,long,434,0.008991008991008992,0.004995004995004995,21,21,0,False,True,5732
random,low,long,435,0.4945054945054945,0.3336663336663337,21,-77,-98,True,True,17397
random,low,long,436,0.5334665334665335,0.36363636363636365,21,-47,-68,True,True,15969
random,low,long,437,0.4955044955044955,0.34865134865134867,21,-81,-102,True,True,17486
random,low,long,438,0.5534465534465535,0.39760239760239763,21,-63,-84,True,True,18610
random,low,long,439,0.4885114885114885,0.35064935064935066,21,-75,-96,True,True,18800
random,low,long,440,0.5014985014985015,0.3626373626373626,21,-87,-108,True,False,20020
random,low,long,441,0.4865134865134865,0.3436563436563437,21,-61,-82,True,True,13777
random,low,long,442,0.002997002997002997,0.000999000999000999,21,21,0,False,True,4795
random,low,long,443,0.48151848151848153,0.3516483516483517,21,-55,-76,True,True,16678
random,low,long,444,0.5144855144855145,0.36563436563436563,21,-93,-114,True,False,20020
random,low,long,445,0.001998001998001998,0.001998001998001998,21,19,-2,False,True,219
random,low,long,446,0.5584415584415584,0.3956043956043956,21,-81,-102,True,True,19041
random,low,long,447,0.5244755244755245,0.3546453546453546,21,-55,-76,True,True,18825
random,low,long,448,0.5744255744255744,0.4035964035964036,21,-71,-92,True,True,14879
random,low,long,449,0.002997002997002997,0.001998001998001998,21,19,-2,False,True,2487
random,low,long,450,0.5044955044955045,0.34865134865134867,21,-65,-86,True,True,14823
random,low,long,451,0.43956043956043955,0.3076923076923077,21,-47,-68,True,False,20020
random,low,long,452,0.45454545454545453,0.3146853146853147,21,-55,-76,True,True,15545
random,low,long,453,0.5874125874125874,0.4325674325674326,21,-111,-132,True,False,20020
random,low,long,454,0.003996003996003996,0.000999000999000999,21,21,0,False,True,1072
random,low,long,455,0.4745254745254745,0.33666333666333664,21,-53,-74,True,True,16092
random,low,long,456,0.4955044955044955,0.34165834165834164,21,-105,-126,True,True,13649
random,low,long,457,0.4885114885114885,0.34065934065934067,21,-75,-96,True,True,16959
random,low,long,458,0.5454545454545454,0.3786213786213786,21,-99,-120,True,True,14768
random,low,long,459,0.45754245754245754,0.3126873126873127,21,-73,-94,True,False,20020
random,low,long,460,0.001998001998001998,0.001998001998001998,21,21,0,False,True,2011
random,low,long,461,0.003996003996003996,0.001998001998001998,21,19,-2,False,True,2067
random,low,long,462,0.5184815184815185,0.36363636363636365,21,-69,-90,True,True,18808
random,low,long,463,0.42357642357642356,0.2827172827172827,21,-35,-56,True,True,15469
random,low,long,464,0.4095904095904096,0.2777222777222777,21,-51,-72,True,True,16782
random,low,long,465,0.5154845154845155,0.34565434565434566,21,-85,-106,True,False,20020
random,low,long,466,0.4435564435564436,0.3046953046953047,21,-57,-78,True,True,17738
random,low,long,467,0.5434565434565435,0.3886113886113886,21,-75,-96,True,False,20020
random,low,long,468,0.001998001998001998,0.001998001998001998,21,21,0,False,True,2053
random,low,long,469,0.4995004995004995,0.3516483516483517,21,-65,-86,True,False,20020
random,low,long,470,0.5694305694305695,0.4175824175824176,21,-121,-142,True,True,17439
random,low,long,471,0.4155844155844156,0.2867132867132867,21,-53,-74,True,False,20020
random,low,long,472,0.47352647352647353,0.32867132867132864,21,-71,-92,True,True,13951
random,low,long,473,0.5804195804195804,0.42357642357642356,21,-85,-106,True,True,15540
random,low,long,474,0.5344655344655345,0.3836163836163836,21,-75,-96,True,True,14400
random,low,long,475,0.5624375624375625,0.4205794205794206,21,-103,-124,True,True,17216
random,low,long,476,0.4865134865134865,0.3356643356643357,21,-45,-66,True,True,15752
random,low,long,477,0.5404595404595405,0.38461538461538464,21,-87,-108,True,True,11722
random,low,long,478,0.45354645354645357,0.3036963036963037,21,-45,-66,True,False,20020
random,low,long,479,0.5284715284715285,0.3706293706293706,21,-67,-88,True,True,17636
random,low,long,480,0.44955044955044954,0.3046953046953047,21,-55,-76,True,False,20020
random,low,long,481,0.5424575424575424,0.37662337662337664,21,-71,-92,True,False,20020
random,low,long,482,0.4915084915084915,0.34065934065934067,21,-67,-88,True,True,17330
random,low,long,483,0.5174825174825175,0.37162837162837165,21,-71,-92,True,True,14618
random,low,long,484,0.007992007992007992,0.003996003996003996,21,21,0,False,True,3314
random,low,long,485,0.4975024975024975,0.33966033966033965,21,-85,-106,True,True,15382
random,low,long,486,0.00999000999000999,0.004995004995004995,21,19,-2,False,True,2708
random,low,long,487,0.001998001998001998,0.000999000999000999,21,21,0,False,True,150
random,low,long,488,0.002997002997002997,0.002997002997002997,21,21,0,False,True,4747
random,low,long,489,0.003996003996003996,0.002997002997002997,21,21,0,False,True,668
random,low,long,490,0.5484515484515484,0.3626373626373626,21,-69,-90,True,True,15845
random,low,long,491,0.003996003996003996,0.002997002997002997,21,21,0,False,True,2328
random,low,long,492,0.46053946053946054,0.3146853146853147,21,-85,-106,True,True,14840
random,low,long,493,0.4975024975024975,0.36063936063936064,21,-71,-92,True,True,17363
random,low,long,494,0.45754245754245754,0.3076923076923077,21,-37,-58,True,True,15070
random,low,long,495,0.001998001998001998,0.001998001998001998,21,21,0,False,True,199
random,low,long,496,0.5204795204795205,0.37362637362637363,21,-69,-90,True,True,15722
random,low,long,497,0.5344655344655345,0.38461538461538464,21,-105,-126,True,False,20020
random,low,long,498,0.5224775224775224,0.36063936063936064,21,-69,-90,True,True,13281
random,low,long,499,0.47952047952047955,0.3176823176823177,21,-65,-86,True,True,14390
random,low,long,500,0.001998001998001998,0.001998001998001998,21,21,0,False,True,1788
random,low,long,501,0.4725274725274725,0.32167832167832167,21,-65,-86,True,True,12650
random,low,long,502,0.6473526473526473,0.4745254745254745,21,-83,-104,True,True,18720
random,low,long,503,0.5164835164835165,0.36163836163836166,21,-61,-82,True,True,16039
random,low,long,504,0.5094905094905094,0.3516483516483517,21,-49,-70,True,True,15734
random,low,long,505,0.5004995004995005,0.3596403596403596,21,-95,-116,True,True,11014
random,low,long,506,0.5144855144855145,0.3646353646353646,21,-67,-88,True,True,16436
random,low,long,507,0.5484515484515484,0.3826173826173826,21,-91,-112,True,True,13535
random,low,long,508,0.46653346653346656,0.3386613386613387,21,-67,-88,True,True,13641
random,low,long,509,0.44455544455544455,0.3026973026973027,21,-57,-78,True,False,20020
random,low,long,510,0.5144855144855145,0.36163836163836166,21,-67,-88,True,True,15004
random,low,long,511,0.5014985014985015,0.3596403596403596,21,-53,-74,True,True,18640
random,low,long,512,0.4155844155844156,0.2827172827172827,21,-35,-56,True,False,20020
random,low,long,513,0.001998001998001998,0.000999000999000999,21,21,0,False,True,3016
random,low,long,514,0.5194805194805194,0.3806193806193806,21,-79,-100,True,True,11502
random,low,long,515,0.4095904095904096,0.2837162837162837,21,-41,-62,True,True,14306
random,low,long,516,0.45554445554445555,0.2837162837162837,21,-35,-56,True,False,20020
random,low,long,517,0.002997002997002997,0.001998001998001998,21,19,-2,False,True,1823
random,low,long,518,0.4865134865134865,0.35764235764235763,21,-69,-90,True,True,13966
random,low,long,519,0.42657342657342656,0.29270729270729273,21,-71,-92,True,False,20020
random,low,long,520,0.004995004995004995,0.001998001998001998,21,21,0,False,True,2181
random,low,long,521,0.5044955044955045,0.36063936063936064,21,-49,-70,True,True,15561
random,low,long,522,0.2957042957042957,0.1848151848151848,21,-25,-46,True,False,20020
random,low,long,523,0.5144855144855145,0.37362637362637363,21,-43,-64,True,True,15764
random,low,long,524,0.001998001998001998,0.001998001998001998,21,21,0,False,True,660
random,low,long,525,0.5504495504495505,0.3836163836163836,21,-93,-114,True,True,15257
random,low,long,526,0.5164835164835165,0.35864135864135865,21,-71,-92,True,False,20020
random,low,long,527,0.4835164835164835,0.3356643356643357,21,-73,-94,True,True,17130
random,low,long,528,0.5384615384615384,0.38161838161838163,21,-59,-80,True,True,16242
random,low,long,529,0.5424575424575424,0.3856143856143856,21,-61,-82,True,True,12172
random,low,long,530,0.002997002997002997,0.001998001998001998,21,21,0,False,True,701
random,low,long,531,0.5254745254745254,0.3596403596403596,21,-89,-110,True,True,13489
random,low,long,532,0.001998001998001998,0.000999000999000999,21,21,0,False,True,761
random,low,long,533,0.5394605394605395,0.4045954045954046,21,-93,-114,True,True,19368
random,low,long,534,0.006993006993006993,0.003996003996003996,21,21,0,False,True,3804
random,low,long,535,0.5874125874125874,0.4255744255744256,21,-83,-104,True,True,14744
random,low,long,536,0.5494505494505495,0.3986013986013986,21,-93,-114,True,True,14676
random,low,long,537,0.5164835164835165,0.3546453546453546,21,-63,-84,True,True,16790
random,low,long,538,0.007992007992007992,0.004995004995004995,21,21,0,False,True,3428
random,low,long,539,0.005994005994005994,0.002997002997002997,21,19,-2,False,True,2889
random,low,long,540,0.4325674325674326,0.2887112887112887,21,-51,-72,True,True,19176
random,low,long,541,0.4725274725274725,0.32167832167832167,21,-53,-74,True,True,16437
random,low,long,542,0.002997002997002997,0.000999000999000999,21,19,-2,False,True,3253
random,low,long,543,0.5474525474525475,0.3916083916083916,21,-89,-110,True,True,14761
random,low,long,544,0.47052947052947053,0.3256743256743257,21,-71,-92,True,True,18888
random,low,long,545,0.4985014985014985,0.3646353646353646,21,-79,-100,True,True,15552
random,low,long,546,0.001998001998001998,0.001998001998001998,21,21,0,False,True,182
random,low,long,547,0.002997002997002997,0.000999000999000999,21,21,0,False,True,180
random,low,long,548,0.47952047952047955,0.34765234765234765,21,-61,-82,True,True,15728
random,low,long,549,0.5264735264735265,0.38161838161838163,21,-87,-108,True,True,15991
random,low,long,550,0.5144855144855145,0.3646353646353646,21,-73,-94,True,True,13201
random,low,long,551,0.47952047952047955,0.33966033966033965,21,-71,-92,True,True,13628
random,low,long,552,0.001998001998001998,0.001998001998001998,21,21,0,False,True,121
random,low,long,553,0.001998001998001998,0.000999000999000999,21,21,0,False,True,185
random,low,long,554,0.4865134865134865,0.34465534465534464,21,-63,-84,True,False,20020
random,low,long,555,0.5314685314685315,0.3776223776223776,21,-73,-94,True,True,14194
random,low,long,556,0.5074925074925075,0.36163836163836166,21,-73,-94,True,False,20020
random,low,long,557,0.003996003996003996,0.001998001998001998,21,21,0,False,True,1393
random,low,long,558,0.5054945054945055,0.3596403596403596,21,-55,-76,True,False,20020
random,low,long,559,0.002997002997002997,0.001998001998001998,21,21,0,False,True,1321
random,low,long,560,0.001998001998001998,0.001998001998001998,21,21,0,False,True,1385
random,low,long,561,0.4595404595404595,0.3126873126873127,21,-35,-56,True,True,17562
random,low,long,562,0.004995004995004995,0.002997002997002997,21,19,-2,False,True,1951
random,low,long,563,0.001998001998001998,0.001998001998001998,21,21,0,False,True,2801
random,low,long,564,0.5164835164835165,0.3696303696303696,21,-79,-100,True,True,13137
random,low,long,565,0.5014985014985015,0.3596403596403596,21,-81,-102,True,True,12109
random,low,long,566,0.5354645354645354,0.38961038961038963,21,-81,-102,True,True,15210
random,low,long,567,0.001998001998001998,0.000999000999000999,21,19,-2,False,True,812
random,low,long,568,0.5774225774225774,0.4195804195804196,21,-89,-110,True,True,15965
random,low,long,569,0.001998001998001998,0.001998001998001998,21,21,0,False,True,969
random,low,long,570,0.5694305694305695,0.3946053946053946,21,-75,-96,True,True,14422
random,low,long,571,0.5364635364635365,0.3826173826173826,21,-95,-116,True,True,14112
random,low,long,572,0.002997002997002997,0.000999000999000999,21,21,0,False,True,1111
random,low,long,573,0.48951048951048953,0.33666333666333664,21,-59,-80,True,True,13776
random,low,long,574,0.5374625374625375,0.3986013986013986,21,-83,-104,True,True,15149
random,low,long,575,0.4925074925074925,0.34765234765234765,21,-81,-102,True,True,18061
random,low,long,576,0.5114885114885115,0.36363636363636365,21,-73,-94,True,True,18257
random,low,long,577,0.4805194805194805,0.3156843156843157,21,-55,-76,True,True,19500
random,low,long,578,0.5244755244755245,0.37162837162837165,21,-75,-96,True,True,17135
random,low,long,579,0.4515484515484515,0.29270729270729273,21,-45,-66,True,True,13541
random,low,long,580,0.42657342657342656,0.2937062937062937,21,-31,-52,True,True,17396
random,low,long,581,0.5214785214785215,0.36063936063936064,21,-83,-104,True,True,15169
random,low,long,582,0.002997002997002997,0.001998001998001998,21,21,0,False,True,394
random,low,long,583,0.4515484515484515,0.3146853146853147,21,-55,-76,True,True,16805
random,low,long,584,0.4385614385614386,0.3016983016983017,21,-63,-84,True,True,17613
random,low,long,585,0.007992007992007992,0.004995004995004995,21,21,0,False,True,4593
random,low,long,586,0.5004995004995005,0.34465534465534464,21,-63,-84,True,True,14653
random,low,long,587,0.4855144855144855,0.3306693306693307,21,-77,-98,True,True,12637
random,low,long,588,0.4945054945054945,0.3356643356643357,21,-45,-66,True,True,18751
random,low,long,589,0.4305694305694306,0.2917082917082917,21,-63,-84,True,False,20020
random,low,long,590,0.5134865134865135,0.36163836163836166,21,-61,-82,True,True,16819
random,low,long,591,0.4875124875124875,0.3626373626373626,21,-77,-98,True,True,19362
random,low,long,592,0.4865134865134865,0.34565434565434566,21,-61,-82,True,False,20020
random,low,long,593,0.5214785214785215,0.3626373626373626,21,-105,-126,True,True,15671
random,low,long,594,0.4595404595404595,0.3256743256743257,21,-57,-78,True,False,20020
random,low,long,595,0.5064935064935064,0.3386613386613387,21,-75,-96,True,False,20020
random,low,long,596,0.4925074925074925,0.35764235764235763,21,-77,-98,True,True,13902
random,low,long,597,0.002997002997002997,0.001998001998001998,21,17,-4,False,True,491
random,low,long,598,0.5444555444555444,0.39760239760239763,21,-67,-88,True,True,19447
random,low,long,599,0.5204795204795205,0.35564435564435565,21,-57,-78,True,True,17854
random,low,long,600,0.4835164835164835,0.34765234765234765,21,-93,-114,True,True,16156
random,low,long,601,0.44455544455544455,0.2997002997002997,21,-51,-72,True,True,13755
random,low,long,602,0.4945054945054945,0.3436563436563437,21,-65,-86,True,True,18728
random,low,long,603,0.5054945054945055,0.36163836163836166,21,-57,-78,True,False,20020
random,low,long,604,0.002997002997002997,0.000999000999000999,21,21,0,False,True,3520
random,low,long,605,0.5204795204795205,0.36063936063936064,21,-59,-80,True,True,12476
random,low,long,606,0.46353646353646355,0.3146853146853147,21,-67,-88,True,True,16063
random,low,long,607,0.46653346653346656,0.3116883116883117,21,-63,-84,True,False,20020
random,low,long,608,0.5104895104895105,0.36063936063936064,21,-59,-80,True,True,14870
random,low,long,609,0.5054945054945055,0.35264735264735264,21,-83,-104,True,True,18527
random,low,long,610,0.5434565434565435,0.3786213786213786,21,-53,-74,True,True,15938
random,low,long,611,0.5394605394605395,0.3696303696303696,21,-59,-80,True,True,15968
random,low,long,612,0.5174825174825175,0.3806193806193806,21,-63,-84,True,True,13850
random,low,long,613,0.5774225774225774,0.3876123876123876,21,-43,-64,True,True,16359
random,low,long,614,0.4905094905094905,0.33766233766233766,21,-63,-84,True,True,15848
random,low,long,615,0.4855144855144855,0.34565434565434566,21,-71,-92,True,True,14397
random,low,long,616,0.47052947052947053,0.3336663336663337,21,-63,-84,True,True,13300
random,low,long,617,0.5134865134865135,0.3436563436563437,21,-79,-100,True,False,20020
random,low,long,618,0.5154845154845155,0.35764235764235763,21,-59,-80,True,False,20020
random,low,long,619,0.5294705294705294,0.3646353646353646,21,-73,-94,True,True,17411
random,low,long,620,0.5114885114885115,0.37462537462537465,21,-75,-96,True,True,17096
random,low,long,621,0.4805194805194805,0.3386613386613387,21,-65,-86,True,True,15181
random,low,long,622,0.006993006993006993,0.004995004995004995,21,19,-2,False,True,5837
random,low,long,623,0.44655344655344653,0.2987012987012987,21,-47,-68,True,True,17369
random,low,long,624,0.47352647352647353,0.3226773226773227,21,-57,-78,True,True,13050
random,low,long,625,0.4985014985014985,0.3306693306693307,21,-81,-102,True,False,20020
random,low,long,626,0.006993006993006993,0.002997002997002997,21,21,0,False,True,4151
random,low,long,627,0.5394605394605395,0.38461538461538464,21,-87,-108,True,True,18272
random,low,long,628,0.5344655344655345,0.3646353646353646,21,-93,-114,True,True,15733
random,low,long,629,0.5564435564435565,0.4045954045954046,21,-109,-130,True,True,15836
random,low,long,630,0.43156843156843155,0.2967032967032967,21,-39,-60,True,True,12857
random,low,long,631,0.3756243756243756,0.25274725274725274,21,-35,-56,True,True,19596
random,low,long,632,0.47052947052947053,0.32667332667332666,21,-83,-104,True,True,13263
random,low,long,633,0.35664335664335667,0.23476523476523475,21,-37,-58,True,True,16922
random,low,long,634,0.002997002997002997,0.000999000999000999,21,21,0,False,True,1071
random,low,long,635,0.4245754245754246,0.2887112887112887,21,-39,-60,True,True,17341
random,low,long,636,0.4045954045954046,0.27672327672327673,21,-51,-72,True,True,17658
random,low,long,637,0.5484515484515484,0.37962037962037964,21,-81,-102,True,True,15720
random,low,long,638,0.5564435564435565,0.38961038961038963,21,-93,-114,True,True,16968
random,low,long,639,0.4305694305694306,0.3026973026973027,21,-53,-74,True,True,16900
random,low,long,640,0.45254745254745254,0.3166833166833167,21,-69,-90,True,False,20020
random,low,long,641,0.023976023976023976,0.011988011988011988,21,17,-4,False,True,8033
random,low,long,642,0.001998001998001998,0.000999000999000999,21,21,0,False,True,168
random,low,long,643,0.5174825174825175,0.34865134865134867,21,-65,-86,True,True,19615
random,low,long,644,0.5314685314685315,0.3866133866133866,21,-75,-96,True,True,19339
random,low,long,645,0.003996003996003996,0.001998001998001998,21,21,0,False,True,1292
random,low,long,646,0.00999000999000999,0.005994005994005994,21,21,0,False,True,5721
random,low,long,647,0.3756243756243756,0.27472527472527475,21,-47,-68,True,True,13311
random,low,long,648,0.5424575424575424,0.38461538461538464,21,-63,-84,True,True,15164
random,low,long,649,0.4855144855144855,0.34265734265734266,21,-55,-76,True,True,14321
random,low,long,650,0.4975024975024975,0.3546453546453546,21,-81,-102,True,True,19848
random,low,long,651,0.33166833166833165,0.2217782217782218,21,-35,-56,True,True,18565
random,low,long,652,0.41058941058941056,0.2787212787212787,21,-55,-76,True,True,16532
random,low,long,653,0.001998001998001998,0.001998001998001998,21,19,-2,False,True,111
random,low,long,654,0.5404595404595405,0.3966033966033966,21,-83,-104,True,False,20020
random,low,long,655,0.5004995004995005,0.35264735264735264,21,-53,-74,True,False,20020
random,low,long,656,0.47652347652347654,0.33166833166833165,21,-55,-76,True,True,17534
random,low,long,657,0.4775224775224775,0.3276723276723277,21,-75,-96,True,True,14259
random,low,long,658,0.3756243756243756,0.25074925074925075,21,-49,-70,True,True,15429
random,low,long,659,0.002997002997002997,0.000999000999000999,21,21,0,False,True,961
random,low,long,660,0.4785214785214785,0.3226773226773227,21,-51,-72,True,True,18976
random,low,long,661,0.5164835164835165,0.36363636363636365,21,-71,-92,True,True,19526
random,low,long,662,0.42957042957042957,0.3016983016983017,21,-49,-70,True,False,20020
random,low,long,663,0.5064935064935064,0.35364635364635366,21,-81,-102,True,True,16638
random,low,long,664,0.4875124875124875,0.3516483516483517,21,-99,-120,True,False,20020
random,low,long,665,0.46853146853146854,0.3156843156843157,21,-65,-86,True,True,18695
random,low,long,666,0.5174825174825175,0.3646353646353646,21,-79,-100,True,True,15564
random,low,long,667,0.001998001998001998,0.000999000999000999,21,21,0,False,True,402
random,low,long,668,0.004995004995004995,0.003996003996003996,21,15,-6,False,True,1069
random,low,long,669,0.4955044955044955,0.3246753246753247,21,-55,-76,True,True,17095
random,low,long,670,0.5554445554445554,0.4225774225774226,21,-91,-112,True,False,20020
random,low,long,671,0.46653346653346656,0.3096903096903097,21,-85,-106,True,True,17196
random,low,long,672,0.5984015984015985,0.4175824175824176,21,-77,-98,True,True,16673
random,low,long,673,0.5154845154845155,0.36163836163836166,21,-91,-112,True,True,16145
random,low,long,674,0.5154845154845155,0.37662337662337664,21,-77,-98,True,True,15468
random,low,long,675,0.4805194805194805,0.3276723276723277,21,-61,-82,True,True,17694
random,low,long,676,0.5604395604395604,0.3986013986013986,21,-77,-98,True,True,15230
random,low,long,677,0.001998001998001998,0.001998001998001998,21,21,0,False,True,1448
random,low,long,678,0.004995004995004995,0.002997002997002997,21,21,0,False,True,4970
random,low,long,679,0.5684315684315684,0.4085914085914086,21,-55,-76,True,True,19824
random,low,long,680,0.001998001998001998,0.001998001998001998,21,21,0,False,True,957
random,low,long,681,0.5144855144855145,0.34565434565434566,21,-75,-96,True,True,16720
random,low,long,682,0.5854145854145855,0.4095904095904096,21,-69,-90,True,True,18779
random,low,long,683,0.5104895104895105,0.3646353646353646,21,-63,-84,True,True,16598
random,low,long,684,0.001998001998001998,0.000999000999000999,21,21,0,False,True,2093
random,low,long,685,0.5654345654345654,0.39760239760239763,21,-85,-106,True,True,17806
random,low,long,686,0.5324675324675324,0.3646353646353646,21,-71,-92,True,False,20020
random,low,long,687,0.004995004995004995,0.001998001998001998,21,21,0,False,True,1083
random,low,long,688,0.4725274725274725,0.3146853146853147,21,-53,-74,True,True,15459
random,low,long,689,0.4925074925074925,0.35064935064935066,21,-87,-108,True,True,17070
random,low,long,690,0.43956043956043955,0.3106893106893107,21,-57,-78,True,True,14656
random,low,long,691,0.5054945054945055,0.35564435564435565,21,-99,-120,True,True,17426
random,low,long,692,0.4165834165834166,0.2987012987012987,21,-71,-92,True,True,14907
random,low,long,693,0.5064935064935064,0.35564435564435565,21,-59,-80,True,True,12419
random,low,long,694,0.4825174825174825,0.34065934065934067,21,-55,-76,True,True,12849
random,low,long,695,0.5134865134865135,0.3776223776223776,21,-109,-130,True,True,16915
random,low,long,696,0.5274725274725275,0.36363636363636365,21,-95,-116,True,True,15971
random,low,long,697,0.4595404595404595,0.3226773226773227,21,-47,-68,True,True,19088
random,low,long,698,0.5644355644355644,0.4125874125874126,21,-75,-96,True,True,13539
random,low,long,699,0.5014985014985015,0.35064935064935066,21,-77,-98,True,True,13808
random,low,long,700,0.5294705294705294,0.3706293706293706,21,-63,-84,True,True,11998
random,low,long,701,0.4935064935064935,0.35064935064935066,21,-77,-98,True,True,15272
random,low,long,702,0.4905094905094905,0.34065934065934067,21,-67,-88,True,True,15027
random,low,long,703,0.5274725274725275,0.3676323676323676,21,-85,-106,True,True,13289
random,low,long,704,0.5224775224775224,0.3676323676323676,21,-85,-106,True,True,14630
random,low,long,705,0.5044955044955045,0.32967032967032966,21,-57,-78,True,True,18995
random,low,long,706,0.4175824175824176,0.2897102897102897,21,-45,-66,True,False,20020
random,low,long,707,0.5164835164835165,0.3706293706293706,21,-89,-110,True,True,14188
random,low,long,708,0.5474525474525475,0.3926073926073926,21,-71,-92,True,True,16290
random,low,long,709,0.5124875124875125,0.35764235764235763,21,-63,-84,True,True,14657
random,low,long,710,0.4955044955044955,0.33166833166833165,21,-71,-92,True,True,16425
random,low,long,711,0.007992007992007992,0.001998001998001998,21,21,0,False,True,2910
random,low,long,712,0.47652347652347654,0.3386613386613387,21,-59,-80,True,True,16787
random,low,long,713,0.5414585414585414,0.3866133866133866,21,-77,-98,True,True,15827
random,low,long,714,0.5514485514485514,0.3876123876123876,21,-51,-72,True,True,14885
random,low,long,715,0.001998001998001998,0.001998001998001998,21,21,0,False,True,1134
random,low,long,716,0.45854145854145856,0.3126873126873127,21,-67,-88,True,False,20020
random,low,long,717,0.47652347652347654,0.3206793206793207,21,-67,-88,True,False,20020
random,low,long,718,0.005994005994005994,0.002997002997002997,21,21,0,False,True,3532
random,low,long,719,0.01098901098901099,0.005994005994005994,21,21,0,False,True,2079
random,low,long,720,0.36863136863136864,0.25074925074925075,21,-51,-72,True,False,20020
random,low,long,721,0.4385614385614386,0.2957042957042957,21,-39,-60,True,True,15750
random,low,long,722,0.5404595404595405,0.3996003996003996,21,-103,-124,True,True,19248
random,low,long,723,0.4975024975024975,0.35664335664335667,21,-49,-70,True,True,16364
random,low,long,724,0.5384615384615384,0.38161838161838163,21,-99,-120,True,False,20020
random,low,long,725,0.5014985014985015,0.35664335664335667,21,-65,-86,True,True,17489
random,low,long,726,0.4385614385614386,0.2997002997002997,21,-47,-68,True,True,18338
random,low,long,727,0.4985014985014985,0.3436563436563437,21,-39,-60,True,True,18235
random,low,long,728,0.46153846153846156,0.3276723276723277,21,-41,-62,True,True,14265
random,low,long,729,0.4145854145854146,0.2787212787212787,21,-55,-76,True,False,20020
random,low,long,730,0.4725274725274725,0.3276723276723277,21,-45,-66,True,True,16502
random,low,long,731,0.4595404595404595,0.3116883116883117,21,-55,-76,True,True,17865
random,low,long,732,0.5734265734265734,0.42157842157842157,21,-93,-114,True,True,16562
random,low,long,733,0.5164835164835165,0.36063936063936064,21,-75,-96,True,True,14534
random,low,long,734,0.008991008991008992,0.005994005994005994,21,19,-2,False,True,2452
random,low,long,735,0.5294705294705294,0.3776223776223776,21,-75,-96,True,True,18460
random,low,long,736,0.42657342657342656,0.2957042957042957,21,-45,-66,True,True,16762
random,low,long,737,0.44655344655344653,0.31368631368631367,21,-61,-82,True,True,9785
random,low,long,738,0.001998001998001998,0.001998001998001998,21,21,0,False,True,2042
random,low,long,739,0.5404595404595405,0.3836163836163836,21,-93,-114,True,True,18588
random,low,long,740,0.45854145854145856,0.3246753246753247,21,-53,-74,True,True,16137
random,low,long,741,0.5644355644355644,0.4005994005994006,21,-77,-98,True,False,20020
random,low,long,742,0.4835164835164835,0.33466533466533466,21,-73,-94,True,True,13986
random,low,long,743,0.4995004995004995,0.3356643356643357,21,-55,-76,True,True,17005
random,low,long,744,0.5724275724275725,0.4065934065934066,21,-75,-96,True,True,19368
random,low,long,745,0.5024975024975025,0.36363636363636365,21,-77,-98,True,True,16135
random,low,long,746,0.001998001998001998,0.001998001998001998,21,19,-2,False,True,601
random,low,long,747,0.48951048951048953,0.3436563436563437,21,-67,-88,True,True,14676
random,low,long,748,0.001998001998001998,0.000999000999000999,21,19,-2,False,True,2624
random,low,long,749,0.4405594405594406,0.3026973026973027,21,-75,-96,True,True,19860
random,low,long,750,0.4775224775224775,0.3386613386613387,21,-67,-88,True,True,13914
random,low,long,751,0.5184815184815185,0.3516483516483517,21,-67,-88,True,False,20020
random,low,long,752,0.46053946053946054,0.32667332667332666,21,-57,-78,True,False,20020
random,low,long,753,0.5334665334665335,0.3806193806193806,21,-77,-98,True,True,11833
random,low,long,754,0.4565434565434565,0.32967032967032966,21,-69,-90,True,True,18486
random,low,long,755,0.5554445554445554,0.41358641358641357,21,-73,-94,True,True,19780
random,low,long,756,0.5004995004995005,0.3626373626373626,21,-65,-86,True,False,20020
random,low,long,757,0.5044955044955045,0.3756243756243756,21,-79,-100,True,True,18809
random,low,long,758,0.4485514485514486,0.2827172827172827,21,-41,-62,True,True,17893
random,low,long,759,0.48451548451548454,0.34465534465534464,21,-77,-98,True,False,20020
random,low,long,760,0.5574425574425574,0.38961038961038963,21,-95,-116,True,True,14980
random,low,long,761,0.5104895104895105,0.3516483516483517,21,-65,-86,True,True,15669
random,low,long,762,0.4785214785214785,0.34465534465534464,21,-53,-74,True,True,12535
random,low,long,763,0.4565434565434565,0.3146853146853147,21,-57,-78,True,False,20020
random,low,long,764,0.4725274725274725,0.33166833166833165,21,-57,-78,True,True,14975
random,low,long,765,0.5324675324675324,0.36563436563436563,21,-87,-108,True,True,18874
random,low,long,766,0.5504495504495505,0.3676323676323676,21,-35,-56,True,True,13909
random,low,long,767,0.002997002997002997,0.002997002997002997,21,21,0,False,True,591
random,low,long,768,0.4485514485514486,0.3116883116883117,21,-63,-84,True,True,16134
random,low,long,769,0.42857142857142855,0.2857142857142857,21,-41,-62,True,False,20020
random,low,long,770,0.41858141858141856,0.28771228771228774,21,-61,-82,True,True,15846
random,low,long,771,0.5194805194805194,0.3596403596403596,21,-81,-102,True,True,15514
random,low,long,772,0.43156843156843155,0.29270729270729273,21,-49,-70,True,True,13776
random,low,long,773,0.5094905094905094,0.35664335664335667,21,-55,-76,True,True,16632
random,low,long,774,0.4995004995004995,0.34965034965034963,21,-75,-96,True,True,12238
random,low,long,775,0.4405594405594406,0.3096903096903097,21,-67,-88,True,True,15564
random,low,long,776,0.00999000999000999,0.005994005994005994,21,19,-2,False,True,2985
random,low,long,777,0.5224775224775224,0.35564435564435565,21,-83,-104,True,True,13740
random,low,long,778,0.6103896103896104,0.43756243756243757,21,-87,-108,True,True,12966
random,low,long,779,0.46853146853146854,0.3256743256743257,21,-53,-74,True,True,18383
random,low,long,780,0.4935064935064935,0.33766233766233766,21,-81,-102,True,True,17905
random,low,long,781,0.001998001998001998,0.000999000999000999,21,21,0,False,True,658
random,low,long,782,0.000999000999000999,0.000999000999000999,21,21,0,False,False,20020
random,low,long,783,0.48151848151848153,0.34065934065934067,21,-85,-106,True,True,14369
random,low,long,784,0.43656343656343655,0.3086913086913087,21,-51,-72,True,False,20020
random,low,long,785,0.00999000999000999,0.005994005994005994,21,19,-2,False,True,4319
random,low,long,786,0.001998001998001998,0.001998001998001998,21,21,0,False,True,893
random,low,long,787,0.4485514485514486,0.3026973026973027,21,-43,-64,True,True,18268
random,low,long,788,0.008991008991008992,0.003996003996003996,21,21,0,False,True,4138
random,low,long,789,0.4035964035964036,0.2837162837162837,21,-71,-92,True,True,16463
random,low,long,790,0.5094905094905094,0.3646353646353646,21,-85,-106,True,True,18590
random,low,long,791,0.5054945054945055,0.3546453546453546,21,-85,-106,True,True,14769
random,low,long,792,0.4405594405594406,0.2997002997002997,21,-47,-68,True,True,12652
random,low,long,793,0.5164835164835165,0.3786213786213786,21,-71,-92,True,True,14205
random,low,long,794,0.5114885114885115,0.3706293706293706,21,-59,-80,True,True,11901
random,low,long,795,0.4485514485514486,0.3006993006993007,21,-43,-64,True,False,20020
random,low,long,796,0.5014985014985015,0.3546453546453546,21,-61,-82,True,True,16673
random,low,long,797,0.4675324675324675,0.33666333666333664,21,-55,-76,True,True,17772
random,low,long,798,0.5784215784215784,0.4145854145854146,21,-91,-112,True,True,15787
random,low,long,799,0.48151848151848153,0.34165834165834164,21,-59,-80,True,True,19453
random,low,long,800,0.5394605394605395,0.4015984015984016,21,-93,-114,True,True,19363
random,low,long,801,0.48151848151848153,0.32667332667332666,21,-71,-92,True,False,20020
random,low,long,802,0.4935064935064935,0.34565434565434566,21,-73,-94,True,True,14864
random,low,long,803,0.5074925074925075,0.36363636363636365,21,-51,-72,True,True,15276
random,low,long,804,0.014985014985014986,0.008991008991008992,21,17,-4,False,True,4294
random,low,long,805,0.44555444555444557,0.3146853146853147,21,-85,-106,True,True,17740
random,low,long,806,0.48951048951048953,0.34765234765234765,21,-79,-100,True,False,20020
random,low,long,807,0.48151848151848153,0.3276723276723277,21,-59,-80,True,True,17918
random,low,long,808,0.4515484515484515,0.3226773226773227,21,-57,-78,True,True,16552
random,low,long,809,0.44255744255744256,0.31368631368631367,21,-51,-72,True,True,15843
random,low,long,810,0.001998001998001998,0.001998001998001998,21,21,0,False,True,958
random,low,long,811,0.5444555444555444,0.3866133866133866,21,-81,-102,True,True,19082
random,low,long,812,0.5424575424575424,0.3836163836163836,21,-101,-122,True,False,20020
random,low,long,813,0.4945054945054945,0.34665334665334663,21,-51,-72,True,False,20020
random,low,long,814,0.5324675324675324,0.3756243756243756,21,-79,-100,True,True,16699
random,low,long,815,0.4955044955044955,0.34165834165834164,21,-71,-92,True,True,13567
random,low,long,816,0.006993006993006993,0.001998001998001998,21,19,-2,False,True,2916
random,low,long,817,0.003996003996003996,0.000999000999000999,21,21,0,False,True,590
random,low,long,818,0.4025974025974026,0.26673326673326675,21,-25,-46,True,True,18494
random,low,long,819,0.001998001998001998,0.001998001998001998,21,21,0,False,True,1985
random,low,long,820,0.4565434565434565,0.3106893106893107,21,-61,-82,True,True,14605
random,low,long,821,0.005994005994005994,0.001998001998001998,21,21,0,False,True,3777
random,low,long,822,0.5364635364635365,0.3876123876123876,21,-99,-120,True,False,20020
random,low,long,823,0.4945054945054945,0.34665334665334663,21,-73,-94,True,True,17918
random,low,long,824,0.003996003996003996,0.002997002997002997,21,21,0,False,True,7349
random,low,long,825,0.5234765234765235,0.37662337662337664,21,-79,-100,True,True,14825
random,low,long,826,0.001998001998001998,0.001998001998001998,21,19,-2,False,True,1549
random,low,long,827,0.5454545454545454,0.38161838161838163,21,-73,-94,True,True,16957
random,low,long,828,0.4945054945054945,0.34465534465534464,21,-71,-92,True,True,16979
random,low,long,829,0.4805194805194805,0.3166833166833167,21,-55,-76,True,False,20020
random,low,long,830,0.4975024975024975,0.34065934065934067,21,-77,-98,True,True,18962
random,low,long,831,0.47652347652347654,0.3246753246753247,21,-77,-98,True,True,11573
random,low,long,832,0.5274725274725275,0.36663336663336665,21,-65,-86,True,True,19116
random,low,long,833,0.006993006993006993,0.002997002997002997,21,21,0,False,True,1915
random,low,long,834,0.4885114885114885,0.34565434565434566,21,-59,-80,True,False,20020
random,low,long,835,0.48451548451548454,0.3436563436563437,21,-67,-88,True,False,20020
random,low,long,836,0.4695304695304695,0.3226773226773227,21,-85,-106,True,True,13920
random,low,long,837,0.4695304695304695,0.3156843156843157,21,-61,-82,True,True,15644
random,low,long,838,0.4165834165834166,0.2787212787212787,21,-39,-60,True,True,13394
random,low,long,839,0.5154845154845155,0.3596403596403596,21,-59,-80,True,True,15061
random,low,long,840,0.4905094905094905,0.3436563436563437,21,-93,-114,True,False,20020
random,low,long,841,0.002997002997002997,0.001998001998001998,21,19,-2,False,True,1462
random,low,long,842,0.5254745254745254,0.36663336663336665,21,-65,-86,True,False,20020
random,low,long,843,0.5354645354645354,0.3676323676323676,21,-73,-94,True,True,18969
random,low,long,844,0.4835164835164835,0.35264735264735264,21,-63,-84,True,True,17076
random,low,long,845,0.5074925074925075,0.3626373626373626,21,-65,-86,True,False,20020
random,low,long,846,0.46853146853146854,0.31868131868131866,21,-49,-70,True,False,20020
random,low,long,847,0.001998001998001998,0.000999000999000999,21,21,0,False,True,3791
random,low,long,848,0.4205794205794206,0.27972027972027974,21,-47,-68,True,True,15367
random,low,long,849,0.5914085914085914,0.4165834165834166,21,-93,-114,True,False,20020
random,low,long,850,0.5154845154845155,0.3866133866133866,21,-89,-110,True,True,17901
random,low,long,851,0.002997002997002997,0.001998001998001998,21,21,0,False,True,1108
random,low,long,852,0.4755244755244755,0.3336663336663337,21,-49,-70,True,False,20020
random,low,long,853,0.46853146853146854,0.3226773226773227,21,-49,-70,True,True,12252
random,low,long,854,0.5304695304695305,0.3696303696303696,21,-95,-116,True,True,18348
random,low,long,855,0.5454545454545454,0.37962037962037964,21,-55,-76,True,True,13952
random,low,long,856,0.5224775224775224,0.3626373626373626,21,-81,-102,True,False,20020
random,low,long,857,0.4865134865134865,0.33466533466533466,21,-51,-72,True,False,20020
random,low,long,858,0.4995004995004995,0.35064935064935066,21,-57,-78,True,True,17911
random,low,long,859,0.5004995004995005,0.3386613386613387,21,-67,-88,True,True,13385
random,low,long,860,0.5014985014985015,0.35564435564435565,21,-71,-92,True,False,20020
random,low,long,861,0.47352647352647353,0.33466533466533466,21,-71,-92,True,True,19109
random,low,long,862,0.4405594405594406,0.2777222777222777,21,-41,-62,True,True,13843
random,low,long,863,0.5184815184815185,0.3646353646353646,21,-67,-88,True,True,13033
random,low,long,864,0.5244755244755245,0.36563436563436563,21,-61,-82,True,True,16985
random,low,long,865,0.001998001998001998,0.000999000999000999,21,21,0,False,True,1208
random,low,long,866,0.46853146853146854,0.33666333666333664,21,-47,-68,True,True,15012
random,low,long,867,0.5424575424575424,0.3826173826173826,21,-79,-100,True,True,19223
random,low,long,868,0.5104895104895105,0.3696303696303696,21,-51,-72,True,True,11131
random,low,long,869,0.5324675324675324,0.38961038961038963,21,-73,-94,True,True,14871
random,low,long,870,0.005994005994005994,0.003996003996003996,21,21,0,False,True,2050
random,low,long,871,0.5304695304695305,0.37962037962037964,21,-93,-114,True,True,15193
random,low,long,872,0.5394605394605395,0.37362637362637363,21,-47,-68,True,True,18207
random,low,long,873,0.007992007992007992,0.004995004995004995,21,17,-4,False,True,4116
random,low,long,874,0.5404595404595405,0.3726273726273726,21,-83,-104,True,True,15584
random,low,long,875,0.5254745254745254,0.3676323676323676,21,-63,-84,True,False,20020
random,low,long,876,0.001998001998001998,0.001998001998001998,21,21,0,False,True,916
random,low,long,877,0.002997002997002997,0.002997002997002997,21,21,0,False,True,1327
random,low,long,878,0.5584415584415584,0.3866133866133866,21,-77,-98,True,True,14669
random,low,long,879,0.45454545454545453,0.3116883116883117,21,-51,-72,True,True,13400
random,low,long,880,0.5694305694305695,0.4045954045954046,21,-51,-72,True,True,16144
random,low,long,881,0.5234765234765235,0.38161838161838163,21,-85,-106,True,True,17128
random,low,long,882,0.002997002997002997,0.000999000999000999,21,21,0,False,True,669
random,low,long,883,0.008991008991008992,0.003996003996003996,21,21,0,False,True,3972
random,low,long,884,0.48951048951048953,0.3336663336663337,21,-61,-82,True,True,16110
random,low,long,885,0.5014985014985015,0.35264735264735264,21,-59,-80,True,True,17011
random,low,long,886,0.5094905094905094,0.34165834165834164,21,-65,-86,True,False,20020
random,low,long,887,0.4865134865134865,0.3436563436563437,21,-73,-94,True,True,15701
random,low,long,888,0.001998001998001998,0.001998001998001998,21,21,0,False,True,1121
random,low,long,889,0.5314685314685315,0.37462537462537465,21,-61,-82,True,True,18172
random,low,long,890,0.5274725274725275,0.3696303696303696,21,-67,-88,True,True,13606
random,low,long,891,0.5144855144855145,0.3706293706293706,21,-47,-68,True,True,13095
random,low,long,892,0.001998001998001998,0.000999000999000999,21,21,0,False,True,1005
random,low,long,893,0.5544455544455544,0.3996003996003996,21,-57,-78,True,True,13605
random,low,long,894,0.5254745254745254,0.3906093906093906,21,-69,-90,True,True,13585
random,low,long,895,0.5074925074925075,0.37662337662337664,21,-53,-74,True,False,20020
random,low,long,896,0.00999000999000999,0.005994005994005994,21,19,-2,False,True,2854
random,low,long,897,0.4355644355644356,0.3006993006993007,21,-57,-78,True,False,20020
random,low,long,898,0.001998001998001998,0.000999000999000999,21,21,0,False,True,595
random,low,long,899,0.5374625374625375,0.36563436563436563,21,-91,-112,True,True,19714
random,low,long,900,0.5254745254745254,0.3886113886113886,21,-81,-102,True,True,16992
random,low,long,901,0.007992007992007992,0.003996003996003996,21,21,0,False,True,1585
random,low,long,902,0.002997002997002997,0.001998001998001998,21,21,0,False,True,979
random,low,long,903,0.46653346653346656,0.3206793206793207,21,-59,-80,True,True,17576
random,low,long,904,0.5124875124875125,0.36663336663336665,21,-83,-104,True,True,16806
random,low,long,905,0.43156843156843155,0.2857142857142857,21,-51,-72,True,True,12912
random,low,long,906,0.4905094905094905,0.3336663336663337,21,-73,-94,True,True,18744
random,low,long,907,0.5034965034965035,0.35764235764235763,21,-81,-102,True,False,20020
random,low,long,908,0.4945054945054945,0.33466533466533466,21,-49,-70,True,True,19570
random,low,long,909,0.5004995004995005,0.37162837162837165,21,-41,-62,True,True,16210
random,low,long,910,0.5304695304695305,0.3726273726273726,21,-93,-114,True,True,15966
random,low,long,911,0.5174825174825175,0.36863136863136864,21,-79,-100,True,True,16816
random,low,long,912,0.003996003996003996,0.002997002997002997,21,21,0,False,True,3222
random,low,long,913,0.5054945054945055,0.3516483516483517,21,-75,-96,True,True,15548
random,low,long,914,0.48151848151848153,0.34165834165834164,21,-59,-80,True,True,15357
random,low,long,915,0.5534465534465535,0.38461538461538464,21,-85,-106,True,True,13774
random,low,long,916,0.5244755244755245,0.36063936063936064,21,-75,-96,True,False,20020
random,low,long,917,0.45554445554445555,0.3176823176823177,21,-63,-84,True,False,20020
random,low,long,918,0.4745254745254745,0.32367632367632365,21,-73,-94,True,True,15827
random,low,long,919,0.5394605394605395,0.3806193806193806,21,-93,-114,True,True,16382
random,low,long,920,0.43156843156843155,0.2997002997002997,21,-43,-64,True,True,12480
random,low,long,921,0.001998001998001998,0.000999000999000999,21,21,0,False,True,1049
random,low,long,922,0.48951048951048953,0.34265734265734266,21,-57,-78,True,True,17351
random,low,long,923,0.4925074925074925,0.35764235764235763,21,-61,-82,True,True,17116
random,low,long,924,0.5074925074925075,0.35364635364635366,21,-69,-90,True,True,15107
random,low,long,925,0.5044955044955045,0.35564435564435565,21,-89,-110,True,True,12531
random,low,long,926,0.4125874125874126,0.26873126873126874,21,-41,-62,True,True,16990
random,low,long,927,0.4915084915084915,0.34565434565434566,21,-45,-66,True,True,16081
random,low,long,928,0.003996003996003996,0.001998001998001998,21,19,-2,False,True,1684
random,low,long,929,0.4865134865134865,0.33666333666333664,21,-65,-86,True,True,17699
random,low,long,930,0.3876123876123876,0.26873126873126874,21,-47,-68,True,False,20020
random,low,long,931,0.004995004995004995,0.002997002997002997,21,21,0,False,True,1246
random,low,long,932,0.5274725274725275,0.3546453546453546,21,-59,-80,True,True,18021
random,low,long,933,0.48451548451548454,0.34965034965034963,21,-81,-102,True,True,12183
random,low,long,934,0.48451548451548454,0.32967032967032966,21,-55,-76,True,True,17087
random,low,long,935,0.5244755244755245,0.36363636363636365,21,-77,-98,True,True,14081
random,low,long,936,0.5784215784215784,0.41358641358641357,21,-81,-102,True,True,15391
random,low,long,937,0.006993006993006993,0.002997002997002997,21,21,0,False,True,3278
random,low,long,938,0.5214785214785215,0.3696303696303696,21,-77,-98,True,True,15003
random,low,long,939,0.001998001998001998,0.001998001998001998,21,21,0,False,True,490
random,low,long,940,0.4725274725274725,0.32367632367632365,21,-75,-96,True,True,14793
random,low,long,941,0.007992007992007992,0.001998001998001998,21,21,0,False,True,6453
random,low,long,942,0.5394605394605395,0.3886113886113886,21,-59,-80,True,True,16270
random,low,long,943,0.4875124875124875,0.34165834165834164,21,-67,-88,True,False,20020
random,low,long,944,0.5444555444555444,0.3986013986013986,21,-75,-96,True,True,15865
random,low,long,945,0.005994005994005994,0.004995004995004995,21,21,0,False,True,3037
random,low,long,946,0.4855144855144855,0.3436563436563437,21,-55,-76,True,True,16415
random,low,long,947,0.003996003996003996,0.002997002997002997,21,21,0,False,True,892
random,low,long,948,0.45454545454545453,0.31368631368631367,21,-59,-80,True,False,20020
random,low,long,949,0.5454545454545454,0.3876123876123876,21,-55,-76,True,True,15371
random,low,long,950,0.5124875124875125,0.3786213786213786,21,-71,-92,True,True,15267
random,low,long,951,0.002997002997002997,0.000999000999000999,21,21,0,False,True,497
random,low,long,952,0.001998001998001998,0.001998001998001998,21,19,-2,False,True,1007
random,low,long,953,0.5044955044955045,0.36163836163836166,21,-67,-88,True,True,14653
random,low,long,954,0.5404595404595405,0.3776223776223776,21,-71,-92,True,True,19264
random,low,long,955,0.4825174825174825,0.34265734265734266,21,-53,-74,True,True,18688
random,low,long,956,0.001998001998001998,0.001998001998001998,21,21,0,False,True,2541
random,low,long,957,0.45754245754245754,0.3246753246753247,21,-69,-90,True,True,17828
random,low,long,958,0.006993006993006993,0.004995004995004995,21,21,0,False,True,6409
random,low,long,959,0.42957042957042957,0.2957042957042957,21,-45,-66,True,False,20020
random,low,long,960,0.5844155844155844,0.42957042957042957,21,-101,-122,True,True,14649
random,low,long,961,0.001998001998001998,0.001998001998001998,21,19,-2,False,True,306
random,low,long,962,0.001998001998001998,0.000999000999000999,21,21,0,False,True,410
random,low,long,963,0.5434565434565435,0.3926073926073926,21,-53,-74,True,True,15956
random,low,long,964,0.5064935064935064,0.34465534465534464,21,-45,-66,True,True,17873
random,low,long,965,0.5324675324675324,0.38461538461538464,21,-73,-94,True,True,12637
random,low,long,966,0.001998001998001998,0.001998001998001998,21,19,-2,False,True,156
random,low,long,967,0.5104895104895105,0.35864135864135865,21,-45,-66,True,True,16405
random,low,long,968,0.5204795204795205,0.3676323676323676,21,-69,-90,True,True,16427
random,low,long,969,0.44455544455544455,0.3036963036963037,21,-53,-74,True,True,19977
random,low,long,970,0.43356643356643354,0.2887112887112887,21,-35,-56,True,True,11510
random,low,long,971,0.4725274725274725,0.3276723276723277,21,-59,-80,True,True,16199
random,low,long,972,0.002997002997002997,0.000999000999000999,21,21,0,False,True,2006
random,low,long,973,0.5674325674325674,0.3826173826173826,21,-67,-88,True,True,16682
random,low,long,974,0.5124875124875125,0.36663336663336665,21,-77,-98,True,False,20020
random,low,long,975,0.47152847152847155,0.3386613386613387,21,-73,-94,True,True,16862
random,low,long,976,0.5324675324675324,0.3876123876123876,21,-73,-94,True,True,15839
random,low,long,977,0.001998001998001998,0.001998001998001998,21,21,0,False,True,2298
random,low,long,978,0.001998001998001998,0.000999000999000999,21,21,0,False,True,487
random,low,long,979,0.4835164835164835,0.3386613386613387,21,-53,-74,True,True,13395
random,low,long,980,0.4835164835164835,0.32867132867132864,21,-67,-88,True,False,20020
random,low,long,981,0.4355644355644356,0.2967032967032967,21,-63,-84,True,True,18160
random,low,long,982,0.002997002997002997,0.000999000999000999,21,21,0,False,True,2524
random,low,long,983,0.5034965034965035,0.35264735264735264,21,-49,-70,True,True,13633
random,low,long,984,0.5264735264735265,0.3776223776223776,21,-73,-94,True,True,14701
random,low,long,985,0.5414585414585414,0.3946053946053946,21,-71,-92,True,False,20020
random,low,long,986,0.5024975024975025,0.36063936063936064,21,-95,-116,True,True,18602
random,low,long,987,0.5484515484515484,0.3826173826173826,21,-83,-104,True,False,20020
random,low,long,988,0.5124875124875125,0.34065934065934067,21,-69,-90,True,True,16600
random,low,long,989,0.5044955044955045,0.36063936063936064,21,-63,-84,True,True,16582
random,low,long,990,0.4755244755244755,0.3336663336663337,21,-71,-92,True,True,15344
random,low,long,991,0.4855144855144855,0.33166833166833165,21,-67,-88,True,True,17370
random,low,long,992,0.4355644355644356,0.28471528471528473,21,-53,-74,True,True,19300
random,low,long,993,0.4755244755244755,0.33466533466533466,21,-45,-66,True,True,16279
random,low,long,994,0.002997002997002997,0.001998001998001998,21,21,0,False,True,652
random,low,long,995,0.4905094905094905,0.34565434565434566,21,-79,-100,True,False,20020
random,low,long,996,0.43756243756243757,0.30569430569430567,21,-55,-76,True,True,19322
random,low,long,997,0.46653346653346656,0.33766233766233766,21,-69,-90,True,True,16728
random,low,long,998,0.00999000999000999,0.003996003996003996,21,19,-2,False,True,3996
random,low,long,999,0.006993006993006993,0.003996003996003996,21,19,-2,False,True,4965
random,high,short,0,0.005994005994005994,0.002997002997002997,21,19,-2,False,True,3874
random,high,short,1,0.011988011988011988,0.002997002997002997,21,21,0,False,False,5005
random,high,short,2,0.011988011988011988,0.003996003996003996,21,19,-2,False,True,2795
random,high,short,3,0.029970029970029972,0.011988011988011988,21,21,0,False,False,5005
random,high,short,4,0.002997002997002997,0.000999000999000999,21,21,0,False,True,2212
random,high,short,5,0.024975024975024976,0.007992007992007992,21,19,-2,False,False,5005
random,high,short,6,0.002997002997002997,0.000999000999000999,21,19,-2,False,True,1698
random,high,short,7,0.029970029970029972,0.011988011988011988,21,17,-4,False,False,5005
random,high,short,8,0.002997002997002997,0.000999000999000999,21,21,0,False,True,2431
random,high,short,9,0.022977022977022976,0.01098901098901099,21,17,-4,False,False,5005
random,high,short,10,0.01098901098901099,0.003996003996003996,21,21,0,False,False,5005
random,high,short,11,0.002997002997002997,0.000999000999000999,21,21,0,False,True,873
random,high,short,12,0.04995004995004995,0.017982017982017984,21,17,-4,False,False,5005
random,high,short,13,0.027972027972027972,0.011988011988011988,21,17,-4,False,False,5005
random,high,short,14,0.001998001998001998,0.000999000999000999,21,21,0,False,True,3721
random,high,short,15,0.053946053946053944,0.02197802197802198,21,17,-4,False,False,5005
random,high,short,16,0.002997002997002997,0.001998001998001998,21,21,0,False,True,1575
random,high,short,17,0.00999000999000999,0.002997002997002997,21,19,-2,False,False,5005
random,high,short,18,0.01998001998001998,0.008991008991008992,21,21,0,False,False,5005
random,high,short,19,0.003996003996003996,0.001998001998001998,21,21,0,False,True,1591
random,high,short,20,0.01098901098901099,0.003996003996003996,21,19,-2,False,False,5005
random,high,short,21,0.03196803196803197,0.013986013986013986,21,21,0,False,False,5005
random,high,short,22,0.002997002997002997,0.000999000999000999,21,21,0,False,True,1638
random,high,short,23,0.026973026973026972,0.008991008991008992,21,19,-2,False,False,5005
random,high,short,24,0.03196803196803197,0.008991008991008992,21,21,0,False,False,5005
random,high,short,25,0.01098901098901099,0.003996003996003996,21,21,0,False,True,3260
random,high,short,26,0.015984015984015984,0.005994005994005994,21,21,0,False,False,5005
random,high,short,27,0.016983016983016984,0.004995004995004995,21,21,0,False,False,5005
random,high,short,28,0.02097902097902098,0.007992007992007992,21,19,-2,False,False,5005
random,high,short,29,0.004995004995004995,0.001998001998001998,21,21,0,False,True,752
random,high,short,30,0.008991008991008992,0.001998001998001998,21,21,0,False,True,1522
random,high,short,31,0.005994005994005994,0.001998001998001998,21,21,0,False,True,3132
random,high,short,32,0.008991008991008992,0.002997002997002997,21,21,0,False,True,1787
random,high,short,33,0.007992007992007992,0.001998001998001998,21,21,0,False,True,1857
random,high,short,34,0.006993006993006993,0.001998001998001998,21,21,0,False,True,4091
random,high,short,35,0.002997002997002997,0.000999000999000999,21,21,0,False,True,1429
random,high,short,36,0.006993006993006993,0.000999000999000999,21,21,0,False,True,2984
random,high,short,37,0.017982017982017984,0.005994005994005994,21,21,0,False,False,5005
random,high,short,38,0.005994005994005994,0.000999000999000999,21,21,0,False,True,3776
random,high,short,39,0.01098901098901099,0.003996003996003996,21,19,-2,False,True,2137
random,high,short,40,0.002997002997002997,0.000999000999000999,21,21,0,False,True,3204
random,high,short,41,0.014985014985014986,0.003996003996003996,21,21,0,False,True,3380
random,high,short,42,0.011988011988011988,0.003996003996003996,21,19,-2,False,True,4366
random,high,short,43,0.003996003996003996,0.000999000999000999,21,21,0,False,True,1114
random,high,short,44,0.001998001998001998,0.000999000999000999,21,21,0,False,True,1093
random,high,short,45,0.005994005994005994,0.001998001998001998,21,21,0,False,False,5005
random,high,short,46,0.006993006993006993,0.000999000999000999,21,21,0,False,True,4031
random,high,short,47,0.026973026973026972,0.008991008991008992,21,17,-4,False,False,5005
random,high,short,48,0.026973026973026972,0.008991008991008992,21,21,0,False,False,5005
random,high,short,49,0.008991008991008992,0.001998001998001998,21,21,0,False,True,2870
random,high,short,50,0.003996003996003996,0.000999000999000999,21,21,0,False,True,745
random,high,short,51,0.014985014985014986,0.004995004995004995,21,17,-4,False,True,3002
random,high,short,52,0.002997002997002997,0.000999000999000999,21,21,0,False,True,1796
random,high,short,53,0.004995004995004995,0.001998001998001998,21,21,0,False,True,1564
random,high,short,54,0.001998001998001998,0.000999000999000999,21,21,0,False,False,5005
random,high,short,55,0.058941058941058944,0.023976023976023976,21,17,-4,False,False,5005
random,high,short,56,0.006993006993006993,0.002997002997002997,21,21,0,False,True,1946
random,high,short,57,0.001998001998001998,0.000999000999000999,21,21,0,False,True,1010
random,high,short,58,0.006993006993006993,0.001998001998001998,21,21,0,False,True,1537
random,high,short,59,0.005994005994005994,0.001998001998001998,21,19,-2,False,True,1169
random,high,short,60,0.004995004995004995,0.002997002997002997,21,19,-2,False,True,2373
random,high,short,61,0.001998001998001998,0.000999000999000999,21,21,0,False,True,996
random,high,short,62,0.002997002997002997,0.000999000999000999,21,19,-2,False,True,828
random,high,short,63,0.029970029970029972,0.01098901098901099,21,17,-4,False,False,5005
random,high,short,64,0.04595404595404595,0.014985014985014986,21,19,-2,False,False,5005
random,high,short,65,0.03596403596403597,0.013986013986013986,21,19,-2,False,False,5005
random,high,short,66,0.002997002997002997,0.000999000999000999,21,21,0,False,True,2531
random,high,short,67,0.00999000999000999,0.003996003996003996,21,19,-2,False,True,3530
random,high,short,68,0.004995004995004995,0.000999000999000999,21,21,0,False,True,1945
random,high,short,69,0.001998001998001998,0.001998001998001998,21,21,0,False,True,64
random,high,short,70,0.004995004995004995,0.000999000999000999,21,21,0,False,True,1369
random,high,short,71,0.02197802197802198,0.005994005994005994,21,19,-2,False,False,5005
random,high,short,72,0.001998001998001998,0.000999000999000999,21,21,0,False,True,2773
random,high,short,73,0.002997002997002997,0.000999000999000999,21,19,-2,False,True,2698
random,high,short,74,0.012987012987012988,0.002997002997002997,21,19,-2,False,True,3071
random,high,short,75,0.008991008991008992,0.002997002997002997,21,21,0,False,True,3956
random,high,short,76,0.002997002997002997,0.000999000999000999,21,21,0,False,True,2411
random,high,short,77,0.002997002997002997,0.000999000999000999,21,19,-2,False,True,807
random,high,short,78,0.002997002997002997,0.000999000999000999,21,21,0,False,True,1355
random,high,short,79,0.04195804195804196,0.014985014985014986,21,9,-12,False,False,5005
random,high,short,80,0.003996003996003996,0.001998001998001998,21,19,-2,False,False,5005
random,high,short,81,0.007992007992007992,0.002997002997002997,21,19,-2,False,False,5005
random,high,short,82,0.015984015984015984,0.005994005994005994,21,17,-4,False,False,5005
random,high,short,83,0.003996003996003996,0.000999000999000999,21,21,0,False,True,607
random,high,short,84,0.003996003996003996,0.001998001998001998,21,21,0,False,True,2360
random,high,short,85,0.004995004995004995,0.001998001998001998,21,19,-2,False,True,3113
random,high,short,86,0.007992007992007992,0.003996003996003996,21,21,0,False,True,1924
random,high,short,87,0.003996003996003996,0.000999000999000999,21,21,0,False,True,2067
random,high,short,88,0.01098901098901099,0.002997002997002997,21,21,0,False,True,2111
random,high,short,89,0.006993006993006993,0.003996003996003996,21,19,-2,False,True,2994
random,high,short,90,0.015984015984015984,0.005994005994005994,21,19,-2,False,True,4192
random,high,short,91,0.001998001998001998,0.000999000999000999,21,21,0,False,True,112
random,high,short,92,0.04395604395604396,0.017982017982017984,21,15,-6,False,False,5005
random,high,short,93,0.001998001998001998,0.000999000999000999,21,21,0,False,True,1430
random,high,short,94,0.001998001998001998,0.000999000999000999,21,21,0,False,True,1475
random,high,short,95,0.013986013986013986,0.005994005994005994,21,19,-2,False,False,5005
random,high,short,96,0.005994005994005994,0.001998001998001998,21,21,0,False,True,1910
random,high,short,97,0.003996003996003996,0.001998001998001998,21,21,0,False,True,1877
random,high,short,98,0.002997002997002997,0.000999000999000999,21,21,0,False,True,566
random,high,short,99,0.017982017982017984,0.006993006993006993,21,19,-2,False,False,5005
random,high,short,100,0.001998001998001998,0.000999000999000999,21,21,0,False,True,1451
random,high,short,101,0.005994005994005994,0.002997002997002997,21,21,0,False,False,5005
random,high,short,102,0.002997002997002997,0.000999000999000999,21,21,0,False,True,764
random,high,short,103,0.008991008991008992,0.002997002997002997,21,21,0,False,True,1791
random,high,short,104,0.004995004995004995,0.000999000999000999,21,21,0,False,True,4007
random,high,short,105,0.02097902097902098,0.007992007992007992,21,17,-4,False,True,4465
random,high,short,106,0.012987012987012988,0.005994005994005994,21,21,0,False,True,4625
random,high,short,107,0.004995004995004995,0.000999000999000999,21,21,0,False,True,2903
random,high,short,108,0.003996003996003996,0.001998001998001998,21,21,0,False,True,1360
random,high,short,109,0.00999000999000999,0.002997002997002997,21,21,0,False,True,2565
random,high,short,110,0.004995004995004995,0.001998001998001998,21,21,0,False,False,5005
random,high,short,111,0.003996003996003996,0.000999000999000999,21,21,0,False,True,2151
random,high,short,112,0.028971028971028972,0.011988011988011988,21,15,-6,False,False,5005
random,high,short,113,0.01098901098901099,0.001998001998001998,21,21,0,False,False,5005
random,high,short,114,0.003996003996003996,0.000999000999000999,21,21,0,False,True,3744
random,high,short,115,0.017982017982017984,0.005994005994005994,21,19,-2,False,True,4638
random,high,short,116,0.004995004995004995,0.002997002997002997,21,21,0,False,True,2179
random,high,short,117,0.00999000999000999,0.002997002997002997,21,21,0,False,True,4141
random,high,short,118,0.05194805194805195,0.014985014985014986,21,17,-4,False,False,5005
random,high,short,119,0.022977022977022976,0.008991008991008992,21,21,0,False,True,3656
random,high,short,120,0.003996003996003996,0.000999000999000999,21,19,-2,False,False,5005
random,high,short,121,0.002997002997002997,0.000999000999000999,21,21,0,False,True,2991
random,high,short,122,0.006993006993006993,0.001998001998001998,21,19,-2,False,True,1242
random,high,short,123,0.024975024975024976,0.007992007992007992,21,21,0,False,False,5005
random,high,short,124,0.002997002997002997,0.000999000999000999,21,19,-2,False,True,694
random,high,short,125,0.005994005994005994,0.002997002997002997,21,19,-2,False,False,5005
random,high,short,126,0.001998001998001998,0.000999000999000999,21,21,0,False,True,290
random,high,short,127,0.014985014985014986,0.003996003996003996,21,17,-4,False,False,5005
random,high,short,128,0.013986013986013986,0.005994005994005994,21,19,-2,False,False,5005
random,high,short,129,0.016983016983016984,0.004995004995004995,21,19,-2,False,False,5005
random,high,short,130,0.007992007992007992,0.002997002997002997,21,21,0,False,False,5005
random,high,short,131,0.003996003996003996,0.000999000999000999,21,21,0,False,True,3251
random,high,short,132,0.003996003996003996,0.000999000999000999,21,21,0,False,True,3035
random,high,short,133,0.004995004995004995,0.000999000999000999,21,21,0,False,True,953
random,high,short,134,0.008991008991008992,0.002997002997002997,21,21,0,False,True,2078
random,high,short,135,0.007992007992007992,0.001998001998001998,21,19,-2,False,True,1938
random,high,short,136,0.006993006993006993,0.000999000999000999,21,21,0,False,True,1887
random,high,short,137,0.006993006993006993,0.000999000999000999,21,21,0,False,False,5005
random,high,short,138,0.01998001998001998,0.005994005994005994,21,21,0,False,False,5005
random,high,short,139,0.008991008991008992,0.002997002997002997,21,21,0,False,True,4233
random,high,short,140,0.029970029970029972,0.00999000999000999,21,21,0,False,False,5005
random,high,short,141,0.01898101898101898,0.005994005994005994,21,21,0,False,False,5005
random,high,short,142,0.03396603396603397,0.011988011988011988,21,19,-2,False,False,5005
random,high,short,143,0.01998001998001998,0.007992007992007992,21,17,-4,False,True,2215
random,high,short,144,0.001998001998001998,0.001998001998001998,21,21,0,False,True,2511
random,high,short,145,0.003996003996003996,0.000999000999000999,21,21,0,False,False,5005
random,high,short,146,0.001998001998001998,0.000999000999000999,21,21,0,False,True,712
random,high,short,147,0.001998001998001998,0.001998001998001998,21,21,0,False,True,730
random,high,short,148,0.014985014985014986,0.003996003996003996,21,21,0,False,True,4981
random,high,short,149,0.002997002997002997,0.001998001998001998,21,19,-2,False,True,821
random,high,short,150,0.005994005994005994,0.003996003996003996,21,19,-2,False,True,1136
random,high,short,151,0.008991008991008992,0.001998001998001998,21,21,0,False,True,4803
random,high,short,152,0.002997002997002997,0.000999000999000999,21,21,0,False,True,884
random,high,short,153,0.006993006993006993,0.002997002997002997,21,21,0,False,True,3902
random,high,short,154,0.004995004995004995,0.002997002997002997,21,21,0,False,True,2253
random,high,short,155,0.002997002997002997,0.000999000999000999,21,21,0,False,True,1692
random,high,short,156,0.004995004995004995,0.000999000999000999,21,21,0,False,False,5005
random,high,short,157,0.003996003996003996,0.001998001998001998,21,21,0,False,True,829
random,high,short,158,0.017982017982017984,0.006993006993006993,21,19,-2,False,False,5005
random,high,short,159,0.016983016983016984,0.007992007992007992,21,19,-2,False,False,5005
random,high,short,160,0.000999000999000999,0.000999000999000999,21,21,0,False,False,5005
random,high,short,161,0.001998001998001998,0.000999000999000999,21,21,0,False,True,1005
random,high,short,162,0.002997002997002997,0.000999000999000999,21,21,0,False,True,3109
random,high,short,163,0.004995004995004995,0.001998001998001998,21,21,0,False,True,846
random,high,short,164,0.008991008991008992,0.001998001998001998,21,19,-2,False,True,4180
random,high,short,165,0.014985014985014986,0.004995004995004995,21,19,-2,False,False,5005
random,high,short,166,0.003996003996003996,0.000999000999000999,21,21,0,False,True,1494
random,high,short,167,0.01898101898101898,0.006993006993006993,21,21,0,False,False,5005
random,high,short,168,0.003996003996003996,0.000999000999000999,21,21,0,False,True,1719
random,high,short,169,0.005994005994005994,0.001998001998001998,21,21,0,False,True,1252
random,high,short,170,0.04895104895104895,0.015984015984015984,21,15,-6,False,False,5005
random,high,short,171,0.003996003996003996,0.000999000999000999,21,21,0,False,True,2531
random,high,short,172,0.00999000999000999,0.005994005994005994,21,21,0,False,False,5005
random,high,short,173,0.029970029970029972,0.01098901098901099,21,19,-2,False,False,5005
random,high,short,174,0.001998001998001998,0.000999000999000999,21,21,0,False,True,875
random,high,short,175,0.014985014985014986,0.005994005994005994,21,21,0,False,False,5005
random,high,short,176,0.007992007992007992,0.003996003996003996,21,21,0,False,True,1253
random,high,short,177,0.006993006993006993,0.002997002997002997,21,21,0,False,True,3941
random,high,short,178,0.03196803196803197,0.011988011988011988,21,21,0,False,False,5005
random,high,short,179,0.004995004995004995,0.001998001998001998,21,21,0,False,True,3541
random,high,short,180,0.04695304695304695,0.014985014985014986,21,19,-2,False,False,5005
random,high,short,181,0.003996003996003996,0.000999000999000999,21,21,0,False,True,927
random,high,short,182,0.004995004995004995,0.000999000999000999,21,21,0,False,True,2345
random,high,short,183,0.004995004995004995,0.000999000999000999,21,21,0,False,True,2126
random,high,short,184,0.016983016983016984,0.003996003996003996,21,21,0,False,False,5005
random,high,short,185,0.004995004995004995,0.000999000999000999,21,21,0,False,True,3307
random,high,short,186,0.008991008991008992,0.002997002997002997,21,21,0,False,True,1323
random,high,short,187,0.028971028971028972,0.012987012987012988,21,17,-4,False,False,5005
random,high,short,188,0.002997002997002997,0.001998001998001998,21,19,-2,False,True,302
random,high,short,189,0.001998001998001998,0.000999000999000999,21,21,0,False,True,2353
random,high,short,190,0.005994005994005994,0.003996003996003996,21,21,0,False,True,1699
random,high,short,191,0.01098901098901099,0.001998001998001998,21,21,0,False,True,3745
random,high,short,192,0.003996003996003996,0.001998001998001998,21,21,0,False,True,924
random,high,short,193,0.003996003996003996,0.001998001998001998,21,19,-2,False,True,3722
random,high,short,194,0.001998001998001998,0.000999000999000999,21,21,0,False,True,904
random,high,short,195,0.04795204795204795,0.016983016983016984,21,15,-6,False,True,4982
random,high,short,196,0.002997002997002997,0.000999000999000999,21,21,0,False,False,5005
random,high,short,197,0.005994005994005994,0.001998001998001998,21,21,0,False,True,1293
random,high,short,198,0.008991008991008992,0.001998001998001998,21,21,0,False,True,4184
random,high,short,199,0.005994005994005994,0.001998001998001998,21,21,0,False,True,2070
random,high,short,200,0.011988011988011988,0.002997002997002997,21,21,0,False,True,4139
random,high,short,201,0.003996003996003996,0.000999000999000999,21,21,0,False,True,1258
random,high,short,202,0.013986013986013986,0.003996003996003996,21,19,-2,False,False,5005
random,high,short,203,0.002997002997002997,0.000999000999000999,21,21,0,False,True,370
random,high,short,204,0.013986013986013986,0.004995004995004995,21,21,0,False,False,5005
random,high,short,205,0.008991008991008992,0.001998001998001998,21,21,0,False,True,2186
random,high,short,206,0.011988011988011988,0.003996003996003996,21,19,-2,False,False,5005
random,high,short,207,0.003996003996003996,0.000999000999000999,21,21,0,False,True,3957
random,high,short,208,0.002997002997002997,0.002997002997002997,21,21,0,False,True,1350
random,high,short,209,0.01998001998001998,0.004995004995004995,21,21,0,False,True,4035
random,high,short,210,0.003996003996003996,0.001998001998001998,21,19,-2,False,False,5005
random,high,short,211,0.007992007992007992,0.001998001998001998,21,21,0,False,True,4328
random,high,short,212,0.011988011988011988,0.002997002997002997,21,21,0,False,True,3472
random,high,short,213,0.004995004995004995,0.001998001998001998,21,19,-2,False,False,5005
random,high,short,214,0.023976023976023976,0.008991008991008992,21,17,-4,False,False,5005
random,high,short,215,0.001998001998001998,0.000999000999000999,21,21,0,False,True,879
random,high,short,216,0.014985014985014986,0.003996003996003996,21,21,0,False,False,5005
random,high,short,217,0.028971028971028972,0.007992007992007992,21,19,-2,False,False,5005
random,high,short,218,0.002997002997002997,0.000999000999000999,21,21,0,False,True,4978
random,high,short,219,0.003996003996003996,0.000999000999000999,21,21,0,False,True,1905
random,high,short,220,0.02097902097902098,0.006993006993006993,21,21,0,False,False,5005
random,high,short,221,0.027972027972027972,0.01098901098901099,21,17,-4,False,False,5005
random,high,short,222,0.002997002997002997,0.000999000999000999,21,21,0,False,True,1053
random,high,short,223,0.001998001998001998,0.000999000999000999,21,21,0,False,True,1062
random,high,short,224,0.007992007992007992,0.002997002997002997,21,19,-2,False,True,4491
random,high,short,225,0.003996003996003996,0.000999000999000999,21,21,0,False,True,3193
random,high,short,226,0.02197802197802198,0.006993006993006993,21,21,0,False,False,5005
random,high,short,227,0.001998001998001998,0.000999000999000999,21,19,-2,False,True,758
random,high,short,228,0.02097902097902098,0.01098901098901099,21,19,-2,False,False,5005
random,high,short,229,0.03696303696303696,0.013986013986013986,21,15,-6,False,False,5005
random,high,short,230,0.01998001998001998,0.008991008991008992,21,19,-2,False,False,5005
random,high,short,231,0.004995004995004995,0.002997002997002997,21,21,0,False,True,1347
random,high,short,232,0.012987012987012988,0.003996003996003996,21,19,-2,False,True,2564
random,high,short,233,0.01098901098901099,0.003996003996003996,21,19,-2,False,False,5005
random,high,short,234,0.004995004995004995,0.001998001998001998,21,21,0,False,True,691
random,high,short,235,0.011988011988011988,0.002997002997002997,21,19,-2,False,False,5005
random,high,short,236,0.025974025974025976,0.008991008991008992,21,19,-2,False,False,5005
random,high,short,237,0.012987012987012988,0.003996003996003996,21,19,-2,False,True,1867
random,high,short,238,0.015984015984015984,0.003996003996003996,21,21,0,False,False,5005
random,high,short,239,0.005994005994005994,0.001998001998001998,21,19,-2,False,True,2158
random,high,short,240,0.001998001998001998,0.000999000999000999,21,21,0,False,True,1579
random,high,short,241,0.013986013986013986,0.005994005994005994,21,17,-4,False,False,5005
random,high,short,242,0.013986013986013986,0.005994005994005994,21,21,0,False,True,2512
random,high,short,243,0.00999000999000999,0.003996003996003996,21,19,-2,False,True,3776
random,high,short,244,0.008991008991008992,0.001998001998001998,21,21,0,False,True,1236
random,high,short,245,0.006993006993006993,0.001998001998001998,21,21,0,False,False,5005
random,high,short,246,0.017982017982017984,0.005994005994005994,21,19,-2,False,True,3210
random,high,short,247,0.025974025974025976,0.011988011988011988,21,21,0,False,False,5005
random,high,short,248,0.004995004995004995,0.001998001998001998,21,21,0,False,True,1050
random,high,short,249,0.002997002997002997,0.000999000999000999,21,21,0,False,True,2265
random,high,short,250,0.024975024975024976,0.008991008991008992,21,19,-2,False,False,5005
random,high,short,251,0.003996003996003996,0.000999000999000999,21,21,0,False,True,3537
random,high,short,252,0.002997002997002997,0.000999000999000999,21,21,0,False,True,941
random,high,short,253,0.003996003996003996,0.000999000999000999,21,21,0,False,True,4514
random,high,short,254,0.005994005994005994,0.000999000999000999,21,21,0,False,True,3915
random,high,short,255,0.002997002997002997,0.001998001998001998,21,21,0,False,True,123
random,high,short,256,0.003996003996003996,0.001998001998001998,21,21,0,False,True,3019
random,high,short,257,0.007992007992007992,0.001998001998001998,21,21,0,False,True,3936
random,high,short,258,0.003996003996003996,0.000999000999000999,21,19,-2,False,True,2756
random,high,short,259,0.002997002997002997,0.000999000999000999,21,19,-2,False,True,1040
random,high,short,260,0.002997002997002997,0.001998001998001998,21,21,0,False,True,347
random,high,short,261,0.003996003996003996,0.001998001998001998,21,21,0,False,True,1331
random,high,short,262,0.008991008991008992,0.002997002997002997,21,21,0,False,False,5005
random,high,short,263,0.006993006993006993,0.001998001998001998,21,21,0,False,True,4049
random,high,short,264,0.013986013986013986,0.004995004995004995,21,19,-2,False,True,3403
random,high,short,265,0.007992007992007992,0.001998001998001998,21,19,-2,False,True,1341
random,high,short,266,0.006993006993006993,0.002997002997002997,21,21,0,False,True,1015
random,high,short,267,0.02197802197802198,0.00999000999000999,21,19,-2,False,False,5005
random,high,short,268,0.07092907092907093,0.027972027972027972,21,15,-6,False,False,5005
random,high,short,269,0.00999000999000999,0.003996003996003996,21,21,0,False,True,4302
random,high,short,270,0.03796203796203796,0.013986013986013986,21,17,-4,False,False,5005
random,high,short,271,0.005994005994005994,0.000999000999000999,21,21,0,False,True,2269
random,high,short,272,0.005994005994005994,0.001998001998001998,21,21,0,False,True,4398
random,high,short,273,0.028971028971028972,0.00999000999000999,21,17,-4,False,False,5005
random,high,short,274,0.005994005994005994,0.000999000999000999,21,19,-2,False,True,1901
random,high,short,275,0.006993006993006993,0.002997002997002997,21,19,-2,False,True,1267
random,high,short,276,0.006993006993006993,0.003996003996003996,21,21,0,False,True,1699
random,high,short,277,0.005994005994005994,0.002997002997002997,21,21,0,False,False,5005
random,high,short,278,0.006993006993006993,0.002997002997002997,21,21,0,False,True,2195
random,high,short,279,0.03496503496503497,0.011988011988011988,21,15,-6,False,False,5005
random,high,short,280,0.002997002997002997,0.000999000999000999,21,21,0,False,True,2113
random,high,short,281,0.002997002997002997,0.000999000999000999,21,21,0,False,True,1178
random,high,short,282,0.007992007992007992,0.001998001998001998,21,21,0,False,True,4521
random,high,short,283,0.008991008991008992,0.003996003996003996,21,19,-2,False,False,5005
random,high,short,284,0.025974025974025976,0.00999000999000999,21,17,-4,False,False,5005
random,high,short,285,0.005994005994005994,0.001998001998001998,21,19,-2,False,True,2125
random,high,short,286,0.013986013986013986,0.002997002997002997,21,21,0,False,False,5005
random,high,short,287,0.002997002997002997,0.000999000999000999,21,21,0,False,True,496
random,high,short,288,0.028971028971028972,0.01098901098901099,21,15,-6,False,False,5005
random,high,short,289,0.01898101898101898,0.004995004995004995,21,21,0,False,True,4411
random,high,short,290,0.002997002997002997,0.000999000999000999,21,21,0,False,True,1535
random,high,short,291,0.004995004995004995,0.001998001998001998,21,19,-2,False,True,3720
random,high,short,292,0.008991008991008992,0.001998001998001998,21,21,0,False,True,4199
random,high,short,293,0.01898101898101898,0.008991008991008992,21,17,-4,False,True,4139
random,high,short,294,0.013986013986013986,0.004995004995004995,21,19,-2,False,False,5005
random,high,short,295,0.003996003996003996,0.001998001998001998,21,21,0,False,True,4518
random,high,short,296,0.002997002997002997,0.001998001998001998,21,19,-2,False,True,2626
random,high,short,297,0.008991008991008992,0.003996003996003996,21,19,-2,False,True,2774
random,high,short,298,0.002997002997002997,0.000999000999000999,21,19,-2,False,True,2492
random,high,short,299,0.011988011988011988,0.003996003996003996,21,19,-2,False,False,5005
random,high,short,300,0.023976023976023976,0.00999000999000999,21,17,-4,False,False,5005
random,high,short,301,0.004995004995004995,0.001998001998001998,21,19,-2,False,True,2323
random,high,short,302,0.005994005994005994,0.000999000999000999,21,19,-2,False,True,2493
random,high,short,303,0.007992007992007992,0.004995004995004995,21,21,0,False,True,3798
random,high,short,304,0.00999000999000999,0.002997002997002997,21,21,0,False,True,2200
random,high,short,305,0.006993006993006993,0.002997002997002997,21,21,0,False,False,5005
random,high,short,306,0.008991008991008992,0.000999000999000999,21,21,0,False,True,3965
random,high,short,307,0.02197802197802198,0.007992007992007992,21,21,0,False,False,5005
random,high,short,308,0.03196803196803197,0.013986013986013986,21,19,-2,False,False,5005
random,high,short,309,0.008991008991008992,0.001998001998001998,21,21,0,False,True,1743
random,high,short,310,0.012987012987012988,0.007992007992007992,21,21,0,False,False,5005
random,high,short,311,0.001998001998001998,0.000999000999000999,21,21,0,False,True,608
random,high,short,312,0.005994005994005994,0.000999000999000999,21,21,0,False,True,2884
random,high,short,313,0.013986013986013986,0.004995004995004995,21,21,0,False,True,3984
random,high,short,314,0.00999000999000999,0.004995004995004995,21,19,-2,False,False,5005
random,high,short,315,0.013986013986013986,0.005994005994005994,21,21,0,False,False,5005
random,high,short,316,0.001998001998001998,0.000999000999000999,21,21,0,False,True,498
random,high,short,317,0.002997002997002997,0.000999000999000999,21,21,0,False,True,1948
random,high,short,318,0.007992007992007992,0.003996003996003996,21,17,-4,False,False,5005
random,high,short,319,0.001998001998001998,0.000999000999000999,21,21,0,False,True,78
random,high,short,320,0.012987012987012988,0.005994005994005994,21,21,0,False,False,5005
random,high,short,321,0.008991008991008992,0.003996003996003996,21,19,-2,False,False,5005
random,high,short,322,0.006993006993006993,0.002997002997002997,21,21,0,False,True,3558
random,high,short,323,0.006993006993006993,0.002997002997002997,21,21,0,False,True,2078
random,high,short,324,0.011988011988011988,0.003996003996003996,21,19,-2,False,False,5005
random,high,short,325,0.025974025974025976,0.006993006993006993,21,21,0,False,True,3411
random,high,short,326,0.005994005994005994,0.000999000999000999,21,21,0,False,True,2371
random,high,short,327,0.022977022977022976,0.011988011988011988,21,15,-6,False,False,5005
random,high,short,328,0.002997002997002997,0.000999000999000999,21,21,0,False,True,1957
random,high,short,329,0.005994005994005994,0.001998001998001998,21,21,0,False,True,2844
random,high,short,330,0.008991008991008992,0.002997002997002997,21,21,0,False,True,2195
random,high,short,331,0.007992007992007992,0.002997002997002997,21,21,0,False,False,5005
random,high,short,332,0.001998001998001998,0.000999000999000999,21,21,0,False,True,1149
random,high,short,333,0.01998001998001998,0.008991008991008992,21,19,-2,False,False,5005
random,high,short,334,0.002997002997002997,0.000999000999000999,21,21,0,False,True,2472
random,high,short,335,0.002997002997002997,0.000999000999000999,21,21,0,False,True,1171
random,high,short,336,0.006993006993006993,0.002997002997002997,21,21,0,False,True,2271
random,high,short,337,0.013986013986013986,0.005994005994005994,21,17,-4,False,False,5005
random,high,short,338,0.006993006993006993,0.001998001998001998,21,19,-2,False,True,2763
random,high,short,339,0.02097902097902098,0.006993006993006993,21,21,0,False,False,5005
random,high,short,340,0.008991008991008992,0.003996003996003996,21,19,-2,False,False,5005
random,high,short,341,0.022977022977022976,0.007992007992007992,21,21,0,False,False,5005
random,high,short,342,0.005994005994005994,0.000999000999000999,21,21,0,False,True,1645
random,high,short,343,0.008991008991008992,0.000999000999000999,21,21,0,False,False,5005
random,high,short,344,0.002997002997002997,0.000999000999000999,21,21,0,False,True,797
random,high,short,345,0.003996003996003996,0.000999000999000999,21,21,0,False,True,2409
random,high,short,346,0.014985014985014986,0.002997002997002997,21,19,-2,False,True,3858
random,high,short,347,0.01098901098901099,0.003996003996003996,21,19,-2,False,False,5005
random,high,short,348,0.011988011988011988,0.002997002997002997,21,21,0,False,True,4469
random,high,short,349,0.00999000999000999,0.004995004995004995,21,21,0,False,True,2534
random,high,short,350,0.01898101898101898,0.006993006993006993,21,17,-4,False,False,5005
random,high,short,351,0.01998001998001998,0.006993006993006993,21,19,-2,False,False,5005
random,high,short,352,0.005994005994005994,0.001998001998001998,21,19,-2,False,False,5005
random,high,short,353,0.014985014985014986,0.004995004995004995,21,19,-2,False,False,5005
random,high,short,354,0.006993006993006993,0.000999000999000999,21,21,0,False,True,3495
random,high,short,355,0.01098901098901099,0.002997002997002997,21,21,0,False,False,5005
random,high,short,356,0.002997002997002997,0.000999000999000999,21,21,0,False,True,1372
random,high,short,357,0.030969030969030968,0.011988011988011988,21,21,0,False,False,5005
random,high,short,358,0.004995004995004995,0.002997002997002997,21,21,0,False,False,5005
random,high,short,359,0.001998001998001998,0.000999000999000999,21,19,-2,False,True,1400
random,high,short,360,0.017982017982017984,0.003996003996003996,21,21,0,False,False,5005
random,high,short,361,0.001998001998001998,0.000999000999000999,21,21,0,False,True,2449
random,high,short,362,0.01898101898101898,0.005994005994005994,21,19,-2,False,False,5005
random,high,short,363,0.014985014985014986,0.003996003996003996,21,21,0,False,True,4479
random,high,short,364,0.002997002997002997,0.000999000999000999,21,21,0,False,True,1005
random,high,short,365,0.002997002997002997,0.000999000999000999,21,21,0,False,True,2510
random,high,short,366,0.004995004995004995,0.000999000999000999,21,21,0,False,True,2303
random,high,short,367,0.01998001998001998,0.00999000999000999,21,17,-4,False,False,5005
random,high,short,368,0.030969030969030968,0.011988011988011988,21,19,-2,False,False,5005
random,high,short,369,0.002997002997002997,0.001998001998001998,21,21,0,False,True,1031
random,high,short,370,0.002997002997002997,0.000999000999000999,21,21,0,False,True,1184
random,high,short,371,0.007992007992007992,0.002997002997002997,21,19,-2,False,True,3793
random,high,short,372,0.01098901098901099,0.001998001998001998,21,21,0,False,True,2919
random,high,short,373,0.002997002997002997,0.001998001998001998,21,21,0,False,True,2073
random,high,short,374,0.03296703296703297,0.012987012987012988,21,19,-2,False,False,5005
random,high,short,375,0.004995004995004995,0.001998001998001998,21,21,0,False,True,2767
random,high,short,376,0.007992007992007992,0.002997002997002997,21,19,-2,False,True,2615
random,high,short,377,0.002997002997002997,0.000999000999000999,21,21,0,False,True,1060
random,high,short,378,0.001998001998001998,0.000999000999000999,21,21,0,False,True,2649
random,high,short,379,0.01098901098901099,0.003996003996003996,21,21,0,False,True,4332
random,high,short,380,0.004995004995004995,0.000999000999000999,21,21,0,False,True,2999
random,high,short,381,0.007992007992007992,0.001998001998001998,21,21,0,False,True,3376
random,high,short,382,0.001998001998001998,0.000999000999000999,21,21,0,False,True,1463
random,high,short,383,0.005994005994005994,0.000999000999000999,21,21,0,False,True,2453
random,high,short,384,0.01998001998001998,0.006993006993006993,21,21,0,False,False,5005
random,high,short,385,0.016983016983016984,0.004995004995004995,21,21,0,False,False,5005
random,high,short,386,0.01098901098901099,0.003996003996003996,21,17,-4,False,True,3565
random,high,short,387,0.00999000999000999,0.001998001998001998,21,21,0,False,True,2760
random,high,short,388,0.007992007992007992,0.002997002997002997,21,21,0,False,True,2142
random,high,short,389,0.003996003996003996,0.002997002997002997,21,21,0,False,True,1786
random,high,short,390,0.002997002997002997,0.000999000999000999,21,21,0,False,True,971
random,high,short,391,0.012987012987012988,0.002997002997002997,21,19,-2,False,True,3592
random,high,short,392,0.008991008991008992,0.002997002997002997,21,19,-2,False,False,5005
random,high,short,393,0.005994005994005994,0.002997002997002997,21,19,-2,False,True,922
random,high,short,394,0.001998001998001998,0.001998001998001998,21,21,0,False,True,1684
random,high,short,395,0.003996003996003996,0.001998001998001998,21,21,0,False,True,1539
random,high,short,396,0.02197802197802198,0.004995004995004995,21,19,-2,False,True,4953
random,high,short,397,0.003996003996003996,0.001998001998001998,21,21,0,False,True,2475
random,high,short,398,0.004995004995004995,0.001998001998001998,21,21,0,False,True,2826
random,high,short,399,0.001998001998001998,0.000999000999000999,21,21,0,False,True,2121
random,high,short,400,0.001998001998001998,0.000999000999000999,21,21,0,False,False,5005
random,high,short,401,0.001998001998001998,0.000999000999000999,21,21,0,False,True,448
random,high,short,402,0.004995004995004995,0.001998001998001998,21,17,-4,False,True,1297
random,high,short,403,0.001998001998001998,0.001998001998001998,21,21,0,False,True,1315
random,high,short,404,0.003996003996003996,0.000999000999000999,21,21,0,False,True,1745
random,high,short,405,0.012987012987012988,0.005994005994005994,21,21,0,False,False,5005
random,high,short,406,0.014985014985014986,0.003996003996003996,21,21,0,False,True,3827
random,high,short,407,0.005994005994005994,0.000999000999000999,21,19,-2,False,True,2917
random,high,short,408,0.01998001998001998,0.006993006993006993,21,21,0,False,True,4482
random,high,short,409,0.022977022977022976,0.007992007992007992,21,19,-2,False,True,4462
random,high,short,410,0.003996003996003996,0.000999000999000999,21,21,0,False,True,3033
random,high,short,411,0.02197802197802198,0.006993006993006993,21,17,-4,False,False,5005
random,high,short,412,0.008991008991008992,0.003996003996003996,21,19,-2,False,True,4421
random,high,short,413,0.008991008991008992,0.002997002997002997,21,21,0,False,False,5005
random,high,short,414,0.028971028971028972,0.007992007992007992,21,19,-2,False,False,5005
random,high,short,415,0.004995004995004995,0.000999000999000999,21,21,0,False,True,2797
random,high,short,416,0.005994005994005994,0.001998001998001998,21,21,0,False,True,1531
random,high,short,417,0.002997002997002997,0.000999000999000999,21,21,0,False,True,2046
random,high,short,418,0.005994005994005994,0.001998001998001998,21,21,0,False,True,2503
random,high,short,419,0.029970029970029972,0.00999000999000999,21,17,-4,False,True,4440
random,high,short,420,0.024975024975024976,0.005994005994005994,21,19,-2,False,True,3599
random,high,short,421,0.011988011988011988,0.001998001998001998,21,21,0,False,True,3940
random,high,short,422,0.03896103896103896,0.016983016983016984,21,17,-4,False,False,5005
random,high,short,423,0.002997002997002997,0.000999000999000999,21,21,0,False,True,942
random,high,short,424,0.008991008991008992,0.002997002997002997,21,21,0,False,True,3478
random,high,short,425,0.02097902097902098,0.005994005994005994,21,17,-4,False,True,4671
random,high,short,426,0.002997002997002997,0.001998001998001998,21,21,0,False,True,774
random,high,short,427,0.02197802197802198,0.007992007992007992,21,21,0,False,False,5005
random,high,short,428,0.004995004995004995,0.000999000999000999,21,19,-2,False,True,4475
random,high,short,429,0.03696303696303696,0.015984015984015984,21,17,-4,False,False,5005
random,high,short,430,0.002997002997002997,0.000999000999000999,21,21,0,False,True,1360
random,high,short,431,0.00999000999000999,0.005994005994005994,21,17,-4,False,True,2448
random,high,short,432,0.006993006993006993,0.001998001998001998,21,21,0,False,True,3293
random,high,short,433,0.003996003996003996,0.000999000999000999,21,21,0,False,True,1323
random,high,short,434,0.002997002997002997,0.000999000999000999,21,21,0,False,True,1143
random,high,short,435,0.015984015984015984,0.003996003996003996,21,19,-2,False,False,5005
random,high,short,436,0.016983016983016984,0.005994005994005994,21,19,-2,False,False,5005
random,high,short,437,0.00999000999000999,0.001998001998001998,21,21,0,False,True,3705
random,high,short,438,0.011988011988011988,0.001998001998001998,21,19,-2,False,True,4039
random,high,short,439,0.005994005994005994,0.001998001998001998,21,19,-2,False,True,2072
random,high,short,440,0.002997002997002997,0.000999000999000999,21,21,0,False,True,1451
random,high,short,441,0.003996003996003996,0.001998001998001998,21,21,0,False,False,5005
random,high,short,442,0.003996003996003996,0.000999000999000999,21,21,0,False,True,4610
random,high,short,443,0.016983016983016984,0.004995004995004995,21,17,-4,False,False,5005
random,high,short,444,0.016983016983016984,0.004995004995004995,21,19,-2,False,False,5005
random,high,short,445,0.001998001998001998,0.000999000999000999,21,21,0,False,True,1233
random,high,short,446,0.007992007992007992,0.003996003996003996,21,19,-2,False,True,4639
random,high,short,447,0.001998001998001998,0.000999000999000999,21,21,0,False,True,299
random,high,short,448,0.003996003996003996,0.001998001998001998,21,21,0,False,True,598
random,high,short,449,0.012987012987012988,0.004995004995004995,21,21,0,False,False,5005
random,high,short,450,0.003996003996003996,0.000999000999000999,21,21,0,False,True,451
random,high,short,451,0.01998001998001998,0.008991008991008992,21,21,0,False,False,5005
random,high,short,452,0.004995004995004995,0.000999000999000999,21,21,0,False,True,2684
random,high,short,453,0.001998001998001998,0.000999000999000999,21,21,0,False,True,1173
random,high,short,454,0.017982017982017984,0.005994005994005994,21,19,-2,False,True,3650
random,high,short,455,0.003996003996003996,0.000999000999000999,21,21,0,False,False,5005
random,high,short,456,0.006993006993006993,0.001998001998001998,21,21,0,False,True,2889
random,high,short,457,0.002997002997002997,0.000999000999000999,21,19,-2,False,True,458
random,high,short,458,0.004995004995004995,0.001998001998001998,21,21,0,False,True,863
random,high,short,459,0.001998001998001998,0.000999000999000999,21,21,0,False,False,5005
random,high,short,460,0.006993006993006993,0.000999000999000999,21,21,0,False,True,2550
random,high,short,461,0.005994005994005994,0.000999000999000999,21,21,0,False,False,5005
random,high,short,462,0.003996003996003996,0.001998001998001998,21,21,0,False,True,1461
random,high,short,463,0.01898101898101898,0.007992007992007992,21,15,-6,False,False,5005
random,high,short,464,0.004995004995004995,0.000999000999000999,21,21,0,False,True,3475
random,high,short,465,0.006993006993006993,0.002997002997002997,21,21,0,False,False,5005
random,high,short,466,0.002997002997002997,0.001998001998001998,21,21,0,False,True,3527
random,high,short,467,0.011988011988011988,0.001998001998001998,21,21,0,False,True,3493
random,high,short,468,0.00999000999000999,0.004995004995004995,21,17,-4,False,True,2289
random,high,short,469,0.015984015984015984,0.004995004995004995,21,21,0,False,False,5005
random,high,short,470,0.01098901098901099,0.002997002997002997,21,21,0,False,True,4944
random,high,short,471,0.026973026973026972,0.00999000999000999,21,21,0,False,False,5005
random,high,short,472,0.023976023976023976,0.005994005994005994,21,19,-2,False,True,4102
random,high,short,473,0.01098901098901099,0.001998001998001998,21,21,0,False,True,3825
random,high,short,474,0.00999000999000999,0.002997002997002997,21,21,0,False,True,4316
random,high,short,475,0.001998001998001998,0.000999000999000999,21,21,0,False,True,635
random,high,short,476,0.004995004995004995,0.000999000999000999,21,21,0,False,True,2944
random,high,short,477,0.01998001998001998,0.007992007992007992,21,19,-2,False,False,5005
random,high,short,478,0.002997002997002997,0.000999000999000999,21,21,0,False,True,3432
random,high,short,479,0.017982017982017984,0.005994005994005994,21,19,-2,False,True,3467
random,high,short,480,0.002997002997002997,0.001998001998001998,21,21,0,False,True,1580
random,high,short,481,0.02197802197802198,0.006993006993006993,21,21,0,False,True,4117
random,high,short,482,0.003996003996003996,0.000999000999000999,21,21,0,False,False,5005
random,high,short,483,0.012987012987012988,0.004995004995004995,21,19,-2,False,True,4713
random,high,short,484,0.015984015984015984,0.006993006993006993,21,21,0,False,False,5005
random,high,short,485,0.005994005994005994,0.000999000999000999,21,21,0,False,True,2500
random,high,short,486,0.007992007992007992,0.002997002997002997,21,21,0,False,False,5005
random,high,short,487,0.002997002997002997,0.001998001998001998,21,21,0,False,True,1143
random,high,short,488,0.04395604395604396,0.013986013986013986,21,15,-6,False,False,5005
random,high,short,489,0.004995004995004995,0.001998001998001998,21,21,0,False,True,2581
random,high,short,490,0.007992007992007992,0.002997002997002997,21,21,0,False,False,5005
random,high,short,491,0.01098901098901099,0.002997002997002997,21,21,0,False,False,5005
random,high,short,492,0.003996003996003996,0.001998001998001998,21,21,0,False,True,2120
random,high,short,493,0.001998001998001998,0.000999000999000999,21,21,0,False,True,474
random,high,short,494,0.03596403596403597,0.011988011988011988,21,21,0,False,False,5005
random,high,short,495,0.03496503496503497,0.00999000999000999,21,15,-6,False,False,5005
random,high,short,496,0.028971028971028972,0.008991008991008992,21,19,-2,False,False,5005
random,high,short,497,0.007992007992007992,0.002997002997002997,21,21,0,False,True,3074
random,high,short,498,0.006993006993006993,0.001998001998001998,21,21,0,False,False,5005
random,high,short,499,0.002997002997002997,0.000999000999000999,21,21,0,False,True,927
random,high,short,500,0.014985014985014986,0.006993006993006993,21,21,0,False,False,5005
random,high,short,501,0.017982017982017984,0.004995004995004995,21,17,-4,False,False,5005
random,high,short,502,0.01098901098901099,0.002997002997002997,21,21,0,False,True,3354
random,high,short,503,0.027972027972027972,0.01098901098901099,21,17,-4,False,False,5005
random,high,short,504,0.007992007992007992,0.003996003996003996,21,21,0,False,False,5005
random,high,short,505,0.008991008991008992,0.003996003996003996,21,21,0,False,True,4009
random,high,short,506,0.001998001998001998,0.000999000999000999,21,19,-2,False,True,1308
random,high,short,507,0.002997002997002997,0.000999000999000999,21,21,0,False,True,1267
random,high,short,508,0.002997002997002997,0.000999000999000999,21,19,-2,False,True,966
random,high,short,509,0.001998001998001998,0.000999000999000999,21,21,0,False,True,3610
random,high,short,510,0.013986013986013986,0.005994005994005994,21,19,-2,False,False,5005
random,high,short,511,0.01098901098901099,0.002997002997002997,21,21,0,False,True,1727
random,high,short,512,0.002997002997002997,0.000999000999000999,21,21,0,False,True,1220
random,high,short,513,0.00999000999000999,0.001998001998001998,21,19,-2,False,True,3294
random,high,short,514,0.006993006993006993,0.001998001998001998,21,21,0,False,True,3425
random,high,short,515,0.014985014985014986,0.005994005994005994,21,15,-6,False,False,5005
random,high,short,516,0.004995004995004995,0.001998001998001998,21,19,-2,False,False,5005
random,high,short,517,0.001998001998001998,0.000999000999000999,21,21,0,False,True,379
random,high,short,518,0.003996003996003996,0.001998001998001998,21,19,-2,False,True,3738
random,high,short,519,0.002997002997002997,0.001998001998001998,21,21,0,False,True,1321
random,high,short,520,0.01098901098901099,0.002997002997002997,21,19,-2,False,True,1705
random,high,short,521,0.008991008991008992,0.001998001998001998,21,21,0,False,True,3760
random,high,short,522,0.002997002997002997,0.000999000999000999,21,21,0,False,True,2512
random,high,short,523,0.02197802197802198,0.007992007992007992,21,21,0,False,False,5005
random,high,short,524,0.011988011988011988,0.003996003996003996,21,19,-2,False,False,5005
random,high,short,525,0.006993006993006993,0.001998001998001998,21,21,0,False,True,2759
random,high,short,526,0.023976023976023976,0.01098901098901099,21,17,-4,False,True,4515
random,high,short,527,0.027972027972027972,0.00999000999000999,21,15,-6,False,False,5005
random,high,short,528,0.001998001998001998,0.000999000999000999,21,21,0,False,True,286
random,high,short,529,0.01098901098901099,0.003996003996003996,21,19,-2,False,True,2454
random,high,short,530,0.015984015984015984,0.005994005994005994,21,19,-2,False,True,4696
random,high,short,531,0.01998001998001998,0.00999000999000999,21,21,0,False,False,5005
random,high,short,532,0.002997002997002997,0.000999000999000999,21,21,0,False,True,1795
random,high,short,533,0.001998001998001998,0.000999000999000999,21,21,0,False,True,3618
random,high,short,534,0.001998001998001998,0.000999000999000999,21,21,0,False,False,5005
random,high,short,535,0.004995004995004995,0.001998001998001998,21,21,0,False,True,2823
random,high,short,536,0.014985014985014986,0.004995004995004995,21,21,0,False,False,5005
random,high,short,537,0.016983016983016984,0.005994005994005994,21,19,-2,False,True,4498
random,high,short,538,0.015984015984015984,0.005994005994005994,21,17,-4,False,False,5005
random,high,short,539,0.02197802197802198,0.003996003996003996,21,21,0,False,True,4086
random,high,short,540,0.007992007992007992,0.003996003996003996,21,21,0,False,True,3442
random,high,short,541,0.001998001998001998,0.000999000999000999,21,21,0,False,True,506
random,high,short,542,0.001998001998001998,0.000999000999000999,21,21,0,False,True,298
random,high,short,543,0.007992007992007992,0.001998001998001998,21,17,-4,False,True,2834
random,high,short,544,0.003996003996003996,0.000999000999000999,21,21,0,False,True,2451
random,high,short,545,0.002997002997002997,0.000999000999000999,21,21,0,False,True,1516
random,high,short,546,0.01998001998001998,0.007992007992007992,21,21,0,False,False,5005
random,high,short,547,0.01898101898101898,0.005994005994005994,21,17,-4,False,False,5005
random,high,short,548,0.011988011988011988,0.003996003996003996,21,21,0,False,False,5005
random,high,short,549,0.002997002997002997,0.001998001998001998,21,19,-2,False,True,1226
random,high,short,550,0.03396603396603397,0.013986013986013986,21,21,0,False,True,4536
random,high,short,551,0.001998001998001998,0.000999000999000999,21,21,0,False,True,1803
random,high,short,552,0.002997002997002997,0.000999000999000999,21,21,0,False,True,3445
random,high,short,553,0.004995004995004995,0.001998001998001998,21,17,-4,False,True,3915
random,high,short,554,0.01098901098901099,0.003996003996003996,21,21,0,False,True,4252
random,high,short,555,0.03996003996003996,0.013986013986013986,21,17,-4,False,False,5005
random,high,short,556,0.006993006993006993,0.001998001998001998,21,19,-2,False,True,3906
random,high,short,557,0.01898101898101898,0.004995004995004995,21,21,0,False,False,5005
random,high,short,558,0.002997002997002997,0.000999000999000999,21,21,0,False,True,3199
random,high,short,559,0.022977022977022976,0.006993006993006993,21,21,0,False,False,5005
random,high,short,560,0.004995004995004995,0.000999000999000999,21,19,-2,False,True,1786
random,high,short,561,0.004995004995004995,0.001998001998001998,21,19,-2,False,True,1944
random,high,short,562,0.008991008991008992,0.004995004995004995,21,21,0,False,True,2238
random,high,short,563,0.003996003996003996,0.000999000999000999,21,21,0,False,False,5005
random,high,short,564,0.002997002997002997,0.000999000999000999,21,19,-2,False,True,1576
random,high,short,565,0.014985014985014986,0.004995004995004995,21,21,0,False,True,3021
random,high,short,566,0.01998001998001998,0.007992007992007992,21,21,0,False,False,5005
random,high,short,567,0.007992007992007992,0.001998001998001998,21,21,0,False,False,5005
random,high,short,568,0.001998001998001998,0.000999000999000999,21,19,-2,False,True,1757
random,high,short,569,0.06793206793206794,0.029970029970029972,21,11,-10,False,False,5005
random,high,short,570,0.002997002997002997,0.000999000999000999,21,21,0,False,True,973
random,high,short,571,0.006993006993006993,0.000999000999000999,21,21,0,False,True,2434
random,high,short,572,0.008991008991008992,0.002997002997002997,21,21,0,False,False,5005
random,high,short,573,0.001998001998001998,0.000999000999000999,21,21,0,False,True,850
random,high,short,574,0.003996003996003996,0.000999000999000999,21,21,0,False,True,3354
random,high,short,575,0.07992007992007992,0.030969030969030968,21,11,-10,False,False,5005
random,high,short,576,0.002997002997002997,0.000999000999000999,21,21,0,False,False,5005
random,high,short,577,0.000999000999000999,0.000999000999000999,21,21,0,False,False,5005
random,high,short,578,0.029970029970029972,0.011988011988011988,21,13,-8,False,False,5005
random,high,short,579,0.001998001998001998,0.000999000999000999,21,21,0,False,True,1564
random,high,short,580,0.03796203796203796,0.014985014985014986,21,19,-2,False,False,5005
random,high,short,581,0.002997002997002997,0.000999000999000999,21,21,0,False,True,3260
random,high,short,582,0.02097902097902098,0.006993006993006993,21,17,-4,False,True,4202
random,high,short,583,0.003996003996003996,0.001998001998001998,21,21,0,False,True,1793
random,high,short,584,0.002997002997002997,0.000999000999000999,21,21,0,False,True,3193
random,high,short,585,0.002997002997002997,0.000999000999000999,21,19,-2,False,True,911
random,high,short,586,0.005994005994005994,0.002997002997002997,21,21,0,False,False,5005
random,high,short,587,0.004995004995004995,0.000999000999000999,21,19,-2,False,True,1916
random,high,short,588,0.005994005994005994,0.000999000999000999,21,19,-2,False,True,1687
random,high,short,589,0.003996003996003996,0.000999000999000999,21,21,0,False,True,873
random,high,short,590,0.04695304695304695,0.02197802197802198,21,15,-6,False,False,5005
random,high,short,591,0.003996003996003996,0.000999000999000999,21,21,0,False,True,1418
random,high,short,592,0.00999000999000999,0.002997002997002997,21,21,0,False,True,2623
random,high,short,593,0.002997002997002997,0.000999000999000999,21,19,-2,False,True,654
random,high,short,594,0.002997002997002997,0.000999000999000999,21,21,0,False,True,3097
random,high,short,595,0.008991008991008992,0.001998001998001998,21,21,0,False,True,3899
random,high,short,596,0.01098901098901099,0.002997002997002997,21,21,0,False,True,1992
random,high,short,597,0.026973026973026972,0.006993006993006993,21,19,-2,False,False,5005
random,high,short,598,0.005994005994005994,0.000999000999000999,21,21,0,False,True,1565
random,high,short,599,0.003996003996003996,0.000999000999000999,21,21,0,False,True,1526
random,high,short,600,0.023976023976023976,0.007992007992007992,21,19,-2,False,False,5005
random,high,short,601,0.003996003996003996,0.000999000999000999,21,21,0,False,True,1352
random,high,short,602,0.003996003996003996,0.001998001998001998,21,21,0,False,True,1638
random,high,short,603,0.003996003996003996,0.000999000999000999,21,21,0,False,True,2913
random,high,short,604,0.03596403596403597,0.012987012987012988,21,17,-4,False,False,5005
random,high,short,605,0.003996003996003996,0.000999000999000999,21,21,0,False,True,4011
random,high,short,606,0.004995004995004995,0.000999000999000999,21,21,0,False,True,830
random,high,short,607,0.004995004995004995,0.000999000999000999,21,21,0,False,True,4290
random,high,short,608,0.013986013986013986,0.006993006993006993,21,21,0,False,False,5005
random,high,short,609,0.011988011988011988,0.003996003996003996,21,21,0,False,True,3616
random,high,short,610,0.004995004995004995,0.000999000999000999,21,21,0,False,True,1423
random,high,short,611,0.003996003996003996,0.000999000999000999,21,21,0,False,True,3901
random,high,short,612,0.001998001998001998,0.001998001998001998,21,21,0,False,True,1815
random,high,short,613,0.02097902097902098,0.01098901098901099,21,21,0,False,False,5005
random,high,short,614,0.027972027972027972,0.011988011988011988,21,19,-2,False,False,5005
random,high,short,615,0.001998001998001998,0.000999000999000999,21,21,0,False,True,1238
random,high,short,616,0.02097902097902098,0.004995004995004995,21,19,-2,False,False,5005
random,high,short,617,0.002997002997002997,0.001998001998001998,21,21,0,False,True,2677
random,high,short,618,0.002997002997002997,0.001998001998001998,21,21,0,False,False,5005
random,high,short,619,0.04495504495504495,0.01998001998001998,21,15,-6,False,False,5005
random,high,short,620,0.006993006993006993,0.001998001998001998,21,21,0,False,False,5005
random,high,short,621,0.003996003996003996,0.001998001998001998,21,21,0,False,True,802
random,high,short,622,0.002997002997002997,0.001998001998001998,21,21,0,False,True,1487
random,high,short,623,0.014985014985014986,0.006993006993006993,21,21,0,False,False,5005
random,high,short,624,0.003996003996003996,0.000999000999000999,21,21,0,False,True,2008
random,high,short,625,0.003996003996003996,0.000999000999000999,21,21,0,False,True,1597
random,high,short,626,0.030969030969030968,0.007992007992007992,21,19,-2,False,False,5005
random,high,short,627,0.012987012987012988,0.004995004995004995,21,19,-2,False,True,3433
random,high,short,628,0.003996003996003996,0.000999000999000999,21,21,0,False,True,1694
random,high,short,629,0.04195804195804196,0.017982017982017984,21,17,-4,False,False,5005
random,high,short,630,0.04395604395604396,0.015984015984015984,21,13,-8,False,False,5005
random,high,short,631,0.03996003996003996,0.017982017982017984,21,19,-2,False,False,5005
random,high,short,632,0.008991008991008992,0.002997002997002997,21,21,0,False,True,4434
random,high,short,633,0.003996003996003996,0.001998001998001998,21,21,0,False,True,1220
random,high,short,634,0.001998001998001998,0.001998001998001998,21,21,0,False,True,1608
random,high,short,635,0.002997002997002997,0.001998001998001998,21,21,0,False,True,405
random,high,short,636,0.007992007992007992,0.001998001998001998,21,21,0,False,True,2210
random,high,short,637,0.001998001998001998,0.000999000999000999,21,19,-2,False,True,590
random,high,short,638,0.030969030969030968,0.011988011988011988,21,19,-2,False,False,5005
random,high,short,639,0.002997002997002997,0.000999000999000999,21,21,0,False,True,862
random,high,short,640,0.002997002997002997,0.000999000999000999,21,21,0,False,True,2373
random,high,short,641,0.002997002997002997,0.000999000999000999,21,21,0,False,True,1818
random,high,short,642,0.004995004995004995,0.000999000999000999,21,19,-2,False,True,4745
random,high,short,643,0.057942057942057944,0.023976023976023976,21,9,-12,False,False,5005
random,high,short,644,0.001998001998001998,0.000999000999000999,21,21,0,False,True,980
random,high,short,645,0.01098901098901099,0.002997002997002997,21,21,0,False,True,2723
random,high,short,646,0.002997002997002997,0.000999000999000999,21,21,0,False,True,718
random,high,short,647,0.016983016983016984,0.003996003996003996,21,19,-2,False,True,4102
random,high,short,648,0.004995004995004995,0.000999000999000999,21,19,-2,False,True,882
random,high,short,649,0.003996003996003996,0.000999000999000999,21,21,0,False,True,2975
random,high,short,650,0.016983016983016984,0.003996003996003996,21,21,0,False,False,5005
random,high,short,651,0.015984015984015984,0.004995004995004995,21,21,0,False,False,5005
random,high,short,652,0.04195804195804196,0.014985014985014986,21,17,-4,False,False,5005
random,high,short,653,0.016983016983016984,0.003996003996003996,21,19,-2,False,False,5005
random,high,short,654,0.03696303696303696,0.013986013986013986,21,15,-6,False,False,5005
random,high,short,655,0.016983016983016984,0.007992007992007992,21,15,-6,False,False,5005
random,high,short,656,0.01998001998001998,0.00999000999000999,21,17,-4,False,False,5005
random,high,short,657,0.03796203796203796,0.011988011988011988,21,21,0,False,False,5005
random,high,short,658,0.003996003996003996,0.000999000999000999,21,21,0,False,True,4032
random,high,short,659,0.003996003996003996,0.000999000999000999,21,19,-2,False,True,1698
random,high,short,660,0.02197802197802198,0.006993006993006993,21,17,-4,False,False,5005
random,high,short,661,0.001998001998001998,0.000999000999000999,21,21,0,False,True,1004
random,high,short,662,0.002997002997002997,0.000999000999000999,21,21,0,False,True,4742
random,high,short,663,0.013986013986013986,0.005994005994005994,21,21,0,False,True,2788
random,high,short,664,0.024975024975024976,0.006993006993006993,21,21,0,False,False,5005
random,high,short,665,0.004995004995004995,0.000999000999000999,21,19,-2,False,True,3677
random,high,short,666,0.003996003996003996,0.001998001998001998,21,21,0,False,True,1722
random,high,short,667,0.002997002997002997,0.000999000999000999,21,19,-2,False,True,1079
random,high,short,668,0.014985014985014986,0.003996003996003996,21,21,0,False,True,4674
random,high,short,669,0.002997002997002997,0.001998001998001998,21,21,0,False,True,711
random,high,short,670,0.005994005994005994,0.001998001998001998,21,21,0,False,True,3038
random,high,short,671,0.001998001998001998,0.001998001998001998,21,19,-2,False,True,720
random,high,short,672,0.00999000999000999,0.004995004995004995,21,21,0,False,False,5005
random,high,short,673,0.023976023976023976,0.00999000999000999,21,17,-4,False,False,5005
random,high,short,674,0.005994005994005994,0.000999000999000999,21,21,0,False,True,1858
random,high,short,675,0.001998001998001998,0.000999000999000999,21,21,0,False,True,3428
random,high,short,676,0.003996003996003996,0.001998001998001998,21,21,0,False,True,1960
random,high,short,677,0.003996003996003996,0.000999000999000999,21,21,0,False,True,1577
random,high,short,678,0.001998001998001998,0.000999000999000999,21,21,0,False,False,5005
random,high,short,679,0.002997002997002997,0.000999000999000999,21,21,0,False,True,2490
random,high,short,680,0.004995004995004995,0.002997002997002997,21,21,0,False,False,5005
random,high,short,681,0.025974025974025976,0.007992007992007992,21,19,-2,False,False,5005
random,high,short,682,0.055944055944055944,0.022977022977022976,21,13,-8,False,False,5005
random,high,short,683,0.01098901098901099,0.001998001998001998,21,19,-2,False,True,2518
random,high,short,684,0.004995004995004995,0.001998001998001998,21,21,0,False,True,3658
random,high,short,685,0.011988011988011988,0.002997002997002997,21,19,-2,False,True,4062
random,high,short,686,0.01098901098901099,0.002997002997002997,21,21,0,False,True,3209
random,high,short,687,0.01098901098901099,0.003996003996003996,21,21,0,False,True,4210
random,high,short,688,0.03696303696303696,0.013986013986013986,21,19,-2,False,False,5005
random,high,short,689,0.002997002997002997,0.001998001998001998,21,19,-2,False,True,1405
random,high,short,690,0.025974025974025976,0.008991008991008992,21,19,-2,False,False,5005
random,high,short,691,0.01098901098901099,0.003996003996003996,21,19,-2,False,False,5005
random,high,short,692,0.004995004995004995,0.001998001998001998,21,21,0,False,True,3194
random,high,short,693,0.03696303696303696,0.013986013986013986,21,17,-4,False,False,5005
random,high,short,694,0.005994005994005994,0.001998001998001998,21,21,0,False,True,2576
random,high,short,695,0.002997002997002997,0.000999000999000999,21,21,0,False,True,595
random,high,short,696,0.001998001998001998,0.000999000999000999,21,21,0,False,True,1888
random,high,short,697,0.022977022977022976,0.00999000999000999,21,17,-4,False,False,5005
random,high,short,698,0.008991008991008992,0.002997002997002997,21,19,-2,False,False,5005
random,high,short,699,0.025974025974025976,0.01098901098901099,21,19,-2,False,False,5005
random,high,short,700,0.027972027972027972,0.008991008991008992,21,19,-2,False,False,5005
random,high,short,701,0.003996003996003996,0.000999000999000999,21,21,0,False,True,2207
random,high,short,702,0.001998001998001998,0.000999000999000999,21,21,0,False,True,537
random,high,short,703,0.003996003996003996,0.000999000999000999,21,21,0,False,True,3262
random,high,short,704,0.022977022977022976,0.007992007992007992,21,19,-2,False,False,5005
random,high,short,705,0.028971028971028972,0.01098901098901099,21,17,-4,False,False,5005
random,high,short,706,0.004995004995004995,0.000999000999000999,21,19,-2,False,True,2265
random,high,short,707,0.012987012987012988,0.004995004995004995,21,19,-2,False,False,5005
random,high,short,708,0.002997002997002997,0.000999000999000999,21,21,0,False,True,1212
random,high,short,709,0.002997002997002997,0.001998001998001998,21,21,0,False,True,2086
random,high,short,710,0.002997002997002997,0.001998001998001998,21,21,0,False,True,831
random,high,short,711,0.004995004995004995,0.000999000999000999,21,21,0,False,False,5005
random,high,short,712,0.004995004995004995,0.000999000999000999,21,21,0,False,True,2728
random,high,short,713,0.011988011988011988,0.003996003996003996,21,21,0,False,False,5005
random,high,short,714,0.002997002997002997,0.000999000999000999,21,21,0,False,True,375
random,high,short,715,0.002997002997002997,0.000999000999000999,21,21,0,False,True,1083
random,high,short,716,0.002997002997002997,0.000999000999000999,21,21,0,False,True,1810
random,high,short,717,0.001998001998001998,0.000999000999000999,21,21,0,False,True,530
random,high,short,718,0.001998001998001998,0.001998001998001998,21,21,0,False,True,487
random,high,short,719,0.011988011988011988,0.004995004995004995,21,17,-4,False,True,4542
random,high,short,720,0.01898101898101898,0.005994005994005994,21,15,-6,False,False,5005
random,high,short,721,0.002997002997002997,0.000999000999000999,21,21,0,False,True,788
random,high,short,722,0.017982017982017984,0.004995004995004995,21,21,0,False,False,5005
random,high,short,723,0.016983016983016984,0.007992007992007992,21,17,-4,False,True,3762
random,high,short,724,0.01898101898101898,0.008991008991008992,21,19,-2,False,False,5005
random,high,short,725,0.013986013986013986,0.004995004995004995,21,17,-4,False,True,1505
random,high,short,726,0.002997002997002997,0.000999000999000999,21,21,0,False,True,1791
random,high,short,727,0.012987012987012988,0.002997002997002997,21,19,-2,False,True,4107
random,high,short,728,0.004995004995004995,0.001998001998001998,21,21,0,False,True,2698
random,high,short,729,0.027972027972027972,0.007992007992007992,21,21,0,False,False,5005
random,high,short,730,0.013986013986013986,0.004995004995004995,21,19,-2,False,False,5005
random,high,short,731,0.002997002997002997,0.000999000999000999,21,21,0,False,True,2330
random,high,short,732,0.002997002997002997,0.000999000999000999,21,21,0,False,True,846
random,high,short,733,0.006993006993006993,0.001998001998001998,21,21,0,False,True,1741
random,high,short,734,0.03496503496503497,0.008991008991008992,21,17,-4,False,True,3754
random,high,short,735,0.008991008991008992,0.001998001998001998,21,21,0,False,False,5005
random,high,short,736,0.001998001998001998,0.000999000999000999,21,21,0,False,True,4103
random,high,short,737,0.006993006993006993,0.001998001998001998,21,19,-2,False,False,5005
random,high,short,738,0.024975024975024976,0.007992007992007992,21,19,-2,False,False,5005
random,high,short,739,0.00999000999000999,0.004995004995004995,21,21,0,False,True,2018
random,high,short,740,0.06393606393606394,0.02097902097902098,21,15,-6,False,False,5005
random,high,short,741,0.003996003996003996,0.000999000999000999,21,21,0,False,True,1794
random,high,short,742,0.004995004995004995,0.002997002997002997,21,21,0,False,True,1605
random,high,short,743,0.011988011988011988,0.002997002997002997,21,21,0,False,True,3912
random,high,short,744,0.012987012987012988,0.002997002997002997,21,21,0,False,True,3802
random,high,short,745,0.005994005994005994,0.000999000999000999,21,21,0,False,True,4235
random,high,short,746,0.001998001998001998,0.000999000999000999,21,21,0,False,True,111
random,high,short,747,0.01098901098901099,0.003996003996003996,21,21,0,False,True,3627
random,high,short,748,0.006993006993006993,0.001998001998001998,21,21,0,False,True,2852
random,high,short,749,0.002997002997002997,0.000999000999000999,21,21,0,False,True,2625
random,high,short,750,0.001998001998001998,0.000999000999000999,21,21,0,False,True,338
random,high,short,751,0.003996003996003996,0.000999000999000999,21,21,0,False,False,5005
random,high,short,752,0.006993006993006993,0.002997002997002997,21,21,0,False,True,4389
random,high,short,753,0.001998001998001998,0.000999000999000999,21,19,-2,False,True,1231
random,high,short,754,0.001998001998001998,0.000999000999000999,21,21,0,False,True,920
random,high,short,755,0.001998001998001998,0.000999000999000999,21,21,0,False,True,1146
random,high,short,756,0.003996003996003996,0.000999000999000999,21,21,0,False,True,2869
random,high,short,757,0.008991008991008992,0.001998001998001998,21,21,0,False,True,4498
random,high,short,758,0.03596403596403597,0.012987012987012988,21,21,0,False,False,5005
random,high,short,759,0.002997002997002997,0.000999000999000999,21,21,0,False,True,2257
random,high,short,760,0.005994005994005994,0.002997002997002997,21,21,0,False,True,659
random,high,short,761,0.01098901098901099,0.001998001998001998,21,21,0,False,True,2734
random,high,short,762,0.004995004995004995,0.001998001998001998,21,21,0,False,True,475
random,high,short,763,0.002997002997002997,0.000999000999000999,21,21,0,False,True,4715
random,high,short,764,0.015984015984015984,0.003996003996003996,21,19,-2,False,True,4685
random,high,short,765,0.001998001998001998,0.000999000999000999,21,21,0,False,True,2580
random,high,short,766,0.01998001998001998,0.005994005994005994,21,21,0,False,False,5005
random,high,short,767,0.011988011988011988,0.004995004995004995,21,21,0,False,True,3114
random,high,short,768,0.002997002997002997,0.000999000999000999,21,21,0,False,True,2003
random,high,short,769,0.002997002997002997,0.000999000999000999,21,21,0,False,True,1841
random,high,short,770,0.007992007992007992,0.000999000999000999,21,21,0,False,False,5005
random,high,short,771,0.008991008991008992,0.002997002997002997,21,21,0,False,True,4617
random,high,short,772,0.013986013986013986,0.005994005994005994,21,19,-2,False,False,5005
random,high,short,773,0.01098901098901099,0.002997002997002997,21,21,0,False,True,3604
random,high,short,774,0.011988011988011988,0.001998001998001998,21,21,0,False,True,3696
random,high,short,775,0.01098901098901099,0.001998001998001998,21,19,-2,False,False,5005
random,high,short,776,0.006993006993006993,0.001998001998001998,21,21,0,False,True,3526
random,high,short,777,0.053946053946053944,0.024975024975024976,21,11,-10,False,False,5005
random,high,short,778,0.004995004995004995,0.000999000999000999,21,19,-2,False,True,2192
random,high,short,779,0.001998001998001998,0.000999000999000999,21,21,0,False,True,2635
random,high,short,780,0.005994005994005994,0.000999000999000999,21,21,0,False,True,4357
random,high,short,781,0.017982017982017984,0.006993006993006993,21,17,-4,False,False,5005
random,high,short,782,0.00999000999000999,0.003996003996003996,21,17,-4,False,True,2084
random,high,short,783,0.001998001998001998,0.000999000999000999,21,21,0,False,True,226
random,high,short,784,0.00999000999000999,0.003996003996003996,21,19,-2,False,False,5005
random,high,short,785,0.03496503496503497,0.011988011988011988,21,15,-6,False,False,5005
random,high,short,786,0.004995004995004995,0.000999000999000999,21,19,-2,False,True,2627
random,high,short,787,0.008991008991008992,0.003996003996003996,21,21,0,False,True,3702
random,high,short,788,0.006993006993006993,0.003996003996003996,21,15,-6,False,True,3160
random,high,short,789,0.027972027972027972,0.01098901098901099,21,17,-4,False,False,5005
random,high,short,790,0.029970029970029972,0.01098901098901099,21,21,0,False,False,5005
random,high,short,791,0.001998001998001998,0.000999000999000999,21,21,0,False,True,702
random,high,short,792,0.03296703296703297,0.013986013986013986,21,19,-2,False,False,5005
random,high,short,793,0.006993006993006993,0.000999000999000999,21,19,-2,False,True,2675
random,high,short,794,0.014985014985014986,0.004995004995004995,21,19,-2,False,True,3183
random,high,short,795,0.003996003996003996,0.000999000999000999,21,21,0,False,True,3333
random,high,short,796,0.006993006993006993,0.001998001998001998,21,21,0,False,True,3316
random,high,short,797,0.04495504495504495,0.016983016983016984,21,17,-4,False,False,5005
random,high,short,798,0.00999000999000999,0.003996003996003996,21,19,-2,False,True,1957
random,high,short,799,0.004995004995004995,0.000999000999000999,21,21,0,False,True,3644
random,high,short,800,0.004995004995004995,0.002997002997002997,21,19,-2,False,False,5005
random,high,short,801,0.012987012987012988,0.004995004995004995,21,17,-4,False,False,5005
random,high,short,802,0.006993006993006993,0.001998001998001998,21,21,0,False,True,1818
random,high,short,803,0.027972027972027972,0.011988011988011988,21,19,-2,False,False,5005
random,high,short,804,0.012987012987012988,0.004995004995004995,21,21,0,False,False,5005
random,high,short,805,0.02097902097902098,0.004995004995004995,21,15,-6,False,False,5005
random,high,short,806,0.013986013986013986,0.007992007992007992,21,17,-4,False,False,5005
random,high,short,807,0.002997002997002997,0.000999000999000999,21,21,0,False,True,2339
random,high,short,808,0.003996003996003996,0.000999000999000999,21,21,0,False,True,2373
random,high,short,809,0.005994005994005994,0.001998001998001998,21,19,-2,False,True,3649
random,high,short,810,0.005994005994005994,0.001998001998001998,21,19,-2,False,True,3874
random,high,short,811,0.016983016983016984,0.004995004995004995,21,15,-6,False,False,5005
random,high,short,812,0.001998001998001998,0.000999000999000999,21,21,0,False,True,1293
random,high,short,813,0.005994005994005994,0.002997002997002997,21,21,0,False,True,2022
random,high,short,814,0.003996003996003996,0.000999000999000999,21,21,0,False,False,5005
random,high,short,815,0.003996003996003996,0.002997002997002997,21,21,0,False,True,3060
random,high,short,816,0.01998001998001998,0.006993006993006993,21,19,-2,False,False,5005
random,high,short,817,0.007992007992007992,0.002997002997002997,21,19,-2,False,True,2730
random,high,short,818,0.002997002997002997,0.000999000999000999,21,19,-2,False,True,4549
random,high,short,819,0.024975024975024976,0.006993006993006993,21,19,-2,False,False,5005
random,high,short,820,0.007992007992007992,0.003996003996003996,21,21,0,False,False,5005
random,high,short,821,0.003996003996003996,0.000999000999000999,21,21,0,False,True,1639
random,high,short,822,0.004995004995004995,0.000999000999000999,21,21,0,False,True,982
random,high,short,823,0.02097902097902098,0.005994005994005994,21,21,0,False,False,5005
random,high,short,824,0.001998001998001998,0.000999000999000999,21,21,0,False,True,1334
random,high,short,825,0.002997002997002997,0.001998001998001998,21,21,0,False,True,1296
random,high,short,826,0.008991008991008992,0.001998001998001998,21,21,0,False,True,3242
random,high,short,827,0.002997002997002997,0.001998001998001998,21,21,0,False,True,1224
random,high,short,828,0.002997002997002997,0.000999000999000999,21,21,0,False,True,1655
random,high,short,829,0.01098901098901099,0.002997002997002997,21,21,0,False,False,5005
random,high,short,830,0.002997002997002997,0.002997002997002997,21,21,0,False,False,5005
random,high,short,831,0.003996003996003996,0.000999000999000999,21,21,0,False,True,712
random,high,short,832,0.001998001998001998,0.001998001998001998,21,19,-2,False,True,653
random,high,short,833,0.003996003996003996,0.000999000999000999,21,21,0,False,True,4169
random,high,short,834,0.014985014985014986,0.003996003996003996,21,21,0,False,True,4238
random,high,short,835,0.024975024975024976,0.008991008991008992,21,21,0,False,False,5005
random,high,short,836,0.015984015984015984,0.005994005994005994,21,19,-2,False,True,3996
random,high,short,837,0.003996003996003996,0.001998001998001998,21,19,-2,False,True,541
random,high,short,838,0.002997002997002997,0.000999000999000999,21,21,0,False,True,631
random,high,short,839,0.003996003996003996,0.000999000999000999,21,21,0,False,True,955
random,high,short,840,0.002997002997002997,0.000999000999000999,21,21,0,False,True,3553
random,high,short,841,0.002997002997002997,0.001998001998001998,21,21,0,False,True,226
random,high,short,842,0.002997002997002997,0.000999000999000999,21,21,0,False,True,575
random,high,short,843,0.004995004995004995,0.001998001998001998,21,21,0,False,True,3116
random,high,short,844,0.023976023976023976,0.006993006993006993,21,19,-2,False,False,5005
random,high,short,845,0.002997002997002997,0.000999000999000999,21,21,0,False,True,770
random,high,short,846,0.002997002997002997,0.000999000999000999,21,21,0,False,True,1396
random,high,short,847,0.007992007992007992,0.002997002997002997,21,19,-2,False,True,3653
random,high,short,848,0.003996003996003996,0.000999000999000999,21,21,0,False,True,701
random,high,short,849,0.005994005994005994,0.001998001998001998,21,19,-2,False,True,2314
random,high,short,850,0.002997002997002997,0.000999000999000999,21,21,0,False,True,2349
random,high,short,851,0.003996003996003996,0.000999000999000999,21,21,0,False,True,2588
random,high,short,852,0.006993006993006993,0.001998001998001998,21,21,0,False,True,3959
random,high,short,853,0.003996003996003996,0.000999000999000999,21,21,0,False,False,5005
random,high,short,854,0.006993006993006993,0.001998001998001998,21,19,-2,False,True,4100
random,high,short,855,0.013986013986013986,0.003996003996003996,21,19,-2,False,False,5005
random,high,short,856,0.02197802197802198,0.007992007992007992,21,19,-2,False,True,4532
random,high,short,857,0.002997002997002997,0.001998001998001998,21,21,0,False,True,1104
random,high,short,858,0.00999000999000999,0.002997002997002997,21,19,-2,False,True,3644
random,high,short,859,0.023976023976023976,0.007992007992007992,21,21,0,False,False,5005
random,high,short,860,0.005994005994005994,0.000999000999000999,21,21,0,False,True,2754
random,high,short,861,0.004995004995004995,0.000999000999000999,21,21,0,False,False,5005
random,high,short,862,0.04695304695304695,0.024975024975024976,21,17,-4,False,False,5005
random,high,short,863,0.01098901098901099,0.002997002997002997,21,19,-2,False,True,4443
random,high,short,864,0.002997002997002997,0.000999000999000999,21,21,0,False,True,1794
random,high,short,865,0.003996003996003996,0.000999000999000999,21,21,0,False,True,2546
random,high,short,866,0.004995004995004995,0.000999000999000999,21,21,0,False,True,1313
random,high,short,867,0.001998001998001998,0.000999000999000999,21,21,0,False,True,231
random,high,short,868,0.002997002997002997,0.000999000999000999,21,21,0,False,True,2562
random,high,short,869,0.007992007992007992,0.000999000999000999,21,21,0,False,True,1992
random,high,short,870,0.028971028971028972,0.00999000999000999,21,17,-4,False,False,5005
random,high,short,871,0.002997002997002997,0.000999000999000999,21,21,0,False,True,902
random,high,short,872,0.015984015984015984,0.004995004995004995,21,21,0,False,False,5005
random,high,short,873,0.003996003996003996,0.001998001998001998,21,21,0,False,True,1537
random,high,short,874,0.002997002997002997,0.000999000999000999,21,21,0,False,True,829
random,high,short,875,0.007992007992007992,0.001998001998001998,21,21,0,False,True,4594
random,high,short,876,0.006993006993006993,0.000999000999000999,21,21,0,False,True,3332
random,high,short,877,0.008991008991008992,0.001998001998001998,21,19,-2,False,True,1252
random,high,short,878,0.006993006993006993,0.001998001998001998,21,19,-2,False,True,1943
random,high,short,879,0.04895104895104895,0.01898101898101898,21,15,-6,False,False,5005
random,high,short,880,0.002997002997002997,0.000999000999000999,21,21,0,False,True,365
random,high,short,881,0.005994005994005994,0.002997002997002997,21,21,0,False,True,1704
random,high,short,882,0.002997002997002997,0.000999000999000999,21,21,0,False,True,1700
random,high,short,883,0.02197802197802198,0.00999000999000999,21,15,-6,False,False,5005
random,high,short,884,0.011988011988011988,0.002997002997002997,21,21,0,False,False,5005
random,high,short,885,0.02197802197802198,0.01098901098901099,21,21,0,False,False,5005
random,high,short,886,0.005994005994005994,0.001998001998001998,21,21,0,False,True,1485
random,high,short,887,0.03496503496503497,0.012987012987012988,21,19,-2,False,False,5005
random,high,short,888,0.002997002997002997,0.000999000999000999,21,21,0,False,True,2514
random,high,short,889,0.007992007992007992,0.001998001998001998,21,21,0,False,True,2721
random,high,short,890,0.007992007992007992,0.002997002997002997,21,19,-2,False,True,1556
random,high,short,891,0.001998001998001998,0.000999000999000999,21,21,0,False,True,332
random,high,short,892,0.004995004995004995,0.001998001998001998,21,19,-2,False,True,3183
random,high,short,893,0.014985014985014986,0.005994005994005994,21,21,0,False,False,5005
random,high,short,894,0.002997002997002997,0.001998001998001998,21,21,0,False,True,737
random,high,short,895,0.015984015984015984,0.003996003996003996,21,21,0,False,True,2832
random,high,short,896,0.013986013986013986,0.003996003996003996,21,21,0,False,False,5005
random,high,short,897,0.023976023976023976,0.008991008991008992,21,19,-2,False,False,5005
random,high,short,898,0.008991008991008992,0.003996003996003996,21,19,-2,False,True,2944
random,high,short,899,0.004995004995004995,0.000999000999000999,21,21,0,False,True,1322
random,high,short,900,0.014985014985014986,0.003996003996003996,21,21,0,False,False,5005
random,high,short,901,0.004995004995004995,0.000999000999000999,21,21,0,False,True,3750
random,high,short,902,0.005994005994005994,0.002997002997002997,21,21,0,False,True,1425
random,high,short,903,0.003996003996003996,0.000999000999000999,21,21,0,False,True,2948
random,high,short,904,0.00999000999000999,0.002997002997002997,21,21,0,False,True,2253
random,high,short,905,0.002997002997002997,0.000999000999000999,21,21,0,False,True,2312
random,high,short,906,0.003996003996003996,0.000999000999000999,21,21,0,False,True,2272
random,high,short,907,0.003996003996003996,0.001998001998001998,21,19,-2,False,True,809
random,high,short,908,0.01898101898101898,0.00999000999000999,21,21,0,False,False,5005
random,high,short,909,0.002997002997002997,0.000999000999000999,21,21,0,False,True,1531
random,high,short,910,0.002997002997002997,0.000999000999000999,21,19,-2,False,True,381
random,high,short,911,0.004995004995004995,0.001998001998001998,21,21,0,False,True,1264
random,high,short,912,0.002997002997002997,0.000999000999000999,21,21,0,False,True,1535
random,high,short,913,0.007992007992007992,0.001998001998001998,21,21,0,False,True,4596
random,high,short,914,0.005994005994005994,0.000999000999000999,21,21,0,False,True,2529
random,high,short,915,0.002997002997002997,0.000999000999000999,21,21,0,False,True,2176
random,high,short,916,0.027972027972027972,0.006993006993006993,21,19,-2,False,False,5005
random,high,short,917,0.003996003996003996,0.000999000999000999,21,21,0,False,False,5005
random,high,short,918,0.000999000999000999,0.000999000999000999,21,21,0,False,False,5005
random,high,short,919,0.04795204795204795,0.01998001998001998,21,15,-6,False,False,5005
random,high,short,920,0.002997002997002997,0.000999000999000999,21,19,-2,False,True,1136
random,high,short,921,0.001998001998001998,0.001998001998001998,21,19,-2,False,True,683
random,high,short,922,0.027972027972027972,0.008991008991008992,21,19,-2,False,False,5005
random,high,short,923,0.001998001998001998,0.000999000999000999,21,21,0,False,True,924
random,high,short,924,0.003996003996003996,0.000999000999000999,21,19,-2,False,True,2630
random,high,short,925,0.005994005994005994,0.000999000999000999,21,21,0,False,True,4375
random,high,short,926,0.006993006993006993,0.001998001998001998,21,19,-2,False,True,4601
random,high,short,927,0.012987012987012988,0.005994005994005994,21,21,0,False,False,5005
random,high,short,928,0.03796203796203796,0.01098901098901099,21,19,-2,False,False,5005
random,high,short,929,0.017982017982017984,0.004995004995004995,21,21,0,False,True,2936
random,high,short,930,0.004995004995004995,0.001998001998001998,21,21,0,False,True,2610
random,high,short,931,0.007992007992007992,0.001998001998001998,21,19,-2,False,False,5005
random,high,short,932,0.016983016983016984,0.005994005994005994,21,17,-4,False,False,5005
random,high,short,933,0.001998001998001998,0.001998001998001998,21,19,-2,False,True,835
random,high,short,934,0.002997002997002997,0.000999000999000999,21,21,0,False,True,1132
random,high,short,935,0.005994005994005994,0.002997002997002997,21,19,-2,False,True,2833
random,high,short,936,0.002997002997002997,0.000999000999000999,21,19,-2,False,True,1723
random,high,short,937,0.003996003996003996,0.000999000999000999,21,19,-2,False,True,1048
random,high,short,938,0.002997002997002997,0.000999000999000999,21,21,0,False,True,2718
random,high,short,939,0.001998001998001998,0.000999000999000999,21,21,0,False,True,1753
random,high,short,940,0.003996003996003996,0.000999000999000999,21,21,0,False,True,1433
random,high,short,941,0.017982017982017984,0.004995004995004995,21,21,0,False,True,3862
random,high,short,942,0.005994005994005994,0.001998001998001998,21,19,-2,False,True,3855
random,high,short,943,0.002997002997002997,0.001998001998001998,21,21,0,False,True,1094
random,high,short,944,0.03396603396603397,0.011988011988011988,21,21,0,False,False,5005
random,high,short,945,0.015984015984015984,0.004995004995004995,21,21,0,False,False,5005
random,high,short,946,0.00999000999000999,0.004995004995004995,21,21,0,False,False,5005
random,high,short,947,0.005994005994005994,0.000999000999000999,21,21,0,False,True,2332
random,high,short,948,0.001998001998001998,0.000999000999000999,21,21,0,False,True,1723
random,high,short,949,0.006993006993006993,0.001998001998001998,21,21,0,False,True,3616
random,high,short,950,0.013986013986013986,0.004995004995004995,21,17,-4,False,False,5005
random,high,short,951,0.02197802197802198,0.006993006993006993,21,21,0,False,False,5005
random,high,short,952,0.004995004995004995,0.000999000999000999,21,21,0,False,True,937
random,high,short,953,0.007992007992007992,0.002997002997002997,21,19,-2,False,False,5005
random,high,short,954,0.03996003996003996,0.014985014985014986,21,15,-6,False,False,5005
random,high,short,955,0.03796203796203796,0.016983016983016984,21,19,-2,False,False,5005
random,high,short,956,0.024975024975024976,0.00999000999000999,21,15,-6,False,False,5005
random,high,short,957,0.022977022977022976,0.005994005994005994,21,19,-2,False,False,5005
random,high,short,958,0.017982017982017984,0.005994005994005994,21,21,0,False,True,4840
random,high,short,959,0.015984015984015984,0.005994005994005994,21,19,-2,False,False,5005
random,high,short,960,0.002997002997002997,0.000999000999000999,21,21,0,False,True,2205
random,high,short,961,0.028971028971028972,0.008991008991008992,21,21,0,False,True,3732
random,high,short,962,0.003996003996003996,0.000999000999000999,21,21,0,False,True,943
random,high,short,963,0.03296703296703297,0.01098901098901099,21,17,-4,False,False,5005
random,high,short,964,0.01098901098901099,0.001998001998001998,21,21,0,False,True,2384
random,high,short,965,0.003996003996003996,0.000999000999000999,21,21,0,False,True,4415
random,high,short,966,0.004995004995004995,0.000999000999000999,21,21,0,False,True,2606
random,high,short,967,0.002997002997002997,0.000999000999000999,21,21,0,False,True,932
random,high,short,968,0.005994005994005994,0.000999000999000999,21,21,0,False,False,5005
random,high,short,969,0.004995004995004995,0.002997002997002997,21,21,0,False,True,1006
random,high,short,970,0.003996003996003996,0.000999000999000999,21,21,0,False,True,2732
random,high,short,971,0.003996003996003996,0.000999000999000999,21,21,0,False,True,1052
random,high,short,972,0.027972027972027972,0.012987012987012988,21,11,-10,False,False,5005
random,high,short,973,0.003996003996003996,0.000999000999000999,21,21,0,False,True,1177
random,high,short,974,0.004995004995004995,0.000999000999000999,21,21,0,False,True,2487
random,high,short,975,0.005994005994005994,0.001998001998001998,21,21,0,False,True,1922
random,high,short,976,0.03396603396603397,0.012987012987012988,21,17,-4,False,False,5005
random,high,short,977,0.005994005994005994,0.001998001998001998,21,21,0,False,True,3164
random,high,short,978,0.006993006993006993,0.002997002997002997,21,21,0,False,True,3645
random,high,short,979,0.00999000999000999,0.003996003996003996,21,21,0,False,False,5005
random,high,short,980,0.004995004995004995,0.000999000999000999,21,21,0,False,True,909
random,high,short,981,0.004995004995004995,0.001998001998001998,21,19,-2,False,True,1937
random,high,short,982,0.001998001998001998,0.000999000999000999,21,21,0,False,True,3176
random,high,short,983,0.006993006993006993,0.000999000999000999,21,21,0,False,True,2679
random,high,short,984,0.003996003996003996,0.000999000999000999,21,21,0,False,True,2484
random,high,short,985,0.006993006993006993,0.000999000999000999,21,21,0,False,True,2746
random,high,short,986,0.017982017982017984,0.006993006993006993,21,21,0,False,False,5005
random,high,short,987,0.001998001998001998,0.000999000999000999,21,21,0,False,True,1267
random,high,short,988,0.002997002997002997,0.000999000999000999,21,21,0,False,True,755
random,high,short,989,0.003996003996003996,0.000999000999000999,21,21,0,False,True,1219
random,high,short,990,0.003996003996003996,0.001998001998001998,21,21,0,False,True,510
random,high,short,991,0.028971028971028972,0.008991008991008992,21,19,-2,False,False,5005
random,high,short,992,0.04695304695304695,0.017982017982017984,21,15,-6,False,False,5005
random,high,short,993,0.028971028971028972,0.012987012987012988,21,21,0,False,False,5005
random,high,short,994,0.003996003996003996,0.000999000999000999,21,21,0,False,True,3397
random,high,short,995,0.04095904095904096,0.01898101898101898,21,15,-6,False,False,5005
random,high,short,996,0.03896103896103896,0.02197802197802198,21,13,-8,False,False,5005
random,high,short,997,0.003996003996003996,0.000999000999000999,21,21,0,False,True,2755
random,high,short,998,0.002997002997002997,0.000999000999000999,21,21,0,False,True,1696
random,high,short,999,0.006993006993006993,0.001998001998001998,21,21,0,False,True,2461
random,high,long,0,0.001998001998001998,0.000999000999000999,21,19,-2,False,True,334
random,high,long,1,0.14785214785214784,0.056943056943056944,21,9,-12,False,True,14061
random,high,long,2,0.005994005994005994,0.002997002997002997,21,19,-2,False,True,1578
random,high,long,3,0.001998001998001998,0.000999000999000999,21,21,0,False,True,1314
random,high,long,4,0.012987012987012988,0.005994005994005994,21,21,0,False,True,4329
random,high,long,5,0.004995004995004995,0.000999000999000999,21,21,0,False,True,3216
random,high,long,6,0.004995004995004995,0.000999000999000999,21,21,0,False,True,1892
random,high,long,7,0.001998001998001998,0.000999000999000999,21,21,0,False,True,3118
random,high,long,8,0.015984015984015984,0.004995004995004995,21,19,-2,False,True,6589
random,high,long,9,0.027972027972027972,0.008991008991008992,21,19,-2,False,True,5109
random,high,long,10,0.003996003996003996,0.000999000999000999,21,21,0,False,True,4681
random,high,long,11,0.00999000999000999,0.002997002997002997,21,19,-2,False,True,2256
random,high,long,12,0.005994005994005994,0.001998001998001998,21,21,0,False,True,1620
random,high,long,13,0.02097902097902098,0.006993006993006993,21,19,-2,False,True,6535
random,high,long,14,0.003996003996003996,0.002997002997002997,21,21,0,False,True,5017
random,high,long,15,0.06593406593406594,0.022977022977022976,21,15,-6,False,True,16084
random,high,long,16,0.002997002997002997,0.000999000999000999,21,21,0,False,True,636
random,high,long,17,0.005994005994005994,0.000999000999000999,21,21,0,False,True,3153
random,high,long,18,0.002997002997002997,0.000999000999000999,21,21,0,False,True,700
random,high,long,19,0.006993006993006993,0.001998001998001998,21,21,0,False,True,3028
random,high,long,20,0.004995004995004995,0.000999000999000999,21,21,0,False,True,2131
random,high,long,21,0.006993006993006993,0.001998001998001998,21,19,-2,False,True,1151
random,high,long,22,0.008991008991008992,0.001998001998001998,21,21,0,False,True,3833
random,high,long,23,0.04095904095904096,0.013986013986013986,21,19,-2,False,True,13573
random,high,long,24,0.002997002997002997,0.000999000999000999,21,21,0,False,True,1613
random,high,long,25,0.012987012987012988,0.003996003996003996,21,21,0,False,True,3723
random,high,long,26,0.001998001998001998,0.000999000999000999,21,21,0,False,True,1130
random,high,long,27,0.027972027972027972,0.008991008991008992,21,21,0,False,True,6657
random,high,long,28,0.002997002997002997,0.000999000999000999,21,21,0,False,True,1711
random,high,long,29,0.012987012987012988,0.003996003996003996,21,19,-2,False,True,4851
random,high,long,30,0.006993006993006993,0.001998001998001998,21,21,0,False,True,1599
random,high,long,31,0.001998001998001998,0.001998001998001998,21,21,0,False,True,1698
random,high,long,32,0.002997002997002997,0.001998001998001998,21,21,0,False,True,438
random,high,long,33,0.022977022977022976,0.006993006993006993,21,21,0,False,True,4812
random,high,long,34,0.04395604395604396,0.011988011988011988,21,13,-8,False,True,10559
random,high,long,35,0.005994005994005994,0.000999000999000999,21,21,0,False,True,2865
random,high,long,36,0.02197802197802198,0.007992007992007992,21,17,-4,False,True,6010
random,high,long,37,0.00999000999000999,0.004995004995004995,21,19,-2,False,True,3383
random,high,long,38,0.003996003996003996,0.001998001998001998,21,19,-2,False,True,1535
random,high,long,39,0.003996003996003996,0.000999000999000999,21,21,0,False,True,919
random,high,long,40,0.002997002997002997,0.000999000999000999,21,21,0,False,True,915
random,high,long,41,0.003996003996003996,0.000999000999000999,21,21,0,False,True,2521
random,high,long,42,0.001998001998001998,0.000999000999000999,21,21,0,False,True,668
random,high,long,43,0.03196803196803197,0.008991008991008992,21,17,-4,False,True,7897
random,high,long,44,0.08391608391608392,0.029970029970029972,21,19,-2,False,True,10868
random,high,long,45,0.001998001998001998,0.001998001998001998,21,21,0,False,True,2157
random,high,long,46,0.015984015984015984,0.006993006993006993,21,21,0,False,True,4172
random,high,long,47,0.008991008991008992,0.002997002997002997,21,21,0,False,True,5214
random,high,long,48,0.002997002997002997,0.000999000999000999,21,19,-2,False,True,953
random,high,long,49,0.002997002997002997,0.000999000999000999,21,21,0,False,True,3335
random,high,long,50,0.001998001998001998,0.000999000999000999,21,21,0,False,True,418
random,high,long,51,0.01098901098901099,0.003996003996003996,21,19,-2,False,True,2979
random,high,long,52,0.002997002997002997,0.000999000999000999,21,21,0,False,True,1663
random,high,long,53,0.005994005994005994,0.002997002997002997,21,21,0,False,True,2526
random,high,long,54,0.061938061938061936,0.01998001998001998,21,17,-4,False,True,9276
random,high,long,55,0.04295704295704296,0.014985014985014986,21,17,-4,False,True,8792
random,high,long,56,0.005994005994005994,0.002997002997002997,21,21,0,False,True,3640
random,high,long,57,0.001998001998001998,0.000999000999000999,21,21,0,False,True,1217
random,high,long,58,0.00999000999000999,0.002997002997002997,21,19,-2,False,True,3590
random,high,long,59,0.008991008991008992,0.002997002997002997,21,21,0,False,True,2283
random,high,long,60,0.011988011988011988,0.003996003996003996,21,21,0,False,True,7441
random,high,long,61,0.003996003996003996,0.000999000999000999,21,19,-2,False,True,1157
random,high,long,62,0.003996003996003996,0.001998001998001998,21,21,0,False,True,999
random,high,long,63,0.04695304695304695,0.014985014985014986,21,15,-6,False,True,7064
random,high,long,64,0.005994005994005994,0.001998001998001998,21,21,0,False,True,2129
random,high,long,65,0.0899100899100899,0.03396603396603397,21,15,-6,False,False,20020
random,high,long,66,0.004995004995004995,0.001998001998001998,21,21,0,False,True,435
random,high,long,67,0.006993006993006993,0.001998001998001998,21,21,0,False,True,3557
random,high,long,68,0.01898101898101898,0.005994005994005994,21,17,-4,False,True,4500
random,high,long,69,0.006993006993006993,0.001998001998001998,21,17,-4,False,True,5701
random,high,long,70,0.003996003996003996,0.000999000999000999,21,21,0,False,True,1912
random,high,long,71,0.002997002997002997,0.000999000999000999,21,21,0,False,True,515
random,high,long,72,0.002997002997002997,0.001998001998001998,21,21,0,False,True,1488
random,high,long,73,0.004995004995004995,0.001998001998001998,21,21,0,False,True,2197
random,high,long,74,0.022977022977022976,0.006993006993006993,21,21,0,False,True,6577
random,high,long,75,0.011988011988011988,0.003996003996003996,21,21,0,False,True,3170
random,high,long,76,0.007992007992007992,0.000999000999000999,21,21,0,False,True,4876
random,high,long,77,0.011988011988011988,0.003996003996003996,21,21,0,False,True,5309
random,high,long,78,0.014985014985014986,0.006993006993006993,21,17,-4,False,True,6279
random,high,long,79,0.006993006993006993,0.000999000999000999,21,21,0,False,True,3799
random,high,long,80,0.003996003996003996,0.000999000999000999,21,21,0,False,True,1756
random,high,long,81,0.00999000999000999,0.003996003996003996,21,21,0,False,True,2462
random,high,long,82,0.016983016983016984,0.005994005994005994,21,19,-2,False,True,4965
random,high,long,83,0.001998001998001998,0.000999000999000999,21,21,0,False,True,1585
random,high,long,84,0.006993006993006993,0.000999000999000999,21,21,0,False,True,3126
random,high,long,85,0.003996003996003996,0.000999000999000999,21,21,0,False,True,6148
random,high,long,86,0.001998001998001998,0.001998001998001998,21,21,0,False,True,619
random,high,long,87,0.005994005994005994,0.000999000999000999,21,21,0,False,True,6335
random,high,long,88,0.004995004995004995,0.000999000999000999,21,21,0,False,True,2002
random,high,long,89,0.006993006993006993,0.000999000999000999,21,21,0,False,True,2539
random,high,long,90,0.003996003996003996,0.000999000999000999,21,21,0,False,True,1624
random,high,long,91,0.004995004995004995,0.001998001998001998,21,21,0,False,True,7523
random,high,long,92,0.007992007992007992,0.001998001998001998,21,21,0,False,True,6584
random,high,long,93,0.006993006993006993,0.002997002997002997,21,21,0,False,True,2387
random,high,long,94,0.004995004995004995,0.000999000999000999,21,21,0,False,True,1966
random,high,long,95,0.013986013986013986,0.002997002997002997,21,21,0,False,True,6541
random,high,long,96,0.002997002997002997,0.000999000999000999,21,21,0,False,True,895
random,high,long,97,0.003996003996003996,0.000999000999000999,21,21,0,False,True,3223
random,high,long,98,0.001998001998001998,0.000999000999000999,21,21,0,False,True,1030
random,high,long,99,0.017982017982017984,0.005994005994005994,21,21,0,False,True,11359
random,high,long,100,0.07292707292707293,0.022977022977022976,21,13,-8,False,True,13045
random,high,long,101,0.012987012987012988,0.003996003996003996,21,21,0,False,True,2930
random,high,long,102,0.002997002997002997,0.000999000999000999,21,21,0,False,True,1774
random,high,long,103,0.004995004995004995,0.001998001998001998,21,21,0,False,True,4776
random,high,long,104,0.001998001998001998,0.000999000999000999,21,21,0,False,True,734
random,high,long,105,0.003996003996003996,0.000999000999000999,21,21,0,False,True,634
random,high,long,106,0.00999000999000999,0.003996003996003996,21,21,0,False,True,3019
random,high,long,107,0.055944055944055944,0.01998001998001998,21,9,-12,False,True,9873
random,high,long,108,0.003996003996003996,0.000999000999000999,21,21,0,False,True,2227
random,high,long,109,0.003996003996003996,0.000999000999000999,21,19,-2,False,True,1689
random,high,long,110,0.001998001998001998,0.000999000999000999,21,21,0,False,True,187
random,high,long,111,0.002997002997002997,0.001998001998001998,21,21,0,False,True,1505
random,high,long,112,0.012987012987012988,0.008991008991008992,21,17,-4,False,True,5150
random,high,long,113,0.002997002997002997,0.000999000999000999,21,21,0,False,True,3220
random,high,long,114,0.023976023976023976,0.00999000999000999,21,21,0,False,True,4730
random,high,long,115,0.060939060939060936,0.01998001998001998,21,15,-6,False,True,8097
random,high,long,116,0.01098901098901099,0.001998001998001998,21,21,0,False,True,3706
random,high,long,117,0.004995004995004995,0.003996003996003996,21,21,0,False,True,453
random,high,long,118,0.001998001998001998,0.000999000999000999,21,21,0,False,True,213
random,high,long,119,0.002997002997002997,0.000999000999000999,21,21,0,False,True,1398
random,high,long,120,0.003996003996003996,0.000999000999000999,21,21,0,False,True,2067
random,high,long,121,0.001998001998001998,0.000999000999000999,21,21,0,False,True,386
random,high,long,122,0.016983016983016984,0.004995004995004995,21,19,-2,False,True,4093
random,high,long,123,0.015984015984015984,0.004995004995004995,21,19,-2,False,True,3435
random,high,long,124,0.008991008991008992,0.001998001998001998,21,21,0,False,True,2424
random,high,long,125,0.003996003996003996,0.000999000999000999,21,21,0,False,True,1018
random,high,long,126,0.005994005994005994,0.000999000999000999,21,21,0,False,True,2487
random,high,long,127,0.012987012987012988,0.003996003996003996,21,21,0,False,True,7496
random,high,long,128,0.005994005994005994,0.000999000999000999,21,21,0,False,True,4160
random,high,long,129,0.057942057942057944,0.02097902097902098,21,19,-2,False,True,8568
random,high,long,130,0.01098901098901099,0.003996003996003996,21,19,-2,False,True,3732
random,high,long,131,0.014985014985014986,0.003996003996003996,21,21,0,False,True,5953
random,high,long,132,0.028971028971028972,0.008991008991008992,21,21,0,False,True,4811
random,high,long,133,0.006993006993006993,0.001998001998001998,21,21,0,False,True,3709
random,high,long,134,0.0939060939060939,0.030969030969030968,21,11,-10,False,True,14324
random,high,long,135,0.001998001998001998,0.000999000999000999,21,21,0,False,True,1892
random,high,long,136,0.029970029970029972,0.011988011988011988,21,21,0,False,True,7780
random,high,long,137,0.003996003996003996,0.000999000999000999,21,21,0,False,True,1425
random,high,long,138,0.011988011988011988,0.004995004995004995,21,21,0,False,True,3021
random,high,long,139,0.002997002997002997,0.000999000999000999,21,21,0,False,True,1479
random,high,long,140,0.001998001998001998,0.000999000999000999,21,19,-2,False,True,6051
random,high,long,141,0.014985014985014986,0.007992007992007992,21,19,-2,False,True,4973
random,high,long,142,0.002997002997002997,0.001998001998001998,21,21,0,False,True,2266
random,high,long,143,0.005994005994005994,0.000999000999000999,21,21,0,False,True,1591
random,high,long,144,0.06993006993006994,0.01898101898101898,21,11,-10,False,True,11728
random,high,long,145,0.00999000999000999,0.003996003996003996,21,21,0,False,True,2968
random,high,long,146,0.003996003996003996,0.000999000999000999,21,21,0,False,True,928
random,high,long,147,0.004995004995004995,0.000999000999000999,21,21,0,False,True,3158
random,high,long,148,0.005994005994005994,0.001998001998001998,21,21,0,False,True,1542
random,high,long,149,0.00999000999000999,0.002997002997002997,21,19,-2,False,True,6590
random,high,long,150,0.014985014985014986,0.004995004995004995,21,17,-4,False,True,4382
random,high,long,151,0.03796203796203796,0.013986013986013986,21,17,-4,False,True,4332
random,high,long,152,0.01098901098901099,0.003996003996003996,21,19,-2,False,True,2939
random,high,long,153,0.01898101898101898,0.005994005994005994,21,17,-4,False,True,4546
random,high,long,154,0.004995004995004995,0.000999000999000999,21,21,0,False,True,6377
random,high,long,155,0.011988011988011988,0.002997002997002997,21,21,0,False,True,3102
random,high,long,156,0.006993006993006993,0.002997002997002997,21,21,0,False,True,1565
random,high,long,157,0.07492507492507493,0.022977022977022976,21,19,-2,False,True,6459
random,high,long,158,0.002997002997002997,0.000999000999000999,21,21,0,False,True,1148
random,high,long,159,0.002997002997002997,0.000999000999000999,21,21,0,False,True,3820
random,high,long,160,0.006993006993006993,0.001998001998001998,21,19,-2,False,True,2273
random,high,long,161,0.001998001998001998,0.000999000999000999,21,21,0,False,True,1830
random,high,long,162,0.08791208791208792,0.028971028971028972,21,15,-6,False,True,8855
random,high,long,163,0.004995004995004995,0.001998001998001998,21,21,0,False,True,2234
random,high,long,164,0.12287712287712288,0.04395604395604396,21,11,-10,False,True,11112
random,high,long,165,0.002997002997002997,0.000999000999000999,21,21,0,False,True,1301
random,high,long,166,0.005994005994005994,0.001998001998001998,21,19,-2,False,True,5806
random,high,long,167,0.005994005994005994,0.001998001998001998,21,21,0,False,True,3240
random,high,long,168,0.001998001998001998,0.000999000999000999,21,21,0,False,True,4836
random,high,long,169,0.004995004995004995,0.000999000999000999,21,21,0,False,True,4140
random,high,long,170,0.003996003996003996,0.000999000999000999,21,19,-2,False,True,2077
random,high,long,171,0.001998001998001998,0.000999000999000999,21,21,0,False,True,2517
random,high,long,172,0.013986013986013986,0.002997002997002997,21,21,0,False,True,6515
random,high,long,173,0.001998001998001998,0.000999000999000999,21,21,0,False,True,396
random,high,long,174,0.004995004995004995,0.001998001998001998,21,19,-2,False,True,3748
random,high,long,175,0.002997002997002997,0.000999000999000999,21,21,0,False,True,5313
random,high,long,176,0.04295704295704296,0.012987012987012988,21,17,-4,False,True,9037
random,high,long,177,0.011988011988011988,0.003996003996003996,21,19,-2,False,True,8609
random,high,long,178,0.002997002997002997,0.000999000999000999,21,21,0,False,True,7205
random,high,long,179,0.001998001998001998,0.000999000999000999,21,21,0,False,True,1477
random,high,long,180,0.001998001998001998,0.000999000999000999,21,21,0,False,True,426
random,high,long,181,0.00999000999000999,0.001998001998001998,21,21,0,False,True,5626
random,high,long,182,0.006993006993006993,0.000999000999000999,21,21,0,False,True,2476
random,high,long,183,0.02097902097902098,0.006993006993006993,21,19,-2,False,True,5702
random,high,long,184,0.03196803196803197,0.012987012987012988,21,17,-4,False,True,12799
random,high,long,185,0.005994005994005994,0.001998001998001998,21,19,-2,False,True,4063
random,high,long,186,0.003996003996003996,0.001998001998001998,21,21,0,False,True,2055
random,high,long,187,0.006993006993006993,0.001998001998001998,21,21,0,False,True,1387
random,high,long,188,0.03296703296703297,0.00999000999000999,21,19,-2,False,True,6830
random,high,long,189,0.002997002997002997,0.000999000999000999,21,21,0,False,True,4357
random,high,long,190,0.001998001998001998,0.000999000999000999,21,21,0,False,True,550
random,high,long,191,0.004995004995004995,0.000999000999000999,21,21,0,False,True,2693
random,high,long,192,0.004995004995004995,0.001998001998001998,21,21,0,False,True,1188
random,high,long,193,0.08591408591408592,0.025974025974025976,21,11,-10,False,True,11353
random,high,long,194,0.001998001998001998,0.000999000999000999,21,21,0,False,True,283
random,high,long,195,0.03496503496503497,0.011988011988011988,21,21,0,False,True,8419
random,high,long,196,0.008991008991008992,0.003996003996003996,21,21,0,False,True,4772
random,high,long,197,0.004995004995004995,0.000999000999000999,21,21,0,False,True,726
random,high,long,198,0.003996003996003996,0.000999000999000999,21,19,-2,False,True,721
random,high,long,199,0.07492507492507493,0.023976023976023976,21,19,-2,False,True,12384
random,high,long,200,0.001998001998001998,0.000999000999000999,21,19,-2,False,True,1489
random,high,long,201,0.008991008991008992,0.002997002997002997,21,21,0,False,True,5653
random,high,long,202,0.003996003996003996,0.000999000999000999,21,21,0,False,True,1924
random,high,long,203,0.014985014985014986,0.002997002997002997,21,19,-2,False,True,2570
random,high,long,204,0.003996003996003996,0.000999000999000999,21,21,0,False,True,3168
random,high,long,205,0.01098901098901099,0.004995004995004995,21,19,-2,False,True,3925
random,high,long,206,0.007992007992007992,0.002997002997002997,21,21,0,False,True,10961
random,high,long,207,0.001998001998001998,0.001998001998001998,21,21,0,False,True,403
random,high,long,208,0.07792207792207792,0.027972027972027972,21,15,-6,False,True,10954
random,high,long,209,0.004995004995004995,0.002997002997002997,21,21,0,False,True,1180
random,high,long,210,0.03596403596403597,0.007992007992007992,21,19,-2,False,True,10812
random,high,long,211,0.011988011988011988,0.002997002997002997,21,21,0,False,True,3843
random,high,long,212,0.005994005994005994,0.001998001998001998,21,21,0,False,True,3004
random,high,long,213,0.08291708291708291,0.028971028971028972,21,9,-12,False,True,12314
random,high,long,214,0.007992007992007992,0.000999000999000999,21,21,0,False,True,2086
random,high,long,215,0.012987012987012988,0.005994005994005994,21,19,-2,False,True,5673
random,high,long,216,0.024975024975024976,0.006993006993006993,21,21,0,False,True,5806
random,high,long,217,0.001998001998001998,0.000999000999000999,21,21,0,False,True,139
random,high,long,218,0.00999000999000999,0.002997002997002997,21,19,-2,False,True,1984
random,high,long,219,0.11488511488511488,0.04395604395604396,21,11,-10,False,False,20020
random,high,long,220,0.007992007992007992,0.001998001998001998,21,21,0,False,True,5122
random,high,long,221,0.030969030969030968,0.00999000999000999,21,15,-6,False,True,12522
random,high,long,222,0.003996003996003996,0.000999000999000999,21,21,0,False,True,3917
random,high,long,223,0.07492507492507493,0.028971028971028972,21,13,-8,False,True,12947
random,high,long,224,0.005994005994005994,0.001998001998001998,21,21,0,False,True,2323
random,high,long,225,0.026973026973026972,0.006993006993006993,21,17,-4,False,True,5246
random,high,long,226,0.007992007992007992,0.002997002997002997,21,21,0,False,True,2594
random,high,long,227,0.008991008991008992,0.002997002997002997,21,21,0,False,True,4444
random,high,long,228,0.001998001998001998,0.000999000999000999,21,21,0,False,True,1310
random,high,long,229,0.005994005994005994,0.000999000999000999,21,21,0,False,True,1460
random,high,long,230,0.001998001998001998,0.000999000999000999,21,21,0,False,True,1197
random,high,long,231,0.02097902097902098,0.005994005994005994,21,19,-2,False,True,8474
random,high,long,232,0.003996003996003996,0.000999000999000999,21,21,0,False,True,1868
random,high,long,233,0.08091908091908091,0.03396603396603397,21,19,-2,False,True,18966
random,high,long,234,0.024975024975024976,0.008991008991008992,21,21,0,False,True,7879
random,high,long,235,0.013986013986013986,0.004995004995004995,21,19,-2,False,True,5967
random,high,long,236,0.04195804195804196,0.014985014985014986,21,17,-4,False,True,17302
random,high,long,237,0.016983016983016984,0.005994005994005994,21,19,-2,False,True,5968
random,high,long,238,0.002997002997002997,0.000999000999000999,21,21,0,False,True,4856
random,high,long,239,0.005994005994005994,0.001998001998001998,21,21,0,False,True,2916
random,high,long,240,0.002997002997002997,0.000999000999000999,21,21,0,False,True,1422
random,high,long,241,0.005994005994005994,0.001998001998001998,21,21,0,False,True,2292
random,high,long,242,0.13886113886113885,0.04395604395604396,21,7,-14,False,True,18620
random,high,long,243,0.015984015984015984,0.004995004995004995,21,19,-2,False,True,6103
random,high,long,244,0.04295704295704296,0.013986013986013986,21,17,-4,False,True,7758
random,high,long,245,0.08491508491508491,0.03396603396603397,21,19,-2,False,False,20020
random,high,long,246,0.005994005994005994,0.002997002997002997,21,21,0,False,True,2237
random,high,long,247,0.004995004995004995,0.001998001998001998,21,19,-2,False,True,5119
random,high,long,248,0.001998001998001998,0.000999000999000999,21,21,0,False,True,2233
random,high,long,249,0.003996003996003996,0.000999000999000999,21,21,0,False,True,1674
random,high,long,250,0.004995004995004995,0.001998001998001998,21,21,0,False,True,1957
random,high,long,251,0.004995004995004995,0.002997002997002997,21,21,0,False,True,2305
random,high,long,252,0.058941058941058944,0.016983016983016984,21,19,-2,False,True,11202
random,high,long,253,0.001998001998001998,0.000999000999000999,21,21,0,False,True,973
random,high,long,254,0.06893106893106893,0.024975024975024976,21,15,-6,False,True,8613
random,high,long,255,0.001998001998001998,0.000999000999000999,21,21,0,False,True,1089
random,high,long,256,0.001998001998001998,0.001998001998001998,21,21,0,False,True,1411
random,high,long,257,0.1088911088911089,0.03396603396603397,21,11,-10,False,True,10019
random,high,long,258,0.001998001998001998,0.001998001998001998,21,21,0,False,True,528
random,high,long,259,0.008991008991008992,0.001998001998001998,21,21,0,False,True,2095
random,high,long,260,0.03596403596403597,0.014985014985014986,21,17,-4,False,True,6728
random,high,long,261,0.002997002997002997,0.000999000999000999,21,21,0,False,True,677
random,high,long,262,0.003996003996003996,0.001998001998001998,21,21,0,False,True,2898
random,high,long,263,0.007992007992007992,0.002997002997002997,21,21,0,False,True,4749
random,high,long,264,0.055944055944055944,0.02097902097902098,21,15,-6,False,True,8575
random,high,long,265,0.001998001998001998,0.000999000999000999,21,21,0,False,True,1912
random,high,long,266,0.002997002997002997,0.001998001998001998,21,17,-4,False,True,459
random,high,long,267,0.022977022977022976,0.008991008991008992,21,17,-4,False,True,9104
random,high,long,268,0.003996003996003996,0.000999000999000999,21,21,0,False,True,1168
random,high,long,269,0.003996003996003996,0.000999000999000999,21,21,0,False,True,7719
random,high,long,270,0.0899100899100899,0.03396603396603397,21,13,-8,False,True,12652
random,high,long,271,0.008991008991008992,0.003996003996003996,21,21,0,False,True,3326
random,high,long,272,0.13286713286713286,0.04295704295704296,21,13,-8,False,True,15727
random,high,long,273,0.011988011988011988,0.002997002997002997,21,21,0,False,True,4603
random,high,long,274,0.004995004995004995,0.000999000999000999,21,21,0,False,True,4066
random,high,long,275,0.04795204795204795,0.011988011988011988,21,13,-8,False,True,9221
random,high,long,276,0.004995004995004995,0.002997002997002997,21,21,0,False,True,5409
random,high,long,277,0.03496503496503497,0.011988011988011988,21,17,-4,False,True,4443
random,high,long,278,0.025974025974025976,0.008991008991008992,21,19,-2,False,True,7819
random,high,long,279,0.008991008991008992,0.001998001998001998,21,17,-4,False,True,5935
random,high,long,280,0.001998001998001998,0.000999000999000999,21,19,-2,False,True,770
random,high,long,281,0.003996003996003996,0.000999000999000999,21,19,-2,False,True,2872
random,high,long,282,0.007992007992007992,0.001998001998001998,21,21,0,False,True,5324
random,high,long,283,0.012987012987012988,0.004995004995004995,21,21,0,False,True,4999
random,high,long,284,0.1028971028971029,0.03496503496503497,21,11,-10,False,True,12255
random,high,long,285,0.005994005994005994,0.000999000999000999,21,21,0,False,True,2626
random,high,long,286,0.005994005994005994,0.002997002997002997,21,21,0,False,True,1756
random,high,long,287,0.005994005994005994,0.001998001998001998,21,21,0,False,True,3539
random,high,long,288,0.002997002997002997,0.000999000999000999,21,21,0,False,True,1536
random,high,long,289,0.008991008991008992,0.002997002997002997,21,21,0,False,True,1866
random,high,long,290,0.001998001998001998,0.000999000999000999,21,21,0,False,True,569
random,high,long,291,0.002997002997002997,0.001998001998001998,21,19,-2,False,True,2409
random,high,long,292,0.004995004995004995,0.000999000999000999,21,21,0,False,True,2264
random,high,long,293,0.00999000999000999,0.003996003996003996,21,21,0,False,True,3676
random,high,long,294,0.004995004995004995,0.001998001998001998,21,21,0,False,True,2595
random,high,long,295,0.001998001998001998,0.001998001998001998,21,21,0,False,True,1224
random,high,long,296,0.017982017982017984,0.003996003996003996,21,21,0,False,True,3553
random,high,long,297,0.04195804195804196,0.00999000999000999,21,17,-4,False,True,12534
random,high,long,298,0.005994005994005994,0.000999000999000999,21,21,0,False,True,3064
random,high,long,299,0.016983016983016984,0.007992007992007992,21,19,-2,False,True,4109
random,high,long,300,0.002997002997002997,0.000999000999000999,21,21,0,False,True,5103
random,high,long,301,0.003996003996003996,0.000999000999000999,21,21,0,False,True,1995
random,high,long,302,0.003996003996003996,0.001998001998001998,21,19,-2,False,True,1987
random,high,long,303,0.002997002997002997,0.000999000999000999,21,21,0,False,True,1218
random,high,long,304,0.006993006993006993,0.001998001998001998,21,21,0,False,True,7231
random,high,long,305,0.003996003996003996,0.000999000999000999,21,21,0,False,True,1224
random,high,long,306,0.003996003996003996,0.001998001998001998,21,21,0,False,True,852
random,high,long,307,0.014985014985014986,0.004995004995004995,21,21,0,False,True,2114
random,high,long,308,0.002997002997002997,0.000999000999000999,21,21,0,False,True,1826
random,high,long,309,0.04395604395604396,0.016983016983016984,21,17,-4,False,True,9954
random,high,long,310,0.01998001998001998,0.004995004995004995,21,21,0,False,True,6477
random,high,long,311,0.003996003996003996,0.001998001998001998,21,19,-2,False,True,955
random,high,long,312,0.00999000999000999,0.002997002997002997,21,21,0,False,True,3879
random,high,long,313,0.01898101898101898,0.006993006993006993,21,19,-2,False,True,6719
random,high,long,314,0.004995004995004995,0.000999000999000999,21,21,0,False,True,2065
random,high,long,315,0.002997002997002997,0.000999000999000999,21,21,0,False,True,994
random,high,long,316,0.003996003996003996,0.001998001998001998,21,21,0,False,True,874
random,high,long,317,0.002997002997002997,0.001998001998001998,21,21,0,False,True,747
random,high,long,318,0.002997002997002997,0.000999000999000999,21,21,0,False,True,595
random,high,long,319,0.003996003996003996,0.001998001998001998,21,21,0,False,True,1380
random,high,long,320,0.003996003996003996,0.002997002997002997,21,21,0,False,True,1167
random,high,long,321,0.00999000999000999,0.002997002997002997,21,21,0,False,True,3265
random,high,long,322,0.006993006993006993,0.001998001998001998,21,21,0,False,True,4536
random,high,long,323,0.06793206793206794,0.02197802197802198,21,13,-8,False,True,14907
random,high,long,324,0.004995004995004995,0.001998001998001998,21,19,-2,False,True,1764
random,high,long,325,0.029970029970029972,0.006993006993006993,21,21,0,False,True,7240
random,high,long,326,0.001998001998001998,0.000999000999000999,21,21,0,False,True,1013
random,high,long,327,0.012987012987012988,0.003996003996003996,21,21,0,False,True,3864
random,high,long,328,0.004995004995004995,0.001998001998001998,21,21,0,False,True,4432
random,high,long,329,0.002997002997002997,0.000999000999000999,21,21,0,False,True,5581
random,high,long,330,0.002997002997002997,0.001998001998001998,21,21,0,False,True,1022
random,high,long,331,0.003996003996003996,0.001998001998001998,21,21,0,False,True,1099
random,high,long,332,0.007992007992007992,0.003996003996003996,21,21,0,False,True,2271
random,high,long,333,0.007992007992007992,0.002997002997002997,21,19,-2,False,True,4129
random,high,long,334,0.001998001998001998,0.000999000999000999,21,21,0,False,True,2523
random,high,long,335,0.08191808191808192,0.03396603396603397,21,13,-8,False,True,13973
random,high,long,336,0.001998001998001998,0.000999000999000999,21,21,0,False,True,187
random,high,long,337,0.002997002997002997,0.000999000999000999,21,21,0,False,True,1441
random,high,long,338,0.005994005994005994,0.000999000999000999,21,19,-2,False,True,1749
random,high,long,339,0.06593406593406594,0.01898101898101898,21,17,-4,False,True,11129
random,high,long,340,0.01098901098901099,0.001998001998001998,21,21,0,False,True,2863
random,high,long,341,0.07492507492507493,0.023976023976023976,21,11,-10,False,True,17339
random,high,long,342,0.005994005994005994,0.000999000999000999,21,21,0,False,True,2215
random,high,long,343,0.08491508491508491,0.03496503496503497,21,7,-14,False,True,16755
random,high,long,344,0.002997002997002997,0.000999000999000999,21,21,0,False,True,1344
random,high,long,345,0.017982017982017984,0.007992007992007992,21,19,-2,False,True,4877
random,high,long,346,0.001998001998001998,0.000999000999000999,21,21,0,False,True,2950
random,high,long,347,0.001998001998001998,0.000999000999000999,21,21,0,False,True,2561
random,high,long,348,0.13086913086913088,0.04795204795204795,21,13,-8,False,True,13558
random,high,long,349,0.005994005994005994,0.000999000999000999,21,21,0,False,True,1539
random,high,long,350,0.059940059940059943,0.01998001998001998,21,11,-10,False,True,8954
random,high,long,351,0.01098901098901099,0.002997002997002997,21,21,0,False,True,1931
random,high,long,352,0.001998001998001998,0.000999000999000999,21,21,0,False,True,925
random,high,long,353,0.001998001998001998,0.000999000999000999,21,21,0,False,True,5293
random,high,long,354,0.016983016983016984,0.005994005994005994,21,17,-4,False,True,6705
random,high,long,355,0.005994005994005994,0.002997002997002997,21,21,0,False,True,5201
random,high,long,356,0.008991008991008992,0.002997002997002997,21,21,0,False,True,2874
random,high,long,357,0.005994005994005994,0.000999000999000999,21,21,0,False,True,5626
random,high,long,358,0.003996003996003996,0.000999000999000999,21,21,0,False,True,3122
random,high,long,359,0.004995004995004995,0.000999000999000999,21,21,0,False,True,2163
random,high,long,360,0.022977022977022976,0.006993006993006993,21,21,0,False,True,8615
random,high,long,361,0.09490509490509491,0.03996003996003996,21,13,-8,False,True,8233
random,high,long,362,0.029970029970029972,0.007992007992007992,21,19,-2,False,True,7345
random,high,long,363,0.05194805194805195,0.017982017982017984,21,15,-6,False,True,8681
random,high,long,364,0.001998001998001998,0.000999000999000999,21,21,0,False,True,410
random,high,long,365,0.013986013986013986,0.003996003996003996,21,21,0,False,True,4981
random,high,long,366,0.008991008991008992,0.004995004995004995,21,21,0,False,True,3565
random,high,long,367,0.027972027972027972,0.008991008991008992,21,19,-2,False,True,8611
random,high,long,368,0.008991008991008992,0.002997002997002997,21,21,0,False,True,1904
random,high,long,369,0.008991008991008992,0.003996003996003996,21,19,-2,False,True,6462
random,high,long,370,0.001998001998001998,0.001998001998001998,21,21,0,False,True,319
random,high,long,371,0.005994005994005994,0.000999000999000999,21,21,0,False,True,1370
random,high,long,372,0.006993006993006993,0.001998001998001998,21,21,0,False,True,5342
random,high,long,373,0.001998001998001998,0.000999000999000999,21,21,0,False,True,1827
random,high,long,374,0.004995004995004995,0.001998001998001998,21,21,0,False,True,2623
random,high,long,375,0.011988011988011988,0.003996003996003996,21,21,0,False,True,6454
random,high,long,376,0.001998001998001998,0.001998001998001998,21,21,0,False,True,50
random,high,long,377,0.07492507492507493,0.023976023976023976,21,17,-4,False,True,9719
random,high,long,378,0.001998001998001998,0.000999000999000999,21,21,0,False,True,606
random,high,long,379,0.002997002997002997,0.002997002997002997,21,19,-2,False,True,4608
random,high,long,380,0.011988011988011988,0.004995004995004995,21,19,-2,False,True,3547
random,high,long,381,0.04695304695304695,0.013986013986013986,21,21,0,False,True,6005
random,high,long,382,0.001998001998001998,0.000999000999000999,21,21,0,False,True,396
random,high,long,383,0.003996003996003996,0.000999000999000999,21,21,0,False,True,1823
random,high,long,384,0.012987012987012988,0.004995004995004995,21,19,-2,False,True,4284
random,high,long,385,0.015984015984015984,0.004995004995004995,21,17,-4,False,True,6113
random,high,long,386,0.02097902097902098,0.006993006993006993,21,17,-4,False,True,6372
random,high,long,387,0.008991008991008992,0.002997002997002997,21,19,-2,False,True,3357
random,high,long,388,0.003996003996003996,0.000999000999000999,21,21,0,False,True,1070
random,high,long,389,0.005994005994005994,0.002997002997002997,21,21,0,False,True,1914
random,high,long,390,0.001998001998001998,0.000999000999000999,21,21,0,False,True,578
random,high,long,391,0.007992007992007992,0.003996003996003996,21,21,0,False,True,3164
random,high,long,392,0.029970029970029972,0.007992007992007992,21,17,-4,False,True,4388
random,high,long,393,0.001998001998001998,0.001998001998001998,21,21,0,False,True,1766
random,high,long,394,0.004995004995004995,0.000999000999000999,21,21,0,False,True,2392
random,high,long,395,0.001998001998001998,0.000999000999000999,21,21,0,False,True,1954
random,high,long,396,0.04695304695304695,0.014985014985014986,21,17,-4,False,True,5624
random,high,long,397,0.006993006993006993,0.001998001998001998,21,21,0,False,True,2677
random,high,long,398,0.008991008991008992,0.002997002997002997,21,21,0,False,True,4056
random,high,long,399,0.006993006993006993,0.000999000999000999,21,21,0,False,True,2169
random,high,long,400,0.017982017982017984,0.003996003996003996,21,21,0,False,True,4857
random,high,long,401,0.002997002997002997,0.000999000999000999,21,21,0,False,True,3415
random,high,long,402,0.006993006993006993,0.002997002997002997,21,21,0,False,True,960
random,high,long,403,0.01098901098901099,0.003996003996003996,21,19,-2,False,True,3679
random,high,long,404,0.003996003996003996,0.000999000999000999,21,21,0,False,True,2855
random,high,long,405,0.01098901098901099,0.002997002997002997,21,21,0,False,True,5104
random,high,long,406,0.001998001998001998,0.000999000999000999,21,19,-2,False,True,217
random,high,long,407,0.054945054945054944,0.017982017982017984,21,13,-8,False,True,8762
random,high,long,408,0.012987012987012988,0.003996003996003996,21,21,0,False,True,4056
random,high,long,409,0.011988011988011988,0.004995004995004995,21,21,0,False,True,7849
random,high,long,410,0.004995004995004995,0.000999000999000999,21,21,0,False,True,3952
random,high,long,411,0.06693306693306693,0.02197802197802198,21,15,-6,False,True,17516
random,high,long,412,0.055944055944055944,0.01998001998001998,21,17,-4,False,True,9100
random,high,long,413,0.00999000999000999,0.002997002997002997,21,19,-2,False,True,1788
random,high,long,414,0.004995004995004995,0.001998001998001998,21,21,0,False,True,5960
random,high,long,415,0.001998001998001998,0.001998001998001998,21,21,0,False,True,484
random,high,long,416,0.003996003996003996,0.000999000999000999,21,21,0,False,True,3238
random,high,long,417,0.003996003996003996,0.000999000999000999,21,21,0,False,True,1805
random,high,long,418,0.14885114885114886,0.053946053946053944,21,11,-10,False,True,18926
random,high,long,419,0.016983016983016984,0.004995004995004995,21,21,0,False,True,4859
random,high,long,420,0.013986013986013986,0.006993006993006993,21,15,-6,False,True,4891
random,high,long,421,0.003996003996003996,0.000999000999000999,21,19,-2,False,True,1819
random,high,long,422,0.001998001998001998,0.000999000999000999,21,19,-2,False,True,1937
random,high,long,423,0.002997002997002997,0.000999000999000999,21,21,0,False,True,2183
random,high,long,424,0.003996003996003996,0.000999000999000999,21,19,-2,False,True,706
random,high,long,425,0.007992007992007992,0.001998001998001998,21,21,0,False,True,5389
random,high,long,426,0.001998001998001998,0.000999000999000999,21,19,-2,False,True,651
random,high,long,427,0.002997002997002997,0.000999000999000999,21,21,0,False,True,340
random,high,long,428,0.013986013986013986,0.002997002997002997,21,19,-2,False,True,6630
random,high,long,429,0.024975024975024976,0.006993006993006993,21,19,-2,False,True,8005
random,high,long,430,0.002997002997002997,0.000999000999000999,21,21,0,False,True,910
random,high,long,431,0.001998001998001998,0.001998001998001998,21,21,0,False,True,106
random,high,long,432,0.006993006993006993,0.001998001998001998,21,21,0,False,True,1502
random,high,long,433,0.015984015984015984,0.003996003996003996,21,21,0,False,True,5278
random,high,long,434,0.03496503496503497,0.012987012987012988,21,21,0,False,True,6858
random,high,long,435,0.002997002997002997,0.000999000999000999,21,21,0,False,True,1057
random,high,long,436,0.01898101898101898,0.005994005994005994,21,21,0,False,True,7702
random,high,long,437,0.014985014985014986,0.005994005994005994,21,19,-2,False,True,2681
random,high,long,438,0.03396603396603397,0.012987012987012988,21,17,-4,False,True,6461
random,high,long,439,0.002997002997002997,0.001998001998001998,21,21,0,False,True,867
random,high,long,440,0.012987012987012988,0.002997002997002997,21,21,0,False,True,7529
random,high,long,441,0.003996003996003996,0.000999000999000999,21,21,0,False,True,4467
random,high,long,442,0.003996003996003996,0.000999000999000999,21,21,0,False,True,1093
random,high,long,443,0.006993006993006993,0.001998001998001998,21,19,-2,False,True,4287
random,high,long,444,0.022977022977022976,0.004995004995004995,21,15,-6,False,True,6237
random,high,long,445,0.011988011988011988,0.001998001998001998,21,19,-2,False,True,7561
random,high,long,446,0.001998001998001998,0.000999000999000999,21,21,0,False,True,515
random,high,long,447,0.01098901098901099,0.003996003996003996,21,19,-2,False,True,5197
random,high,long,448,0.013986013986013986,0.004995004995004995,21,17,-4,False,True,5820
random,high,long,449,0.001998001998001998,0.000999000999000999,21,21,0,False,True,401
random,high,long,450,0.03696303696303696,0.011988011988011988,21,17,-4,False,True,7313
random,high,long,451,0.004995004995004995,0.000999000999000999,21,21,0,False,True,6057
random,high,long,452,0.006993006993006993,0.001998001998001998,21,17,-4,False,True,7979
random,high,long,453,0.004995004995004995,0.000999000999000999,21,21,0,False,True,1742
random,high,long,454,0.011988011988011988,0.003996003996003996,21,21,0,False,True,2766
random,high,long,455,0.002997002997002997,0.001998001998001998,21,21,0,False,True,689
random,high,long,456,0.017982017982017984,0.006993006993006993,21,17,-4,False,True,6143
random,high,long,457,0.003996003996003996,0.000999000999000999,21,21,0,False,True,1818
random,high,long,458,0.001998001998001998,0.000999000999000999,21,21,0,False,True,1739
random,high,long,459,0.022977022977022976,0.008991008991008992,21,19,-2,False,True,3006
random,high,long,460,0.001998001998001998,0.000999000999000999,21,21,0,False,True,1007
random,high,long,461,0.012987012987012988,0.001998001998001998,21,21,0,False,True,2549
random,high,long,462,0.005994005994005994,0.001998001998001998,21,21,0,False,True,2506
random,high,long,463,0.006993006993006993,0.002997002997002997,21,19,-2,False,True,2876
random,high,long,464,0.001998001998001998,0.000999000999000999,21,21,0,False,True,1875
random,high,long,465,0.006993006993006993,0.001998001998001998,21,21,0,False,True,2147
random,high,long,466,0.06993006993006994,0.027972027972027972,21,11,-10,False,True,9619
random,high,long,467,0.001998001998001998,0.000999000999000999,21,21,0,False,True,3011
random,high,long,468,0.023976023976023976,0.00999000999000999,21,15,-6,False,True,5878
random,high,long,469,0.003996003996003996,0.000999000999000999,21,21,0,False,True,2325
random,high,long,470,0.04495504495504495,0.013986013986013986,21,21,0,False,True,7046
random,high,long,471,0.006993006993006993,0.000999000999000999,21,21,0,False,True,1938
random,high,long,472,0.005994005994005994,0.002997002997002997,21,19,-2,False,True,1549
random,high,long,473,0.002997002997002997,0.002997002997002997,21,21,0,False,True,2286
random,high,long,474,0.002997002997002997,0.000999000999000999,21,21,0,False,True,4942
random,high,long,475,0.002997002997002997,0.000999000999000999,21,21,0,False,True,1566
random,high,long,476,0.005994005994005994,0.000999000999000999,21,21,0,False,True,2181
random,high,long,477,0.014985014985014986,0.003996003996003996,21,19,-2,False,True,5533
random,high,long,478,0.1018981018981019,0.04295704295704296,21,11,-10,False,True,11825
random,high,long,479,0.01998001998001998,0.006993006993006993,21,15,-6,False,True,3945
random,high,long,480,0.004995004995004995,0.001998001998001998,21,21,0,False,True,4275
random,high,long,481,0.001998001998001998,0.000999000999000999,21,21,0,False,True,419
random,high,long,482,0.004995004995004995,0.001998001998001998,21,21,0,False,True,2249
random,high,long,483,0.003996003996003996,0.000999000999000999,21,21,0,False,True,3967
random,high,long,484,0.004995004995004995,0.001998001998001998,21,21,0,False,True,3334
random,high,long,485,0.07392607392607392,0.03396603396603397,21,7,-14,False,True,9556
random,high,long,486,0.01098901098901099,0.001998001998001998,21,21,0,False,True,2801
random,high,long,487,0.006993006993006993,0.001998001998001998,21,21,0,False,True,2147
random,high,long,488,0.003996003996003996,0.000999000999000999,21,21,0,False,True,1964
random,high,long,489,0.028971028971028972,0.007992007992007992,21,17,-4,False,True,4823
random,high,long,490,0.006993006993006993,0.001998001998001998,21,21,0,False,True,5306
random,high,long,491,0.006993006993006993,0.000999000999000999,21,21,0,False,True,3058
random,high,long,492,0.04695304695304695,0.015984015984015984,21,17,-4,False,True,11068
random,high,long,493,0.027972027972027972,0.007992007992007992,21,19,-2,False,True,11745
random,high,long,494,0.002997002997002997,0.001998001998001998,21,21,0,False,True,413
random,high,long,495,0.023976023976023976,0.008991008991008992,21,17,-4,False,True,4521
random,high,long,496,0.003996003996003996,0.001998001998001998,21,19,-2,False,True,1544
random,high,long,497,0.025974025974025976,0.00999000999000999,21,13,-8,False,True,5358
random,high,long,498,0.03496503496503497,0.00999000999000999,21,19,-2,False,True,11390
random,high,long,499,0.011988011988011988,0.003996003996003996,21,21,0,False,True,3878
random,high,long,500,0.005994005994005994,0.000999000999000999,21,21,0,False,True,2642
random,high,long,501,0.03796203796203796,0.01098901098901099,21,17,-4,False,True,8786
random,high,long,502,0.003996003996003996,0.001998001998001998,21,21,0,False,True,2068
random,high,long,503,0.03896103896103896,0.013986013986013986,21,15,-6,False,True,7209
random,high,long,504,0.007992007992007992,0.003996003996003996,21,21,0,False,True,3705
random,high,long,505,0.055944055944055944,0.017982017982017984,21,13,-8,False,True,6479
random,high,long,506,0.002997002997002997,0.000999000999000999,21,21,0,False,True,620
random,high,long,507,0.014985014985014986,0.004995004995004995,21,21,0,False,True,4916
random,high,long,508,0.008991008991008992,0.005994005994005994,21,21,0,False,True,2754
random,high,long,509,0.002997002997002997,0.001998001998001998,21,21,0,False,True,991
random,high,long,510,0.007992007992007992,0.000999000999000999,21,19,-2,False,True,3225
random,high,long,511,0.01098901098901099,0.003996003996003996,21,21,0,False,True,5574
random,high,long,512,0.011988011988011988,0.003996003996003996,21,21,0,False,True,2123
random,high,long,513,0.001998001998001998,0.000999000999000999,21,21,0,False,True,445
random,high,long,514,0.006993006993006993,0.001998001998001998,21,21,0,False,True,3828
random,high,long,515,0.005994005994005994,0.002997002997002997,21,21,0,False,True,3184
random,high,long,516,0.008991008991008992,0.003996003996003996,21,19,-2,False,True,3686
random,high,long,517,0.006993006993006993,0.002997002997002997,21,19,-2,False,True,1552
random,high,long,518,0.012987012987012988,0.002997002997002997,21,19,-2,False,True,2648
random,high,long,519,0.07892107892107893,0.024975024975024976,21,15,-6,False,True,10297
random,high,long,520,0.014985014985014986,0.003996003996003996,21,17,-4,False,True,5064
random,high,long,521,0.001998001998001998,0.000999000999000999,21,21,0,False,True,4154
random,high,long,522,0.00999000999000999,0.002997002997002997,21,19,-2,False,True,1688
random,high,long,523,0.00999000999000999,0.002997002997002997,21,21,0,False,True,4264
random,high,long,524,0.001998001998001998,0.000999000999000999,21,21,0,False,True,252
random,high,long,525,0.003996003996003996,0.001998001998001998,21,19,-2,False,True,2311
random,high,long,526,0.014985014985014986,0.004995004995004995,21,19,-2,False,True,4591
random,high,long,527,0.001998001998001998,0.000999000999000999,21,19,-2,False,True,2111
random,high,long,528,0.004995004995004995,0.001998001998001998,21,21,0,False,True,3392
random,high,long,529,0.027972027972027972,0.008991008991008992,21,17,-4,False,True,9616
random,high,long,530,0.005994005994005994,0.002997002997002997,21,21,0,False,True,1450
random,high,long,531,0.07792207792207792,0.025974025974025976,21,11,-10,False,True,14219
random,high,long,532,0.007992007992007992,0.002997002997002997,21,21,0,False,True,2657
random,high,long,533,0.002997002997002997,0.000999000999000999,21,21,0,False,True,1698
random,high,long,534,0.015984015984015984,0.005994005994005994,21,17,-4,False,True,8957
random,high,long,535,0.001998001998001998,0.001998001998001998,21,21,0,False,True,134
random,high,long,536,0.00999000999000999,0.003996003996003996,21,19,-2,False,True,4890
random,high,long,537,0.003996003996003996,0.000999000999000999,21,21,0,False,True,395
random,high,long,538,0.001998001998001998,0.000999000999000999,21,21,0,False,True,130
random,high,long,539,0.028971028971028972,0.013986013986013986,21,17,-4,False,True,7270
random,high,long,540,0.005994005994005994,0.001998001998001998,21,21,0,False,True,2272
random,high,long,541,0.004995004995004995,0.002997002997002997,21,19,-2,False,True,2081
random,high,long,542,0.005994005994005994,0.001998001998001998,21,21,0,False,True,3631
random,high,long,543,0.004995004995004995,0.000999000999000999,21,19,-2,False,True,755
random,high,long,544,0.002997002997002997,0.001998001998001998,21,21,0,False,True,1014
random,high,long,545,0.02097902097902098,0.005994005994005994,21,19,-2,False,True,3412
random,high,long,546,0.003996003996003996,0.000999000999000999,21,21,0,False,True,2914
random,high,long,547,0.006993006993006993,0.001998001998001998,21,21,0,False,True,4477
random,high,long,548,0.09090909090909091,0.026973026973026972,21,19,-2,False,True,13949
random,high,long,549,0.01098901098901099,0.002997002997002997,21,21,0,False,True,4303
random,high,long,550,0.006993006993006993,0.001998001998001998,21,19,-2,False,True,2227
random,high,long,551,0.014985014985014986,0.003996003996003996,21,21,0,False,True,5554
random,high,long,552,0.016983016983016984,0.003996003996003996,21,19,-2,False,True,2932
random,high,long,553,0.002997002997002997,0.000999000999000999,21,19,-2,False,True,1401
random,high,long,554,0.001998001998001998,0.000999000999000999,21,21,0,False,True,425
random,high,long,555,0.07192807192807193,0.028971028971028972,21,17,-4,False,True,11210
random,high,long,556,0.052947052947052944,0.013986013986013986,21,17,-4,False,True,12720
random,high,long,557,0.003996003996003996,0.000999000999000999,21,21,0,False,True,2775
random,high,long,558,0.060939060939060936,0.01898101898101898,21,15,-6,False,True,6784
random,high,long,559,0.005994005994005994,0.002997002997002997,21,19,-2,False,True,1664
random,high,long,560,0.03496503496503497,0.013986013986013986,21,19,-2,False,True,5818
random,high,long,561,0.026973026973026972,0.008991008991008992,21,17,-4,False,True,5334
random,high,long,562,0.003996003996003996,0.000999000999000999,21,19,-2,False,True,1266
random,high,long,563,0.08091908091908091,0.025974025974025976,21,19,-2,False,True,11982
random,high,long,564,0.004995004995004995,0.000999000999000999,21,21,0,False,True,3115
random,high,long,565,0.002997002997002997,0.000999000999000999,21,19,-2,False,True,1669
random,high,long,566,0.005994005994005994,0.001998001998001998,21,19,-2,False,True,2123
random,high,long,567,0.006993006993006993,0.002997002997002997,21,17,-4,False,True,3990
random,high,long,568,0.025974025974025976,0.005994005994005994,21,21,0,False,True,6456
random,high,long,569,0.003996003996003996,0.001998001998001998,21,21,0,False,True,2660
random,high,long,570,0.002997002997002997,0.000999000999000999,21,19,-2,False,True,11917
random,high,long,571,0.002997002997002997,0.000999000999000999,21,21,0,False,True,1012
random,high,long,572,0.05194805194805195,0.01898101898101898,21,17,-4,False,True,10132
random,high,long,573,0.003996003996003996,0.001998001998001998,21,21,0,False,True,2046
random,high,long,574,0.006993006993006993,0.001998001998001998,21,21,0,False,True,2992
random,high,long,575,0.003996003996003996,0.000999000999000999,21,21,0,False,True,2021
random,high,long,576,0.008991008991008992,0.002997002997002997,21,21,0,False,True,4251
random,high,long,577,0.003996003996003996,0.000999000999000999,21,21,0,False,True,3836
random,high,long,578,0.002997002997002997,0.001998001998001998,21,21,0,False,True,879
random,high,long,579,0.030969030969030968,0.00999000999000999,21,19,-2,False,True,12514
random,high,long,580,0.007992007992007992,0.002997002997002997,21,21,0,False,True,3630
random,high,long,581,0.011988011988011988,0.003996003996003996,21,21,0,False,True,6719
random,high,long,582,0.001998001998001998,0.000999000999000999,21,21,0,False,True,1267
random,high,long,583,0.025974025974025976,0.005994005994005994,21,17,-4,False,True,10288
random,high,long,584,0.03196803196803197,0.01098901098901099,21,19,-2,False,True,8220
random,high,long,585,0.03196803196803197,0.007992007992007992,21,19,-2,False,True,13476
random,high,long,586,0.002997002997002997,0.000999000999000999,21,19,-2,False,True,2225
random,high,long,587,0.008991008991008992,0.001998001998001998,21,19,-2,False,True,2047
random,high,long,588,0.003996003996003996,0.001998001998001998,21,21,0,False,True,732
random,high,long,589,0.04495504495504495,0.011988011988011988,21,21,0,False,True,10889
random,high,long,590,0.03996003996003996,0.015984015984015984,21,19,-2,False,True,4557
random,high,long,591,0.001998001998001998,0.000999000999000999,21,21,0,False,True,1235
random,high,long,592,0.001998001998001998,0.000999000999000999,21,21,0,False,True,2990
random,high,long,593,0.004995004995004995,0.000999000999000999,21,21,0,False,True,3408
random,high,long,594,0.001998001998001998,0.000999000999000999,21,21,0,False,True,1243
random,high,long,595,0.026973026973026972,0.005994005994005994,21,19,-2,False,True,8066
random,high,long,596,0.03396603396603397,0.006993006993006993,21,19,-2,False,True,8047
random,high,long,597,0.001998001998001998,0.000999000999000999,21,21,0,False,True,744
random,high,long,598,0.004995004995004995,0.000999000999000999,21,21,0,False,True,1181
random,high,long,599,0.03996003996003996,0.016983016983016984,21,21,0,False,True,5086
random,high,long,600,0.006993006993006993,0.002997002997002997,21,19,-2,False,True,3671
random,high,long,601,0.012987012987012988,0.003996003996003996,21,21,0,False,True,8185
random,high,long,602,0.003996003996003996,0.000999000999000999,21,21,0,False,True,3254
random,high,long,603,0.004995004995004995,0.000999000999000999,21,21,0,False,True,3187
random,high,long,604,0.1008991008991009,0.03696303696303696,21,13,-8,False,False,20020
random,high,long,605,0.04395604395604396,0.01098901098901099,21,17,-4,False,True,7782
random,high,long,606,0.001998001998001998,0.000999000999000999,21,21,0,False,True,2106
random,high,long,607,0.001998001998001998,0.000999000999000999,21,21,0,False,True,588
random,high,long,608,0.001998001998001998,0.000999000999000999,21,21,0,False,True,1258
random,high,long,609,0.005994005994005994,0.000999000999000999,21,21,0,False,True,4395
random,high,long,610,0.008991008991008992,0.001998001998001998,21,19,-2,False,True,1481
random,high,long,611,0.007992007992007992,0.001998001998001998,21,21,0,False,True,2733
random,high,long,612,0.004995004995004995,0.002997002997002997,21,19,-2,False,True,1870
random,high,long,613,0.007992007992007992,0.002997002997002997,21,21,0,False,True,3974
random,high,long,614,0.012987012987012988,0.005994005994005994,21,21,0,False,True,2099
random,high,long,615,0.02197802197802198,0.005994005994005994,21,19,-2,False,True,4095
random,high,long,616,0.008991008991008992,0.002997002997002997,21,21,0,False,True,4659
random,high,long,617,0.057942057942057944,0.01898101898101898,21,11,-10,False,True,10629
random,high,long,618,0.002997002997002997,0.000999000999000999,21,21,0,False,True,1348
random,high,long,619,0.003996003996003996,0.000999000999000999,21,21,0,False,True,468
random,high,long,620,0.01898101898101898,0.003996003996003996,21,19,-2,False,True,3113
random,high,long,621,0.007992007992007992,0.003996003996003996,21,21,0,False,True,5562
random,high,long,622,0.1978021978021978,0.06793206793206794,21,7,-14,False,True,17238
random,high,long,623,0.026973026973026972,0.00999000999000999,21,19,-2,False,True,8359
random,high,long,624,0.03296703296703297,0.011988011988011988,21,17,-4,False,True,4314
random,high,long,625,0.005994005994005994,0.000999000999000999,21,21,0,False,True,2141
random,high,long,626,0.014985014985014986,0.004995004995004995,21,21,0,False,True,3957
random,high,long,627,0.002997002997002997,0.000999000999000999,21,21,0,False,True,1580
random,high,long,628,0.014985014985014986,0.004995004995004995,21,19,-2,False,True,3756
random,high,long,629,0.014985014985014986,0.003996003996003996,21,19,-2,False,True,4588
random,high,long,630,0.057942057942057944,0.02097902097902098,21,17,-4,False,True,6866
random,high,long,631,0.013986013986013986,0.002997002997002997,21,19,-2,False,True,4810
random,high,long,632,0.012987012987012988,0.004995004995004995,21,19,-2,False,True,1991
random,high,long,633,0.001998001998001998,0.000999000999000999,21,21,0,False,True,2296
random,high,long,634,0.03896103896103896,0.012987012987012988,21,19,-2,False,True,8871
random,high,long,635,0.007992007992007992,0.000999000999000999,21,21,0,False,True,3816
random,high,long,636,0.024975024975024976,0.007992007992007992,21,17,-4,False,True,6094
random,high,long,637,0.004995004995004995,0.001998001998001998,21,21,0,False,True,2694
random,high,long,638,0.004995004995004995,0.000999000999000999,21,21,0,False,True,4568
random,high,long,639,0.027972027972027972,0.007992007992007992,21,19,-2,False,True,4754
random,high,long,640,0.003996003996003996,0.002997002997002997,21,21,0,False,True,2250
random,high,long,641,0.006993006993006993,0.001998001998001998,21,19,-2,False,True,4989
random,high,long,642,0.008991008991008992,0.002997002997002997,21,21,0,False,True,2666
random,high,long,643,0.016983016983016984,0.006993006993006993,21,19,-2,False,True,4416
random,high,long,644,0.013986013986013986,0.003996003996003996,21,19,-2,False,True,4602
random,high,long,645,0.003996003996003996,0.000999000999000999,21,21,0,False,True,3957
random,high,long,646,0.002997002997002997,0.001998001998001998,21,21,0,False,True,806
random,high,long,647,0.001998001998001998,0.000999000999000999,21,21,0,False,True,3926
random,high,long,648,0.01098901098901099,0.003996003996003996,21,17,-4,False,True,3287
random,high,long,649,0.008991008991008992,0.002997002997002997,21,21,0,False,True,4522
random,high,long,650,0.002997002997002997,0.000999000999000999,21,21,0,False,True,1777
random,high,long,651,0.05094905094905095,0.01998001998001998,21,17,-4,False,True,11168
random,high,long,652,0.001998001998001998,0.000999000999000999,21,21,0,False,True,1308
random,high,long,653,0.002997002997002997,0.000999000999000999,21,21,0,False,True,576
random,high,long,654,0.00999000999000999,0.002997002997002997,21,17,-4,False,True,2783
random,high,long,655,0.001998001998001998,0.000999000999000999,21,21,0,False,True,197
random,high,long,656,0.004995004995004995,0.000999000999000999,21,21,0,False,True,1522
random,high,long,657,0.022977022977022976,0.007992007992007992,21,21,0,False,True,14137
random,high,long,658,0.1048951048951049,0.03896103896103896,21,9,-12,False,True,17246
random,high,long,659,0.003996003996003996,0.001998001998001998,21,21,0,False,True,568
random,high,long,660,0.04095904095904096,0.014985014985014986,21,15,-6,False,True,7913
random,high,long,661,0.003996003996003996,0.001998001998001998,21,21,0,False,True,2137
random,high,long,662,0.001998001998001998,0.000999000999000999,21,21,0,False,True,632
random,high,long,663,0.001998001998001998,0.000999000999000999,21,21,0,False,True,595
random,high,long,664,0.013986013986013986,0.002997002997002997,21,21,0,False,True,3113
random,high,long,665,0.03996003996003996,0.012987012987012988,21,13,-8,False,True,8594
random,high,long,666,0.007992007992007992,0.002997002997002997,21,21,0,False,True,2855
random,high,long,667,0.008991008991008992,0.002997002997002997,21,21,0,False,True,3120
random,high,long,668,0.003996003996003996,0.000999000999000999,21,19,-2,False,True,1592
random,high,long,669,0.004995004995004995,0.000999000999000999,21,21,0,False,True,5324
random,high,long,670,0.001998001998001998,0.001998001998001998,21,21,0,False,True,438
random,high,long,671,0.004995004995004995,0.001998001998001998,21,19,-2,False,True,2834
random,high,long,672,0.011988011988011988,0.002997002997002997,21,21,0,False,True,6795
random,high,long,673,0.01098901098901099,0.002997002997002997,21,19,-2,False,True,5562
random,high,long,674,0.026973026973026972,0.00999000999000999,21,21,0,False,True,4290
random,high,long,675,0.006993006993006993,0.001998001998001998,21,19,-2,False,True,6538
random,high,long,676,0.013986013986013986,0.003996003996003996,21,21,0,False,True,5684
random,high,long,677,0.04295704295704296,0.013986013986013986,21,19,-2,False,True,10187
random,high,long,678,0.12487512487512488,0.04395604395604396,21,5,-16,False,True,13707
random,high,long,679,0.03996003996003996,0.013986013986013986,21,17,-4,False,True,16464
random,high,long,680,0.002997002997002997,0.000999000999000999,21,21,0,False,True,1151
random,high,long,681,0.003996003996003996,0.000999000999000999,21,21,0,False,True,1696
random,high,long,682,0.01098901098901099,0.004995004995004995,21,21,0,False,True,7774
random,high,long,683,0.004995004995004995,0.001998001998001998,21,19,-2,False,True,1598
random,high,long,684,0.04895104895104895,0.013986013986013986,21,15,-6,False,True,9652
random,high,long,685,0.002997002997002997,0.000999000999000999,21,21,0,False,True,209
random,high,long,686,0.002997002997002997,0.000999000999000999,21,21,0,False,True,1881
random,high,long,687,0.01098901098901099,0.001998001998001998,21,21,0,False,True,4392
random,high,long,688,0.04295704295704296,0.012987012987012988,21,17,-4,False,True,12778
random,high,long,689,0.003996003996003996,0.000999000999000999,21,21,0,False,True,4349
random,high,long,690,0.004995004995004995,0.000999000999000999,21,21,0,False,True,614
random,high,long,691,0.002997002997002997,0.000999000999000999,21,21,0,False,True,1134
random,high,long,692,0.015984015984015984,0.003996003996003996,21,21,0,False,True,8089
random,high,long,693,0.007992007992007992,0.002997002997002997,21,21,0,False,True,2827
random,high,long,694,0.061938061938061936,0.016983016983016984,21,19,-2,False,True,14514
random,high,long,695,0.013986013986013986,0.006993006993006993,21,21,0,False,True,6433
random,high,long,696,0.003996003996003996,0.001998001998001998,21,21,0,False,True,1219
random,high,long,697,0.002997002997002997,0.000999000999000999,21,21,0,False,True,934
random,high,long,698,0.006993006993006993,0.003996003996003996,21,21,0,False,True,1847
random,high,long,699,0.09090909090909091,0.029970029970029972,21,11,-10,False,False,20020
random,high,long,700,0.013986013986013986,0.005994005994005994,21,15,-6,False,True,4950
random,high,long,701,0.01098901098901099,0.003996003996003996,21,21,0,False,True,3851
random,high,long,702,0.004995004995004995,0.000999000999000999,21,21,0,False,True,1596
random,high,long,703,0.003996003996003996,0.000999000999000999,21,21,0,False,True,5157
random,high,long,704,0.001998001998001998,0.000999000999000999,21,21,0,False,True,594
random,high,long,705,0.03496503496503497,0.012987012987012988,21,17,-4,False,True,5631
random,high,long,706,0.001998001998001998,0.000999000999000999,21,21,0,False,True,900
random,high,long,707,0.005994005994005994,0.002997002997002997,21,21,0,False,True,3725
random,high,long,708,0.003996003996003996,0.000999000999000999,21,21,0,False,True,3866
random,high,long,709,0.002997002997002997,0.000999000999000999,21,21,0,False,True,2383
random,high,long,710,0.006993006993006993,0.001998001998001998,21,21,0,False,True,4260
random,high,long,711,0.003996003996003996,0.000999000999000999,21,21,0,False,True,673
random,high,long,712,0.001998001998001998,0.000999000999000999,21,21,0,False,True,424
random,high,long,713,0.008991008991008992,0.002997002997002997,21,19,-2,False,True,2024
random,high,long,714,0.004995004995004995,0.000999000999000999,21,21,0,False,True,3851
random,high,long,715,0.029970029970029972,0.00999000999000999,21,19,-2,False,True,7979
random,high,long,716,0.03496503496503497,0.00999000999000999,21,15,-6,False,True,9516
random,high,long,717,0.012987012987012988,0.004995004995004995,21,19,-2,False,True,4213
random,high,long,718,0.017982017982017984,0.007992007992007992,21,19,-2,False,True,5572
random,high,long,719,0.00999000999000999,0.003996003996003996,21,21,0,False,True,5684
random,high,long,720,0.002997002997002997,0.000999000999000999,21,19,-2,False,True,2075
random,high,long,721,0.001998001998001998,0.001998001998001998,21,21,0,False,True,336
random,high,long,722,0.004995004995004995,0.001998001998001998,21,19,-2,False,True,2396
random,high,long,723,0.011988011988011988,0.003996003996003996,21,19,-2,False,True,4259
random,high,long,724,0.004995004995004995,0.000999000999000999,21,19,-2,False,True,2380
random,high,long,725,0.004995004995004995,0.000999000999000999,21,21,0,False,True,1788
random,high,long,726,0.027972027972027972,0.007992007992007992,21,19,-2,False,True,7335
random,high,long,727,0.01998001998001998,0.007992007992007992,21,21,0,False,True,7420
random,high,long,728,0.003996003996003996,0.000999000999000999,21,21,0,False,True,2337
random,high,long,729,0.016983016983016984,0.004995004995004995,21,19,-2,False,True,3567
random,high,long,730,0.004995004995004995,0.001998001998001998,21,21,0,False,True,5205
random,high,long,731,0.015984015984015984,0.005994005994005994,21,21,0,False,True,3287
random,high,long,732,0.001998001998001998,0.000999000999000999,21,21,0,False,True,1484
random,high,long,733,0.02197802197802198,0.006993006993006993,21,19,-2,False,True,4641
random,high,long,734,0.001998001998001998,0.000999000999000999,21,21,0,False,True,1312
random,high,long,735,0.001998001998001998,0.000999000999000999,21,21,0,False,True,240
random,high,long,736,0.003996003996003996,0.000999000999000999,21,21,0,False,True,1014
random,high,long,737,0.004995004995004995,0.001998001998001998,21,21,0,False,True,1205
random,high,long,738,0.005994005994005994,0.002997002997002997,21,19,-2,False,True,2743
random,high,long,739,0.08791208791208792,0.030969030969030968,21,15,-6,False,True,9126
random,high,long,740,0.003996003996003996,0.000999000999000999,21,21,0,False,True,1972
random,high,long,741,0.001998001998001998,0.000999000999000999,21,21,0,False,True,487
random,high,long,742,0.001998001998001998,0.000999000999000999,21,21,0,False,True,519
random,high,long,743,0.03296703296703297,0.00999000999000999,21,19,-2,False,True,8037
random,high,long,744,0.00999000999000999,0.003996003996003996,21,21,0,False,True,3914
random,high,long,745,0.03596403596403597,0.01098901098901099,21,15,-6,False,True,7854
random,high,long,746,0.003996003996003996,0.000999000999000999,21,21,0,False,True,3218
random,high,long,747,0.016983016983016984,0.007992007992007992,21,19,-2,False,True,3189
random,high,long,748,0.04095904095904096,0.013986013986013986,21,17,-4,False,True,9925
random,high,long,749,0.01998001998001998,0.006993006993006993,21,17,-4,False,True,4182
random,high,long,750,0.005994005994005994,0.002997002997002997,21,21,0,False,True,1600
random,high,long,751,0.005994005994005994,0.000999000999000999,21,21,0,False,True,6140
random,high,long,752,0.004995004995004995,0.000999000999000999,21,21,0,False,True,5179
random,high,long,753,0.002997002997002997,0.001998001998001998,21,21,0,False,True,1155
random,high,long,754,0.005994005994005994,0.001998001998001998,21,21,0,False,True,2734
random,high,long,755,0.1028971028971029,0.03396603396603397,21,11,-10,False,True,19433
random,high,long,756,0.006993006993006993,0.001998001998001998,21,21,0,False,True,4278
random,high,long,757,0.004995004995004995,0.001998001998001998,21,19,-2,False,True,3767
random,high,long,758,0.001998001998001998,0.000999000999000999,21,21,0,False,True,1225
random,high,long,759,0.012987012987012988,0.003996003996003996,21,21,0,False,True,5260
random,high,long,760,0.005994005994005994,0.000999000999000999,21,21,0,False,True,3524
random,high,long,761,0.028971028971028972,0.008991008991008992,21,21,0,False,True,7554
random,high,long,762,0.002997002997002997,0.000999000999000999,21,21,0,False,True,337
random,high,long,763,0.01998001998001998,0.005994005994005994,21,19,-2,False,True,4164
random,high,long,764,0.00999000999000999,0.002997002997002997,21,21,0,False,True,4498
random,high,long,765,0.01098901098901099,0.003996003996003996,21,21,0,False,True,7349
random,high,long,766,0.004995004995004995,0.000999000999000999,21,21,0,False,True,2182
random,high,long,767,0.023976023976023976,0.008991008991008992,21,19,-2,False,True,10380
random,high,long,768,0.003996003996003996,0.001998001998001998,21,19,-2,False,True,2344
random,high,long,769,0.059940059940059943,0.017982017982017984,21,9,-12,False,True,8727
random,high,long,770,0.007992007992007992,0.000999000999000999,21,21,0,False,True,1413
random,high,long,771,0.014985014985014986,0.003996003996003996,21,21,0,False,True,4043
random,high,long,772,0.030969030969030968,0.01098901098901099,21,21,0,False,True,10489
random,high,long,773,0.003996003996003996,0.000999000999000999,21,21,0,False,True,1250
random,high,long,774,0.016983016983016984,0.006993006993006993,21,17,-4,False,True,3034
random,high,long,775,0.003996003996003996,0.000999000999000999,21,21,0,False,True,696
random,high,long,776,0.005994005994005994,0.000999000999000999,21,21,0,False,True,4269
random,high,long,777,0.017982017982017984,0.005994005994005994,21,21,0,False,True,4035
random,high,long,778,0.005994005994005994,0.000999000999000999,21,21,0,False,True,2099
random,high,long,779,0.03496503496503497,0.01098901098901099,21,19,-2,False,True,10841
random,high,long,780,0.001998001998001998,0.000999000999000999,21,21,0,False,True,6404
random,high,long,781,0.011988011988011988,0.004995004995004995,21,21,0,False,True,2446
random,high,long,782,0.02097902097902098,0.006993006993006993,21,19,-2,False,True,5964
random,high,long,783,0.004995004995004995,0.001998001998001998,21,21,0,False,True,940
random,high,long,784,0.006993006993006993,0.001998001998001998,21,21,0,False,True,1322
random,high,long,785,0.1108891108891109,0.04395604395604396,21,17,-4,False,True,11367
random,high,long,786,0.007992007992007992,0.002997002997002997,21,19,-2,False,True,2910
random,high,long,787,0.053946053946053944,0.015984015984015984,21,19,-2,False,True,10127
random,high,long,788,0.008991008991008992,0.000999000999000999,21,21,0,False,True,3265
random,high,long,789,0.003996003996003996,0.000999000999000999,21,21,0,False,True,2864
random,high,long,790,0.029970029970029972,0.007992007992007992,21,17,-4,False,True,9016
random,high,long,791,0.03196803196803197,0.00999000999000999,21,21,0,False,True,5378
random,high,long,792,0.001998001998001998,0.000999000999000999,21,21,0,False,True,97
random,high,long,793,0.006993006993006993,0.001998001998001998,21,21,0,False,True,1840
random,high,long,794,0.006993006993006993,0.001998001998001998,21,21,0,False,True,2630
random,high,long,795,0.02197802197802198,0.007992007992007992,21,19,-2,False,True,6414
random,high,long,796,0.006993006993006993,0.000999000999000999,21,21,0,False,True,2195
random,high,long,797,0.002997002997002997,0.000999000999000999,21,21,0,False,True,2910
random,high,long,798,0.003996003996003996,0.001998001998001998,21,21,0,False,True,2573
random,high,long,799,0.01098901098901099,0.002997002997002997,21,21,0,False,True,3665
random,high,long,800,0.005994005994005994,0.000999000999000999,21,21,0,False,True,3385
random,high,long,801,0.012987012987012988,0.005994005994005994,21,21,0,False,True,3847
random,high,long,802,0.004995004995004995,0.001998001998001998,21,17,-4,False,True,1770
random,high,long,803,0.011988011988011988,0.003996003996003996,21,21,0,False,True,2738
random,high,long,804,0.007992007992007992,0.002997002997002997,21,21,0,False,True,2683
random,high,long,805,0.023976023976023976,0.007992007992007992,21,21,0,False,True,8693
random,high,long,806,0.005994005994005994,0.000999000999000999,21,21,0,False,True,2607
random,high,long,807,0.004995004995004995,0.000999000999000999,21,21,0,False,True,2122
random,high,long,808,0.002997002997002997,0.001998001998001998,21,21,0,False,True,762
random,high,long,809,0.024975024975024976,0.007992007992007992,21,19,-2,False,True,8252
random,high,long,810,0.007992007992007992,0.001998001998001998,21,21,0,False,True,1177
random,high,long,811,0.002997002997002997,0.000999000999000999,21,21,0,False,True,654
random,high,long,812,0.006993006993006993,0.002997002997002997,21,19,-2,False,True,3470
random,high,long,813,0.06993006993006994,0.022977022977022976,21,11,-10,False,True,11437
random,high,long,814,0.002997002997002997,0.000999000999000999,21,21,0,False,True,2584
random,high,long,815,0.002997002997002997,0.000999000999000999,21,21,0,False,True,1966
random,high,long,816,0.001998001998001998,0.000999000999000999,21,21,0,False,True,1301
random,high,long,817,0.011988011988011988,0.002997002997002997,21,21,0,False,True,4222
random,high,long,818,0.003996003996003996,0.001998001998001998,21,21,0,False,True,2002
random,high,long,819,0.04595404595404595,0.012987012987012988,21,15,-6,False,True,7222
random,high,long,820,0.006993006993006993,0.001998001998001998,21,21,0,False,True,2277
random,high,long,821,0.030969030969030968,0.006993006993006993,21,19,-2,False,True,8385
random,high,long,822,0.001998001998001998,0.000999000999000999,21,19,-2,False,True,617
random,high,long,823,0.006993006993006993,0.000999000999000999,21,19,-2,False,True,1417
random,high,long,824,0.017982017982017984,0.003996003996003996,21,21,0,False,True,6201
random,high,long,825,0.016983016983016984,0.005994005994005994,21,17,-4,False,True,2635
random,high,long,826,0.03696303696303696,0.008991008991008992,21,19,-2,False,True,9997
random,high,long,827,0.01898101898101898,0.005994005994005994,21,19,-2,False,True,5419
random,high,long,828,0.007992007992007992,0.001998001998001998,21,21,0,False,True,4417
random,high,long,829,0.002997002997002997,0.001998001998001998,21,21,0,False,True,1073
random,high,long,830,0.015984015984015984,0.003996003996003996,21,17,-4,False,True,5705
random,high,long,831,0.007992007992007992,0.002997002997002997,21,19,-2,False,True,3250
random,high,long,832,0.006993006993006993,0.000999000999000999,21,21,0,False,True,2732
random,high,long,833,0.015984015984015984,0.004995004995004995,21,17,-4,False,True,5949
random,high,long,834,0.003996003996003996,0.001998001998001998,21,19,-2,False,True,2143
random,high,long,835,0.01098901098901099,0.005994005994005994,21,21,0,False,True,4209
random,high,long,836,0.04595404595404595,0.013986013986013986,21,19,-2,False,True,9627
random,high,long,837,0.04195804195804196,0.011988011988011988,21,17,-4,False,True,5631
random,high,long,838,0.030969030969030968,0.007992007992007992,21,21,0,False,True,6474
random,high,long,839,0.001998001998001998,0.000999000999000999,21,19,-2,False,True,1024
random,high,long,840,0.003996003996003996,0.000999000999000999,21,21,0,False,True,1179
random,high,long,841,0.001998001998001998,0.000999000999000999,21,21,0,False,True,1670
random,high,long,842,0.002997002997002997,0.001998001998001998,21,19,-2,False,True,139
random,high,long,843,0.005994005994005994,0.002997002997002997,21,19,-2,False,True,3734
random,high,long,844,0.002997002997002997,0.000999000999000999,21,21,0,False,True,869
random,high,long,845,0.002997002997002997,0.000999000999000999,21,21,0,False,True,2384
random,high,long,846,0.002997002997002997,0.000999000999000999,21,19,-2,False,True,5363
random,high,long,847,0.005994005994005994,0.001998001998001998,21,21,0,False,True,1401
random,high,long,848,0.001998001998001998,0.000999000999000999,21,21,0,False,True,1191
random,high,long,849,0.028971028971028972,0.011988011988011988,21,13,-8,False,True,3751
random,high,long,850,0.002997002997002997,0.000999000999000999,21,19,-2,False,True,1741
random,high,long,851,0.055944055944055944,0.01898101898101898,21,21,0,False,True,12946
random,high,long,852,0.008991008991008992,0.003996003996003996,21,21,0,False,True,3001
random,high,long,853,0.03396603396603397,0.011988011988011988,21,19,-2,False,True,11062
random,high,long,854,0.024975024975024976,0.01098901098901099,21,19,-2,False,True,7496
random,high,long,855,0.003996003996003996,0.001998001998001998,21,21,0,False,True,3203
random,high,long,856,0.004995004995004995,0.000999000999000999,21,21,0,False,True,2389
random,high,long,857,0.007992007992007992,0.002997002997002997,21,21,0,False,True,4667
random,high,long,858,0.001998001998001998,0.000999000999000999,21,21,0,False,True,726
random,high,long,859,0.1108891108891109,0.03296703296703297,21,13,-8,False,True,9287
random,high,long,860,0.00999000999000999,0.002997002997002997,21,19,-2,False,True,2854
random,high,long,861,0.001998001998001998,0.000999000999000999,21,21,0,False,True,310
random,high,long,862,0.004995004995004995,0.001998001998001998,21,21,0,False,True,1124
random,high,long,863,0.004995004995004995,0.001998001998001998,21,19,-2,False,True,3525
random,high,long,864,0.00999000999000999,0.004995004995004995,21,19,-2,False,True,3178
random,high,long,865,0.011988011988011988,0.001998001998001998,21,21,0,False,True,3969
random,high,long,866,0.060939060939060936,0.02197802197802198,21,13,-8,False,True,13561
random,high,long,867,0.007992007992007992,0.001998001998001998,21,21,0,False,True,4176
random,high,long,868,0.003996003996003996,0.000999000999000999,21,21,0,False,True,2752
random,high,long,869,0.04095904095904096,0.013986013986013986,21,19,-2,False,True,7101
random,high,long,870,0.002997002997002997,0.000999000999000999,21,21,0,False,True,767
random,high,long,871,0.004995004995004995,0.001998001998001998,21,21,0,False,True,1729
random,high,long,872,0.006993006993006993,0.003996003996003996,21,21,0,False,True,4276
random,high,long,873,0.006993006993006993,0.001998001998001998,21,21,0,False,True,2019
random,high,long,874,0.003996003996003996,0.000999000999000999,21,21,0,False,True,1041
random,high,long,875,0.008991008991008992,0.001998001998001998,21,21,0,False,True,4425
random,high,long,876,0.03696303696303696,0.01098901098901099,21,17,-4,False,True,8516
random,high,long,877,0.03596403596403597,0.012987012987012988,21,19,-2,False,True,8328
random,high,long,878,0.005994005994005994,0.002997002997002997,21,21,0,False,True,2861
random,high,long,879,0.004995004995004995,0.000999000999000999,21,21,0,False,True,2864
random,high,long,880,0.027972027972027972,0.007992007992007992,21,17,-4,False,True,6439
random,high,long,881,0.002997002997002997,0.000999000999000999,21,21,0,False,True,846
random,high,long,882,0.012987012987012988,0.003996003996003996,21,21,0,False,True,3851
random,high,long,883,0.001998001998001998,0.001998001998001998,21,17,-4,False,True,821
random,high,long,884,0.005994005994005994,0.002997002997002997,21,19,-2,False,True,1664
random,high,long,885,0.10589410589410589,0.03696303696303696,21,19,-2,False,False,20020
random,high,long,886,0.02097902097902098,0.007992007992007992,21,17,-4,False,True,8176
random,high,long,887,0.006993006993006993,0.003996003996003996,21,21,0,False,True,1226
random,high,long,888,0.003996003996003996,0.001998001998001998,21,21,0,False,True,1170
random,high,long,889,0.006993006993006993,0.001998001998001998,21,21,0,False,True,3265
random,high,long,890,0.003996003996003996,0.000999000999000999,21,19,-2,False,True,988
random,high,long,891,0.12687312687312688,0.04895104895104895,21,3,-18,False,True,15321
random,high,long,892,0.04295704295704296,0.015984015984015984,21,15,-6,False,True,8502
random,high,long,893,0.012987012987012988,0.003996003996003996,21,21,0,False,True,5301
random,high,long,894,0.001998001998001998,0.000999000999000999,21,21,0,False,True,3418
random,high,long,895,0.008991008991008992,0.002997002997002997,21,19,-2,False,True,3401
random,high,long,896,0.007992007992007992,0.002997002997002997,21,21,0,False,True,4420
random,high,long,897,0.004995004995004995,0.001998001998001998,21,21,0,False,True,4120
random,high,long,898,0.01098901098901099,0.003996003996003996,21,21,0,False,True,3849
random,high,long,899,0.003996003996003996,0.000999000999000999,21,21,0,False,True,4211
random,high,long,900,0.001998001998001998,0.000999000999000999,21,21,0,False,True,1609
random,high,long,901,0.005994005994005994,0.002997002997002997,21,21,0,False,True,861
random,high,long,902,0.03296703296703297,0.008991008991008992,21,19,-2,False,True,4290
random,high,long,903,0.005994005994005994,0.000999000999000999,21,21,0,False,True,3548
random,high,long,904,0.02097902097902098,0.004995004995004995,21,19,-2,False,True,4985
random,high,long,905,0.022977022977022976,0.006993006993006993,21,21,0,False,True,5566
random,high,long,906,0.05094905094905095,0.014985014985014986,21,19,-2,False,True,7239
random,high,long,907,0.005994005994005994,0.001998001998001998,21,21,0,False,True,2390
random,high,long,908,0.001998001998001998,0.000999000999000999,21,21,0,False,True,899
random,high,long,909,0.015984015984015984,0.004995004995004995,21,17,-4,False,True,8823
random,high,long,910,0.04595404595404595,0.017982017982017984,21,11,-10,False,True,5656
random,high,long,911,0.022977022977022976,0.005994005994005994,21,17,-4,False,True,5933
random,high,long,912,0.001998001998001998,0.000999000999000999,21,21,0,False,True,77
random,high,long,913,0.003996003996003996,0.000999000999000999,21,21,0,False,True,2025
random,high,long,914,0.008991008991008992,0.002997002997002997,21,19,-2,False,True,1779
random,high,long,915,0.008991008991008992,0.001998001998001998,21,21,0,False,True,5214
random,high,long,916,0.01998001998001998,0.006993006993006993,21,19,-2,False,True,7974
random,high,long,917,0.03796203796203796,0.012987012987012988,21,19,-2,False,True,5940
random,high,long,918,0.008991008991008992,0.003996003996003996,21,21,0,False,True,4647
random,high,long,919,0.001998001998001998,0.000999000999000999,21,21,0,False,True,1294
random,high,long,920,0.003996003996003996,0.000999000999000999,21,21,0,False,True,1300
random,high,long,921,0.002997002997002997,0.001998001998001998,21,21,0,False,True,1270
random,high,long,922,0.001998001998001998,0.000999000999000999,21,21,0,False,True,1236
random,high,long,923,0.024975024975024976,0.008991008991008992,21,17,-4,False,True,9119
random,high,long,924,0.05194805194805195,0.014985014985014986,21,15,-6,False,True,6871
random,high,long,925,0.002997002997002997,0.000999000999000999,21,21,0,False,True,1303
random,high,long,926,0.004995004995004995,0.001998001998001998,21,21,0,False,True,6177
random,high,long,927,0.03496503496503497,0.012987012987012988,21,21,0,False,True,8148
random,high,long,928,0.00999000999000999,0.002997002997002997,21,19,-2,False,True,2075
random,high,long,929,0.006993006993006993,0.000999000999000999,21,21,0,False,True,2246
random,high,long,930,0.004995004995004995,0.000999000999000999,21,19,-2,False,True,1375
random,high,long,931,0.001998001998001998,0.000999000999000999,21,21,0,False,True,2251
random,high,long,932,0.003996003996003996,0.000999000999000999,21,21,0,False,True,1518
random,high,long,933,0.00999000999000999,0.002997002997002997,21,21,0,False,True,6049
random,high,long,934,0.005994005994005994,0.001998001998001998,21,21,0,False,True,3678
random,high,long,935,0.008991008991008992,0.003996003996003996,21,19,-2,False,True,2930
random,high,long,936,0.06393606393606394,0.01998001998001998,21,15,-6,False,True,12305
random,high,long,937,0.007992007992007992,0.001998001998001998,21,21,0,False,True,5635
random,high,long,938,0.017982017982017984,0.005994005994005994,21,19,-2,False,True,6787
random,high,long,939,0.007992007992007992,0.002997002997002997,21,21,0,False,True,2938
random,high,long,940,0.01098901098901099,0.002997002997002997,21,21,0,False,True,3945
random,high,long,941,0.003996003996003996,0.000999000999000999,21,21,0,False,True,3934
random,high,long,942,0.003996003996003996,0.000999000999000999,21,21,0,False,True,988
random,high,long,943,0.06793206793206794,0.022977022977022976,21,9,-12,False,False,20020
random,high,long,944,0.014985014985014986,0.004995004995004995,21,19,-2,False,True,3150
random,high,long,945,0.005994005994005994,0.000999000999000999,21,21,0,False,True,3539
random,high,long,946,0.007992007992007992,0.002997002997002997,21,19,-2,False,True,4596
random,high,long,947,0.056943056943056944,0.01998001998001998,21,17,-4,False,True,11102
random,high,long,948,0.013986013986013986,0.003996003996003996,21,21,0,False,True,5034
random,high,long,949,0.002997002997002997,0.000999000999000999,21,21,0,False,True,1602
random,high,long,950,0.01998001998001998,0.004995004995004995,21,17,-4,False,True,6856
random,high,long,951,0.01098901098901099,0.003996003996003996,21,21,0,False,True,8996
random,high,long,952,0.030969030969030968,0.00999000999000999,21,21,0,False,True,6212
random,high,long,953,0.005994005994005994,0.001998001998001998,21,21,0,False,True,3219
random,high,long,954,0.004995004995004995,0.000999000999000999,21,21,0,False,True,1076
random,high,long,955,0.023976023976023976,0.006993006993006993,21,19,-2,False,True,7037
random,high,long,956,0.007992007992007992,0.002997002997002997,21,19,-2,False,True,4100
random,high,long,957,0.004995004995004995,0.001998001998001998,21,21,0,False,True,1138
random,high,long,958,0.001998001998001998,0.000999000999000999,21,21,0,False,True,1071
random,high,long,959,0.002997002997002997,0.000999000999000999,21,21,0,False,True,726
random,high,long,960,0.001998001998001998,0.000999000999000999,21,21,0,False,True,2284
random,high,long,961,0.01898101898101898,0.006993006993006993,21,19,-2,False,True,3806
random,high,long,962,0.007992007992007992,0.003996003996003996,21,21,0,False,True,7877
random,high,long,963,0.00999000999000999,0.004995004995004995,21,21,0,False,True,3111
random,high,long,964,0.00999000999000999,0.001998001998001998,21,21,0,False,True,2535
random,high,long,965,0.004995004995004995,0.000999000999000999,21,21,0,False,True,2728
random,high,long,966,0.003996003996003996,0.000999000999000999,21,21,0,False,True,2092
random,high,long,967,0.017982017982017984,0.005994005994005994,21,19,-2,False,True,6399
random,high,long,968,0.006993006993006993,0.001998001998001998,21,21,0,False,True,4748
random,high,long,969,0.005994005994005994,0.003996003996003996,21,21,0,False,True,1737
random,high,long,970,0.00999000999000999,0.001998001998001998,21,21,0,False,True,6193
random,high,long,971,0.029970029970029972,0.01098901098901099,21,21,0,False,True,4609
random,high,long,972,0.05194805194805195,0.015984015984015984,21,19,-2,False,True,13146
random,high,long,973,0.002997002997002997,0.000999000999000999,21,21,0,False,True,864
random,high,long,974,0.001998001998001998,0.000999000999000999,21,19,-2,False,True,2172
random,high,long,975,0.001998001998001998,0.000999000999000999,21,19,-2,False,True,1721
random,high,long,976,0.01098901098901099,0.002997002997002997,21,21,0,False,True,2680
random,high,long,977,0.002997002997002997,0.000999000999000999,21,21,0,False,True,1348
random,high,long,978,0.017982017982017984,0.006993006993006993,21,21,0,False,True,5728
random,high,long,979,0.008991008991008992,0.002997002997002997,21,21,0,False,True,2889
random,high,long,980,0.005994005994005994,0.001998001998001998,21,21,0,False,True,6944
random,high,long,981,0.002997002997002997,0.000999000999000999,21,21,0,False,True,529
random,high,long,982,0.001998001998001998,0.001998001998001998,21,21,0,False,True,399
random,high,long,983,0.013986013986013986,0.003996003996003996,21,21,0,False,True,5728
random,high,long,984,0.013986013986013986,0.006993006993006993,21,19,-2,False,True,4577
random,high,long,985,0.015984015984015984,0.003996003996003996,21,21,0,False,True,6162
random,high,long,986,0.002997002997002997,0.000999000999000999,21,21,0,False,True,1343
random,high,long,987,0.003996003996003996,0.000999000999000999,21,21,0,False,True,1052
random,high,long,988,0.005994005994005994,0.000999000999000999,21,21,0,False,True,4277
random,high,long,989,0.004995004995004995,0.001998001998001998,21,21,0,False,True,579
random,high,long,990,0.005994005994005994,0.001998001998001998,21,19,-2,False,True,2582
random,high,long,991,0.013986013986013986,0.002997002997002997,21,21,0,False,True,8249
random,high,long,992,0.002997002997002997,0.000999000999000999,21,21,0,False,True,2440
random,high,long,993,0.004995004995004995,0.002997002997002997,21,21,0,False,True,1807
random,high,long,994,0.001998001998001998,0.001998001998001998,21,21,0,False,True,1577
random,high,long,995,0.0979020979020979,0.03796203796203796,21,11,-10,False,True,13173
random,high,long,996,0.005994005994005994,0.001998001998001998,21,21,0,False,True,3871
random,high,long,997,0.012987012987012988,0.003996003996003996,21,21,0,False,True,4700
random,high,long,998,0.027972027972027972,0.007992007992007992,21,19,-2,False,True,9385
random,high,long,999,0.024975024975024976,0.007992007992007992,21,19,-2,False,True,9783
small_world,low,short,0,0.017982017982017984,0.011988011988011988,21,19,-2,False,False,5005
small_world,low,short,1,0.003996003996003996,0.002997002997002997,21,19,-2,False,True,1441
small_world,low,short,2,0.02097902097902098,0.015984015984015984,21,15,-6,False,False,5005
small_world,low,short,3,0.04695304695304695,0.03596403596403597,21,9,-12,False,False,5005
small_world,low,short,4,0.016983016983016984,0.00999000999000999,21,17,-4,False,True,4230
small_world,low,short,5,0.012987012987012988,0.01098901098901099,21,15,-6,False,True,4343
small_world,low,short,6,0.04595404595404595,0.03496503496503497,21,13,-8,False,False,5005
small_world,low,short,7,0.029970029970029972,0.023976023976023976,21,21,0,False,False,5005
small_world,low,short,8,0.004995004995004995,0.001998001998001998,21,21,0,False,True,2409
small_world,low,short,9,0.006993006993006993,0.003996003996003996,21,21,0,False,False,5005
small_world,low,short,10,0.001998001998001998,0.001998001998001998,21,21,0,False,True,875
small_world,low,short,11,0.024975024975024976,0.015984015984015984,21,15,-6,False,True,4678
small_world,low,short,12,0.01098901098901099,0.007992007992007992,21,21,0,False,True,3248
small_world,low,short,13,0.04595404595404595,0.029970029970029972,21,15,-6,False,False,5005
small_world,low,short,14,0.003996003996003996,0.001998001998001998,21,21,0,False,True,807
small_world,low,short,15,0.015984015984015984,0.013986013986013986,21,19,-2,False,False,5005
small_world,low,short,16,0.028971028971028972,0.023976023976023976,21,11,-10,False,False,5005
small_world,low,short,17,0.004995004995004995,0.001998001998001998,21,19,-2,False,True,4055
small_world,low,short,18,0.011988011988011988,0.008991008991008992,21,19,-2,False,False,5005
small_world,low,short,19,0.012987012987012988,0.007992007992007992,21,21,0,False,False,5005
small_world,low,short,20,0.003996003996003996,0.001998001998001998,21,21,0,False,True,2499
small_world,low,short,21,0.03796203796203796,0.023976023976023976,21,15,-6,False,False,5005
small_world,low,short,22,0.03496503496503497,0.025974025974025976,21,15,-6,False,False,5005
small_world,low,short,23,0.006993006993006993,0.002997002997002997,21,21,0,False,True,3610
small_world,low,short,24,0.011988011988011988,0.007992007992007992,21,19,-2,False,False,5005
small_world,low,short,25,0.04795204795204795,0.03496503496503497,21,17,-4,False,False,5005
small_world,low,short,26,0.00999000999000999,0.005994005994005994,21,21,0,False,True,4511
small_world,low,short,27,0.023976023976023976,0.017982017982017984,21,19,-2,False,False,5005
small_world,low,short,28,0.025974025974025976,0.017982017982017984,21,21,0,False,False,5005
small_world,low,short,29,0.017982017982017984,0.014985014985014986,21,19,-2,False,False,5005
small_world,low,short,30,0.002997002997002997,0.002997002997002997,21,21,0,False,True,1684
small_world,low,short,31,0.03996003996003996,0.028971028971028972,21,13,-8,False,False,5005
small_world,low,short,32,0.005994005994005994,0.003996003996003996,21,19,-2,False,True,2713
small_world,low,short,33,0.007992007992007992,0.004995004995004995,21,21,0,False,True,2227
small_world,low,short,34,0.014985014985014986,0.011988011988011988,21,19,-2,False,True,3748
small_world,low,short,35,0.028971028971028972,0.02097902097902098,21,15,-6,False,False,5005
small_world,low,short,36,0.026973026973026972,0.016983016983016984,21,13,-8,False,False,5005
small_world,low,short,37,0.002997002997002997,0.001998001998001998,21,21,0,False,True,1525
small_world,low,short,38,0.00999000999000999,0.007992007992007992,21,21,0,False,True,4026
small_world,low,short,39,0.002997002997002997,0.001998001998001998,21,19,-2,False,True,504
small_world,low,short,40,0.02197802197802198,0.012987012987012988,21,19,-2,False,False,5005
small_world,low,short,41,0.012987012987012988,0.008991008991008992,21,15,-6,False,True,4057
small_world,low,short,42,0.004995004995004995,0.001998001998001998,21,21,0,False,True,845
small_world,low,short,43,0.027972027972027972,0.02097902097902098,21,13,-8,False,False,5005
small_world,low,short,44,0.01898101898101898,0.015984015984015984,21,11,-10,False,False,5005
small_world,low,short,45,0.004995004995004995,0.001998001998001998,21,21,0,False,True,2763
small_world,low,short,46,0.024975024975024976,0.017982017982017984,21,19,-2,False,False,5005
small_world,low,short,47,0.013986013986013986,0.012987012987012988,21,19,-2,False,True,4342
small_world,low,short,48,0.01098901098901099,0.005994005994005994,21,19,-2,False,True,4119
small_world,low,short,49,0.007992007992007992,0.004995004995004995,21,21,0,False,True,1839
small_world,low,short,50,0.013986013986013986,0.008991008991008992,21,19,-2,False,True,4520
small_world,low,short,51,0.001998001998001998,0.001998001998001998,21,21,0,False,True,1491
small_world,low,short,52,0.052947052947052944,0.04095904095904096,21,5,-16,False,False,5005
small_world,low,short,53,0.03496503496503497,0.026973026973026972,21,19,-2,False,False,5005
small_world,low,short,54,0.03596403596403597,0.030969030969030968,21,17,-4,False,False,5005
small_world,low,short,55,0.01898101898101898,0.013986013986013986,21,17,-4,False,True,3767
small_world,low,short,56,0.014985014985014986,0.008991008991008992,21,17,-4,False,True,3590
small_world,low,short,57,0.08591408591408592,0.06593406593406594,21,3,-18,False,False,5005
small_world,low,short,58,0.001998001998001998,0.000999000999000999,21,21,0,False,True,1564
small_world,low,short,59,0.003996003996003996,0.001998001998001998,21,21,0,False,True,3682
small_world,low,short,60,0.03396603396603397,0.022977022977022976,21,19,-2,False,False,5005
small_world,low,short,61,0.03796203796203796,0.03196803196803197,21,15,-6,False,False,5005
small_world,low,short,62,0.013986013986013986,0.007992007992007992,21,21,0,False,False,5005
small_world,low,short,63,0.005994005994005994,0.001998001998001998,21,21,0,False,True,3321
small_world,low,short,64,0.011988011988011988,0.007992007992007992,21,17,-4,False,True,4248
small_world,low,short,65,0.02097902097902098,0.016983016983016984,21,13,-8,False,True,4104
small_world,low,short,66,0.023976023976023976,0.02097902097902098,21,19,-2,False,False,5005
small_world,low,short,67,0.005994005994005994,0.002997002997002997,21,19,-2,False,True,2621
small_world,low,short,68,0.04795204795204795,0.03596403596403597,21,17,-4,False,False,5005
small_world,low,short,69,0.0999000999000999,0.06693306693306693,21,-3,-24,True,False,5005
small_world,low,short,70,0.006993006993006993,0.004995004995004995,21,19,-2,False,True,3087
small_world,low,short,71,0.025974025974025976,0.017982017982017984,21,15,-6,False,False,5005
small_world,low,short,72,0.017982017982017984,0.012987012987012988,21,15,-6,False,True,4253
small_world,low,short,73,0.005994005994005994,0.003996003996003996,21,21,0,False,True,4057
small_world,low,short,74,0.007992007992007992,0.006993006993006993,21,17,-4,False,True,2674
small_world,low,short,75,0.014985014985014986,0.007992007992007992,21,17,-4,False,False,5005
small_world,low,short,76,0.01098901098901099,0.005994005994005994,21,21,0,False,False,5005
small_world,low,short,77,0.001998001998001998,0.001998001998001998,21,21,0,False,True,711
small_world,low,short,78,0.014985014985014986,0.008991008991008992,21,21,0,False,False,5005
small_world,low,short,79,0.00999000999000999,0.005994005994005994,21,21,0,False,False,5005
small_world,low,short,80,0.03796203796203796,0.025974025974025976,21,13,-8,False,False,5005
small_world,low,short,81,0.002997002997002997,0.001998001998001998,21,21,0,False,True,2003
small_world,low,short,82,0.06993006993006994,0.04895104895104895,21,9,-12,False,False,5005
small_world,low,short,83,0.022977022977022976,0.016983016983016984,21,19,-2,False,False,5005
small_world,low,short,84,0.06593406593406594,0.04295704295704296,21,9,-12,False,False,5005
small_world,low,short,85,0.008991008991008992,0.005994005994005994,21,21,0,False,True,4570
small_world,low,short,86,0.001998001998001998,0.000999000999000999,21,21,0,False,True,410
small_world,low,short,87,0.007992007992007992,0.004995004995004995,21,19,-2,False,True,2255
small_world,low,short,88,0.03896103896103896,0.03296703296703297,21,13,-8,False,False,5005
small_world,low,short,89,0.001998001998001998,0.001998001998001998,21,19,-2,False,True,801
small_world,low,short,90,0.027972027972027972,0.022977022977022976,21,17,-4,False,False,5005
small_world,low,short,91,0.022977022977022976,0.017982017982017984,21,17,-4,False,False,5005
small_world,low,short,92,0.04095904095904096,0.027972027972027972,21,13,-8,False,False,5005
small_world,low,short,93,0.03496503496503497,0.024975024975024976,21,17,-4,False,False,5005
small_world,low,short,94,0.017982017982017984,0.014985014985014986,21,17,-4,False,False,5005
small_world,low,short,95,0.022977022977022976,0.015984015984015984,21,19,-2,False,True,4676
small_world,low,short,96,0.007992007992007992,0.006993006993006993,21,21,0,False,True,997
small_world,low,short,97,0.011988011988011988,0.008991008991008992,21,19,-2,False,False,5005
small_world,low,short,98,0.00999000999000999,0.005994005994005994,21,19,-2,False,True,2732
small_world,low,short,99,0.006993006993006993,0.004995004995004995,21,19,-2,False,False,5005
small_world,low,short,100,0.03196803196803197,0.02097902097902098,21,19,-2,False,False,5005
small_world,low,short,101,0.008991008991008992,0.005994005994005994,21,19,-2,False,True,3761
small_world,low,short,102,0.02097902097902098,0.015984015984015984,21,19,-2,False,True,4849
small_world,low,short,103,0.002997002997002997,0.001998001998001998,21,21,0,False,True,2211
small_world,low,short,104,0.002997002997002997,0.001998001998001998,21,19,-2,False,True,881
small_world,low,short,105,0.016983016983016984,0.011988011988011988,21,17,-4,False,False,5005
small_world,low,short,106,0.028971028971028972,0.02097902097902098,21,13,-8,False,False,5005
small_world,low,short,107,0.024975024975024976,0.015984015984015984,21,17,-4,False,False,5005
small_world,low,short,108,0.00999000999000999,0.005994005994005994,21,21,0,False,True,2658
small_world,low,short,109,0.011988011988011988,0.006993006993006993,21,19,-2,False,True,3644
small_world,low,short,110,0.003996003996003996,0.002997002997002997,21,21,0,False,True,1464
small_world,low,short,111,0.04095904095904096,0.029970029970029972,21,11,-10,False,False,5005
small_world,low,short,112,0.03996003996003996,0.030969030969030968,21,15,-6,False,False,5005
small_world,low,short,113,0.022977022977022976,0.013986013986013986,21,17,-4,False,True,3945
small_world,low,short,114,0.03396603396603397,0.02097902097902098,21,17,-4,False,False,5005
small_world,low,short,115,0.03396603396603397,0.024975024975024976,21,13,-8,False,False,5005
small_world,low,short,116,0.008991008991008992,0.005994005994005994,21,17,-4,False,True,4628
small_world,low,short,117,0.004995004995004995,0.003996003996003996,21,21,0,False,True,1294
small_world,low,short,118,0.002997002997002997,0.000999000999000999,21,21,0,False,True,862
small_world,low,short,119,0.003996003996003996,0.002997002997002997,21,21,0,False,True,1661
small_world,low,short,120,0.00999000999000999,0.004995004995004995,21,21,0,False,False,5005
small_world,low,short,121,0.006993006993006993,0.002997002997002997,21,21,0,False,True,2007
small_world,low,short,122,0.053946053946053944,0.03896103896103896,21,13,-8,False,False,5005
small_world,low,short,123,0.016983016983016984,0.01098901098901099,21,21,0,False,False,5005
small_world,low,short,124,0.04895104895104895,0.030969030969030968,21,13,-8,False,False,5005
small_world,low,short,125,0.015984015984015984,0.012987012987012988,21,19,-2,False,False,5005
small_world,low,short,126,0.024975024975024976,0.015984015984015984,21,17,-4,False,False,5005
small_world,low,short,127,0.017982017982017984,0.013986013986013986,21,21,0,False,False,5005
small_world,low,short,128,0.013986013986013986,0.008991008991008992,21,21,0,False,False,5005
small_world,low,short,129,0.04795204795204795,0.03196803196803197,21,11,-10,False,False,5005
small_world,low,short,130,0.004995004995004995,0.002997002997002997,21,21,0,False,True,993
small_world,low,short,131,0.008991008991008992,0.004995004995004995,21,21,0,False,True,3324
small_world,low,short,132,0.004995004995004995,0.004995004995004995,21,21,0,False,True,1291
small_world,low,short,133,0.003996003996003996,0.002997002997002997,21,21,0,False,True,2511
small_world,low,short,134,0.03696303696303696,0.025974025974025976,21,13,-8,False,False,5005
small_world,low,short,135,0.01898101898101898,0.00999000999000999,21,15,-6,False,False,5005
small_world,low,short,136,0.017982017982017984,0.011988011988011988,21,19,-2,False,False,5005
small_world,low,short,137,0.04195804195804196,0.03196803196803197,21,17,-4,False,False,5005
small_world,low,short,138,0.01998001998001998,0.011988011988011988,21,19,-2,False,False,5005
small_world,low,short,139,0.025974025974025976,0.01898101898101898,21,19,-2,False,False,5005
small_world,low,short,140,0.02197802197802198,0.011988011988011988,21,21,0,False,True,3899
small_world,low,short,141,0.002997002997002997,0.001998001998001998,21,21,0,False,True,756
small_world,low,short,142,0.027972027972027972,0.02097902097902098,21,15,-6,False,False,5005
small_world,low,short,143,0.03596403596403597,0.024975024975024976,21,15,-6,False,False,5005
small_world,low,short,144,0.011988011988011988,0.006993006993006993,21,19,-2,False,False,5005
small_world,low,short,145,0.001998001998001998,0.001998001998001998,21,19,-2,False,True,1388
small_world,low,short,146,0.023976023976023976,0.017982017982017984,21,15,-6,False,False,5005
small_world,low,short,147,0.03396603396603397,0.024975024975024976,21,17,-4,False,False,5005
small_world,low,short,148,0.01898101898101898,0.011988011988011988,21,19,-2,False,False,5005
small_world,low,short,149,0.002997002997002997,0.002997002997002997,21,21,0,False,True,1947
small_world,low,short,150,0.056943056943056944,0.04095904095904096,21,5,-16,False,False,5005
small_world,low,short,151,0.01098901098901099,0.007992007992007992,21,19,-2,False,True,2658
small_world,low,short,152,0.025974025974025976,0.017982017982017984,21,11,-10,False,False,5005
small_world,low,short,153,0.002997002997002997,0.000999000999000999,21,21,0,False,True,494
small_world,low,short,154,0.027972027972027972,0.02097902097902098,21,17,-4,False,False,5005
small_world,low,short,155,0.024975024975024976,0.01898101898101898,21,19,-2,False,False,5005
small_world,low,short,156,0.03396603396603397,0.025974025974025976,21,15,-6,False,False,5005
small_world,low,short,157,0.008991008991008992,0.004995004995004995,21,19,-2,False,True,1588
small_world,low,short,158,0.01898101898101898,0.01098901098901099,21,21,0,False,False,5005
small_world,low,short,159,0.005994005994005994,0.004995004995004995,21,19,-2,False,True,1987
small_world,low,short,160,0.03496503496503497,0.023976023976023976,21,11,-10,False,False,5005
small_world,low,short,161,0.016983016983016984,0.011988011988011988,21,21,0,False,True,2321
small_world,low,short,162,0.030969030969030968,0.02197802197802198,21,17,-4,False,True,4982
small_world,low,short,163,0.01898101898101898,0.015984015984015984,21,15,-6,False,False,5005
small_world,low,short,164,0.005994005994005994,0.003996003996003996,21,19,-2,False,True,2555
small_world,low,short,165,0.002997002997002997,0.002997002997002997,21,21,0,False,True,758
small_world,low,short,166,0.014985014985014986,0.011988011988011988,21,17,-4,False,True,4602
small_world,low,short,167,0.001998001998001998,0.000999000999000999,21,21,0,False,True,1673
small_world,low,short,168,0.013986013986013986,0.00999000999000999,21,17,-4,False,False,5005
small_world,low,short,169,0.01098901098901099,0.006993006993006993,21,19,-2,False,False,5005
small_world,low,short,170,0.014985014985014986,0.01098901098901099,21,19,-2,False,False,5005
small_world,low,short,171,0.030969030969030968,0.023976023976023976,21,13,-8,False,False,5005
small_world,low,short,172,0.017982017982017984,0.012987012987012988,21,19,-2,False,False,5005
small_world,low,short,173,0.054945054945054944,0.04295704295704296,21,11,-10,False,False,5005
small_world,low,short,174,0.002997002997002997,0.002997002997002997,21,19,-2,False,True,1416
small_world,low,short,175,0.02097902097902098,0.013986013986013986,21,19,-2,False,False,5005
small_world,low,short,176,0.08091908091908091,0.058941058941058944,21,1,-20,False,False,5005
small_world,low,short,177,0.03396603396603397,0.026973026973026972,21,7,-14,False,False,5005
small_world,low,short,178,0.013986013986013986,0.00999000999000999,21,17,-4,False,False,5005
small_world,low,short,179,0.008991008991008992,0.005994005994005994,21,17,-4,False,True,3152
small_world,low,short,180,0.01998001998001998,0.013986013986013986,21,21,0,False,False,5005
small_world,low,short,181,0.030969030969030968,0.02197802197802198,21,15,-6,False,False,5005
small_world,low,short,182,0.006993006993006993,0.004995004995004995,21,19,-2,False,True,4624
small_world,low,short,183,0.027972027972027972,0.01998001998001998,21,15,-6,False,False,5005
small_world,low,short,184,0.03596403596403597,0.026973026973026972,21,9,-12,False,False,5005
small_world,low,short,185,0.013986013986013986,0.00999000999000999,21,19,-2,False,True,2436
small_world,low,short,186,0.03696303696303696,0.024975024975024976,21,9,-12,False,False,5005
small_world,low,short,187,0.025974025974025976,0.017982017982017984,21,17,-4,False,False,5005
small_world,low,short,188,0.008991008991008992,0.006993006993006993,21,17,-4,False,True,1957
small_world,low,short,189,0.001998001998001998,0.001998001998001998,21,21,0,False,True,547
small_world,low,short,190,0.03896103896103896,0.027972027972027972,21,15,-6,False,False,5005
small_world,low,short,191,0.03896103896103896,0.026973026973026972,21,15,-6,False,False,5005
small_world,low,short,192,0.008991008991008992,0.004995004995004995,21,21,0,False,True,3474
small_world,low,short,193,0.022977022977022976,0.017982017982017984,21,21,0,False,False,5005
small_world,low,short,194,0.001998001998001998,0.000999000999000999,21,21,0,False,True,829
small_world,low,short,195,0.013986013986013986,0.00999000999000999,21,19,-2,False,True,3526
small_world,low,short,196,0.003996003996003996,0.002997002997002997,21,19,-2,False,True,2575
small_world,low,short,197,0.012987012987012988,0.007992007992007992,21,17,-4,False,True,3637
small_world,low,short,198,0.01898101898101898,0.01098901098901099,21,13,-8,False,False,5005
small_world,low,short,199,0.027972027972027972,0.016983016983016984,21,13,-8,False,False,5005
small_world,low,short,200,0.006993006993006993,0.001998001998001998,21,21,0,False,True,2600
small_world,low,short,201,0.011988011988011988,0.008991008991008992,21,17,-4,False,True,4531
small_world,low,short,202,0.001998001998001998,0.001998001998001998,21,21,0,False,True,653
small_world,low,short,203,0.01098901098901099,0.006993006993006993,21,19,-2,False,False,5005
small_world,low,short,204,0.004995004995004995,0.002997002997002997,21,19,-2,False,True,3207
small_world,low,short,205,0.01898101898101898,0.011988011988011988,21,17,-4,False,False,5005
small_world,low,short,206,0.001998001998001998,0.001998001998001998,21,21,0,False,True,1403
small_world,low,short,207,0.008991008991008992,0.005994005994005994,21,21,0,False,False,5005
small_world,low,short,208,0.05194805194805195,0.03496503496503497,21,11,-10,False,False,5005
small_world,low,short,209,0.005994005994005994,0.002997002997002997,21,21,0,False,True,746
small_world,low,short,210,0.00999000999000999,0.007992007992007992,21,19,-2,False,False,5005
small_world,low,short,211,0.008991008991008992,0.005994005994005994,21,21,0,False,False,5005
small_world,low,short,212,0.01998001998001998,0.017982017982017984,21,17,-4,False,False,5005
small_world,low,short,213,0.013986013986013986,0.007992007992007992,21,21,0,False,False,5005
small_world,low,short,214,0.029970029970029972,0.02097902097902098,21,17,-4,False,False,5005
small_world,low,short,215,0.012987012987012988,0.006993006993006993,21,17,-4,False,True,2692
small_world,low,short,216,0.004995004995004995,0.001998001998001998,21,21,0,False,True,4944
small_world,low,short,217,0.003996003996003996,0.002997002997002997,21,19,-2,False,True,1796
small_world,low,short,218,0.008991008991008992,0.005994005994005994,21,19,-2,False,True,2383
small_world,low,short,219,0.03796203796203796,0.022977022977022976,21,15,-6,False,False,5005
small_world,low,short,220,0.02097902097902098,0.014985014985014986,21,17,-4,False,False,5005
small_world,low,short,221,0.01098901098901099,0.008991008991008992,21,19,-2,False,False,5005
small_world,low,short,222,0.025974025974025976,0.02097902097902098,21,19,-2,False,False,5005
small_world,low,short,223,0.002997002997002997,0.000999000999000999,21,21,0,False,True,1816
small_world,low,short,224,0.003996003996003996,0.001998001998001998,21,21,0,False,True,630
small_world,low,short,225,0.001998001998001998,0.000999000999000999,21,21,0,False,True,501
small_world,low,short,226,0.04795204795204795,0.03496503496503497,21,15,-6,False,False,5005
small_world,low,short,227,0.006993006993006993,0.003996003996003996,21,21,0,False,True,3450
small_world,low,short,228,0.02097902097902098,0.015984015984015984,21,17,-4,False,True,2655
small_world,low,short,229,0.029970029970029972,0.02097902097902098,21,15,-6,False,False,5005
small_world,low,short,230,0.012987012987012988,0.005994005994005994,21,17,-4,False,True,3866
small_world,low,short,231,0.04195804195804196,0.03296703296703297,21,11,-10,False,False,5005
small_world,low,short,232,0.008991008991008992,0.004995004995004995,21,21,0,False,True,4631
small_world,low,short,233,0.013986013986013986,0.006993006993006993,21,19,-2,False,False,5005
small_world,low,short,234,0.04295704295704296,0.03596403596403597,21,13,-8,False,False,5005
small_world,low,short,235,0.003996003996003996,0.000999000999000999,21,21,0,False,True,1800
small_world,low,short,236,0.03196803196803197,0.024975024975024976,21,13,-8,False,False,5005
small_world,low,short,237,0.002997002997002997,0.000999000999000999,21,21,0,False,True,2713
small_world,low,short,238,0.007992007992007992,0.005994005994005994,21,19,-2,False,True,4435
small_world,low,short,239,0.015984015984015984,0.011988011988011988,21,21,0,False,True,4118
small_world,low,short,240,0.006993006993006993,0.004995004995004995,21,21,0,False,True,3331
small_world,low,short,241,0.007992007992007992,0.002997002997002997,21,21,0,False,True,3598
small_world,low,short,242,0.011988011988011988,0.006993006993006993,21,19,-2,False,True,4113
small_world,low,short,243,0.004995004995004995,0.002997002997002997,21,21,0,False,True,2643
small_world,low,short,244,0.011988011988011988,0.008991008991008992,21,17,-4,False,True,3262
small_world,low,short,245,0.006993006993006993,0.003996003996003996,21,21,0,False,True,3440
small_world,low,short,246,0.03296703296703297,0.01998001998001998,21,19,-2,False,False,5005
small_world,low,short,247,0.015984015984015984,0.011988011988011988,21,15,-6,False,False,5005
small_world,low,short,248,0.026973026973026972,0.01898101898101898,21,19,-2,False,False,5005
small_world,low,short,249,0.023976023976023976,0.016983016983016984,21,19,-2,False,False,5005
small_world,low,short,250,0.04095904095904096,0.028971028971028972,21,11,-10,False,False,5005
small_world,low,short,251,0.052947052947052944,0.04395604395604396,21,9,-12,False,False,5005
small_world,low,short,252,0.011988011988011988,0.008991008991008992,21,17,-4,False,True,3195
small_world,low,short,253,0.002997002997002997,0.001998001998001998,21,19,-2,False,True,532
small_world,low,short,254,0.012987012987012988,0.007992007992007992,21,17,-4,False,True,4501
small_world,low,short,255,0.017982017982017984,0.014985014985014986,21,15,-6,False,False,5005
small_world,low,short,256,0.025974025974025976,0.017982017982017984,21,19,-2,False,False,5005
small_world,low,short,257,0.03296703296703297,0.023976023976023976,21,9,-12,False,False,5005
small_world,low,short,258,0.01898101898101898,0.008991008991008992,21,19,-2,False,True,4266
small_world,low,short,259,0.03196803196803197,0.022977022977022976,21,17,-4,False,False,5005
small_world,low,short,260,0.001998001998001998,0.000999000999000999,21,21,0,False,True,1210
small_world,low,short,261,0.008991008991008992,0.005994005994005994,21,19,-2,False,True,2592
small_world,low,short,262,0.002997002997002997,0.001998001998001998,21,19,-2,False,True,3182
small_world,low,short,263,0.013986013986013986,0.008991008991008992,21,17,-4,False,False,5005
small_world,low,short,264,0.005994005994005994,0.003996003996003996,21,21,0,False,False,5005
small_world,low,short,265,0.017982017982017984,0.012987012987012988,21,17,-4,False,True,3706
small_world,low,short,266,0.006993006993006993,0.004995004995004995,21,19,-2,False,True,1959
small_world,low,short,267,0.008991008991008992,0.006993006993006993,21,21,0,False,True,4135
small_world,low,short,268,0.026973026973026972,0.01898101898101898,21,19,-2,False,True,4946
small_world,low,short,269,0.026973026973026972,0.01998001998001998,21,17,-4,False,False,5005
small_world,low,short,270,0.002997002997002997,0.001998001998001998,21,19,-2,False,True,403
small_world,low,short,271,0.03696303696303696,0.028971028971028972,21,11,-10,False,False,5005
small_world,low,short,272,0.005994005994005994,0.001998001998001998,21,21,0,False,True,1968
small_world,low,short,273,0.004995004995004995,0.002997002997002997,21,21,0,False,True,1586
small_world,low,short,274,0.012987012987012988,0.008991008991008992,21,21,0,False,True,3800
small_world,low,short,275,0.008991008991008992,0.005994005994005994,21,19,-2,False,False,5005
small_world,low,short,276,0.028971028971028972,0.02097902097902098,21,15,-6,False,False,5005
small_world,low,short,277,0.016983016983016984,0.012987012987012988,21,17,-4,False,False,5005
small_world,low,short,278,0.029970029970029972,0.024975024975024976,21,17,-4,False,False,5005
small_world,low,short,279,0.017982017982017984,0.01098901098901099,21,15,-6,False,False,5005
small_world,low,short,280,0.03696303696303696,0.026973026973026972,21,13,-8,False,False,5005
small_world,low,short,281,0.001998001998001998,0.000999000999000999,21,19,-2,False,True,258
small_world,low,short,282,0.001998001998001998,0.000999000999000999,21,21,0,False,True,2105
small_world,low,short,283,0.056943056943056944,0.04195804195804196,21,13,-8,False,False,5005
small_world,low,short,284,0.007992007992007992,0.005994005994005994,21,21,0,False,True,3041
small_world,low,short,285,0.011988011988011988,0.006993006993006993,21,17,-4,False,True,4473
small_world,low,short,286,0.03996003996003996,0.03196803196803197,21,13,-8,False,False,5005
small_world,low,short,287,0.01098901098901099,0.00999000999000999,21,19,-2,False,True,2022
small_world,low,short,288,0.005994005994005994,0.003996003996003996,21,21,0,False,True,1163
small_world,low,short,289,0.0899100899100899,0.06493506493506493,21,3,-18,False,False,5005
small_world,low,short,290,0.03796203796203796,0.029970029970029972,21,11,-10,False,False,5005
small_world,low,short,291,0.013986013986013986,0.007992007992007992,21,19,-2,False,True,3168
small_world,low,short,292,0.007992007992007992,0.004995004995004995,21,21,0,False,True,3745
small_world,low,short,293,0.08591408591408592,0.053946053946053944,21,7,-14,False,False,5005
small_world,low,short,294,0.011988011988011988,0.00999000999000999,21,17,-4,False,True,1920
small_world,low,short,295,0.025974025974025976,0.017982017982017984,21,17,-4,False,False,5005
small_world,low,short,296,0.013986013986013986,0.006993006993006993,21,21,0,False,True,3945
small_world,low,short,297,0.061938061938061936,0.04795204795204795,21,3,-18,False,False,5005
small_world,low,short,298,0.016983016983016984,0.008991008991008992,21,19,-2,False,False,5005
small_world,low,short,299,0.003996003996003996,0.002997002997002997,21,21,0,False,True,1909
small_world,low,short,300,0.003996003996003996,0.000999000999000999,21,21,0,False,True,3177
small_world,low,short,301,0.05094905094905095,0.04095904095904096,21,15,-6,False,False,5005
small_world,low,short,302,0.001998001998001998,0.001998001998001998,21,21,0,False,True,242
small_world,low,short,303,0.016983016983016984,0.012987012987012988,21,19,-2,False,True,3626
small_world,low,short,304,0.006993006993006993,0.003996003996003996,21,19,-2,False,True,2989
small_world,low,short,305,0.004995004995004995,0.002997002997002997,21,21,0,False,True,1829
small_world,low,short,306,0.006993006993006993,0.004995004995004995,21,21,0,False,True,2020
small_world,low,short,307,0.003996003996003996,0.000999000999000999,21,21,0,False,True,632
small_world,low,short,308,0.03996003996003996,0.030969030969030968,21,19,-2,False,False,5005
small_world,low,short,309,0.017982017982017984,0.008991008991008992,21,19,-2,False,False,5005
small_world,low,short,310,0.011988011988011988,0.006993006993006993,21,19,-2,False,True,3900
small_world,low,short,311,0.024975024975024976,0.011988011988011988,21,15,-6,False,False,5005
small_world,low,short,312,0.02097902097902098,0.012987012987012988,21,21,0,False,False,5005
small_world,low,short,313,0.025974025974025976,0.014985014985014986,21,13,-8,False,False,5005
small_world,low,short,314,0.011988011988011988,0.007992007992007992,21,17,-4,False,True,4764
small_world,low,short,315,0.003996003996003996,0.002997002997002997,21,21,0,False,True,2848
small_world,low,short,316,0.03396603396603397,0.01898101898101898,21,17,-4,False,False,5005
small_world,low,short,317,0.02097902097902098,0.014985014985014986,21,13,-8,False,True,3065
small_world,low,short,318,0.024975024975024976,0.017982017982017984,21,17,-4,False,False,5005
small_world,low,short,319,0.00999000999000999,0.004995004995004995,21,19,-2,False,False,5005
small_world,low,short,320,0.002997002997002997,0.001998001998001998,21,21,0,False,True,1597
small_world,low,short,321,0.022977022977022976,0.01898101898101898,21,13,-8,False,True,4935
small_world,low,short,322,0.03896103896103896,0.024975024975024976,21,19,-2,False,False,5005
small_world,low,short,323,0.06693306693306693,0.052947052947052944,21,11,-10,False,False,5005
small_world,low,short,324,0.011988011988011988,0.006993006993006993,21,19,-2,False,True,3361
small_world,low,short,325,0.006993006993006993,0.003996003996003996,21,19,-2,False,True,4046
small_world,low,short,326,0.012987012987012988,0.00999000999000999,21,17,-4,False,True,4804
small_world,low,short,327,0.007992007992007992,0.004995004995004995,21,21,0,False,True,2467
small_world,low,short,328,0.03296703296703297,0.01998001998001998,21,17,-4,False,False,5005
small_world,low,short,329,0.015984015984015984,0.01098901098901099,21,17,-4,False,False,5005
small_world,low,short,330,0.003996003996003996,0.000999000999000999,21,21,0,False,True,2079
small_world,low,short,331,0.04195804195804196,0.03396603396603397,21,9,-12,False,False,5005
small_world,low,short,332,0.01898101898101898,0.015984015984015984,21,17,-4,False,False,5005
small_world,low,short,333,0.005994005994005994,0.002997002997002997,21,19,-2,False,False,5005
small_world,low,short,334,0.014985014985014986,0.01098901098901099,21,19,-2,False,False,5005
small_world,low,short,335,0.01098901098901099,0.006993006993006993,21,19,-2,False,True,2913
small_world,low,short,336,0.001998001998001998,0.000999000999000999,21,21,0,False,True,877
small_world,low,short,337,0.004995004995004995,0.003996003996003996,21,21,0,False,True,869
small_world,low,short,338,0.04595404595404595,0.03496503496503497,21,13,-8,False,False,5005
small_world,low,short,339,0.025974025974025976,0.01898101898101898,21,17,-4,False,False,5005
small_world,low,short,340,0.001998001998001998,0.001998001998001998,21,21,0,False,True,1679
small_world,low,short,341,0.00999000999000999,0.004995004995004995,21,19,-2,False,False,5005
small_world,low,short,342,0.00999000999000999,0.005994005994005994,21,21,0,False,False,5005
small_world,low,short,343,0.03296703296703297,0.01998001998001998,21,11,-10,False,False,5005
small_world,low,short,344,0.01098901098901099,0.007992007992007992,21,19,-2,False,True,3981
small_world,low,short,345,0.04495504495504495,0.03396603396603397,21,15,-6,False,False,5005
small_world,low,short,346,0.030969030969030968,0.022977022977022976,21,15,-6,False,False,5005
small_world,low,short,347,0.01998001998001998,0.013986013986013986,21,19,-2,False,False,5005
small_world,low,short,348,0.003996003996003996,0.001998001998001998,21,19,-2,False,True,428
small_world,low,short,349,0.029970029970029972,0.01998001998001998,21,13,-8,False,False,5005
small_world,low,short,350,0.04295704295704296,0.03196803196803197,21,15,-6,False,False,5005
small_world,low,short,351,0.01998001998001998,0.015984015984015984,21,21,0,False,False,5005
small_world,low,short,352,0.003996003996003996,0.000999000999000999,21,21,0,False,True,2925
small_world,low,short,353,0.01998001998001998,0.015984015984015984,21,15,-6,False,False,5005
small_world,low,short,354,0.006993006993006993,0.003996003996003996,21,21,0,False,True,4530
small_world,low,short,355,0.03696303696303696,0.024975024975024976,21,11,-10,False,False,5005
small_world,low,short,356,0.025974025974025976,0.02097902097902098,21,17,-4,False,False,5005
small_world,low,short,357,0.003996003996003996,0.001998001998001998,21,21,0,False,True,1806
small_world,low,short,358,0.015984015984015984,0.013986013986013986,21,21,0,False,True,4761
small_world,low,short,359,0.002997002997002997,0.002997002997002997,21,21,0,False,True,3249
small_world,low,short,360,0.10789210789210789,0.07892107892107893,21,-1,-22,True,False,5005
small_world,low,short,361,0.027972027972027972,0.017982017982017984,21,13,-8,False,False,5005
small_world,low,short,362,0.00999000999000999,0.00999000999000999,21,19,-2,False,False,5005
small_world,low,short,363,0.04495504495504495,0.03196803196803197,21,13,-8,False,False,5005
small_world,low,short,364,0.003996003996003996,0.002997002997002997,21,21,0,False,True,3068
small_world,low,short,365,0.022977022977022976,0.011988011988011988,21,19,-2,False,True,4229
small_world,low,short,366,0.01098901098901099,0.005994005994005994,21,21,0,False,True,2591
small_world,low,short,367,0.027972027972027972,0.02097902097902098,21,17,-4,False,False,5005
small_world,low,short,368,0.013986013986013986,0.008991008991008992,21,13,-8,False,False,5005
small_world,low,short,369,0.017982017982017984,0.014985014985014986,21,21,0,False,False,5005
small_world,low,short,370,0.002997002997002997,0.001998001998001998,21,21,0,False,True,1982
small_world,low,short,371,0.002997002997002997,0.000999000999000999,21,21,0,False,True,663
small_world,low,short,372,0.04895104895104895,0.04095904095904096,21,13,-8,False,False,5005
small_world,low,short,373,0.001998001998001998,0.001998001998001998,21,21,0,False,True,740
small_world,low,short,374,0.04395604395604396,0.029970029970029972,21,13,-8,False,False,5005
small_world,low,short,375,0.025974025974025976,0.023976023976023976,21,13,-8,False,False,5005
small_world,low,short,376,0.015984015984015984,0.011988011988011988,21,19,-2,False,False,5005
small_world,low,short,377,0.04795204795204795,0.03796203796203796,21,11,-10,False,False,5005
small_world,low,short,378,0.04795204795204795,0.03896103896103896,21,15,-6,False,False,5005
small_world,low,short,379,0.01998001998001998,0.013986013986013986,21,19,-2,False,False,5005
small_world,low,short,380,0.025974025974025976,0.01998001998001998,21,13,-8,False,False,5005
small_world,low,short,381,0.013986013986013986,0.011988011988011988,21,15,-6,False,True,3146
small_world,low,short,382,0.055944055944055944,0.03996003996003996,21,11,-10,False,False,5005
small_world,low,short,383,0.03996003996003996,0.026973026973026972,21,13,-8,False,False,5005
small_world,low,short,384,0.006993006993006993,0.003996003996003996,21,19,-2,False,False,5005
small_world,low,short,385,0.016983016983016984,0.011988011988011988,21,19,-2,False,False,5005
small_world,low,short,386,0.005994005994005994,0.003996003996003996,21,21,0,False,True,2734
small_world,low,short,387,0.03396603396603397,0.028971028971028972,21,19,-2,False,False,5005
small_world,low,short,388,0.057942057942057944,0.04095904095904096,21,11,-10,False,False,5005
small_world,low,short,389,0.022977022977022976,0.016983016983016984,21,15,-6,False,True,4440
small_world,low,short,390,0.03596403596403597,0.022977022977022976,21,17,-4,False,False,5005
small_world,low,short,391,0.022977022977022976,0.01998001998001998,21,11,-10,False,False,5005
small_world,low,short,392,0.026973026973026972,0.02097902097902098,21,15,-6,False,False,5005
small_world,low,short,393,0.013986013986013986,0.006993006993006993,21,17,-4,False,False,5005
small_world,low,short,394,0.030969030969030968,0.02097902097902098,21,11,-10,False,False,5005
small_world,low,short,395,0.002997002997002997,0.000999000999000999,21,21,0,False,True,650
small_world,low,short,396,0.04195804195804196,0.024975024975024976,21,17,-4,False,False,5005
small_world,low,short,397,0.058941058941058944,0.04095904095904096,21,7,-14,False,False,5005
small_world,low,short,398,0.01098901098901099,0.008991008991008992,21,21,0,False,False,5005
small_world,low,short,399,0.022977022977022976,0.016983016983016984,21,17,-4,False,False,5005
small_world,low,short,400,0.014985014985014986,0.013986013986013986,21,21,0,False,False,5005
small_world,low,short,401,0.030969030969030968,0.024975024975024976,21,17,-4,False,False,5005
small_world,low,short,402,0.001998001998001998,0.000999000999000999,21,19,-2,False,True,296
small_world,low,short,403,0.013986013986013986,0.00999000999000999,21,17,-4,False,False,5005
small_world,low,short,404,0.00999000999000999,0.007992007992007992,21,19,-2,False,False,5005
small_world,low,short,405,0.05094905094905095,0.03696303696303696,21,19,-2,False,False,5005
small_world,low,short,406,0.013986013986013986,0.008991008991008992,21,21,0,False,False,5005
small_world,low,short,407,0.005994005994005994,0.001998001998001998,21,21,0,False,True,2247
small_world,low,short,408,0.029970029970029972,0.02097902097902098,21,19,-2,False,False,5005
small_world,low,short,409,0.005994005994005994,0.003996003996003996,21,21,0,False,True,2965
small_world,low,short,410,0.00999000999000999,0.006993006993006993,21,15,-6,False,True,4200
small_world,low,short,411,0.001998001998001998,0.000999000999000999,21,21,0,False,True,119
small_world,low,short,412,0.04795204795204795,0.03596403596403597,21,7,-14,False,False,5005
small_world,low,short,413,0.01098901098901099,0.005994005994005994,21,21,0,False,False,5005
small_world,low,short,414,0.027972027972027972,0.023976023976023976,21,19,-2,False,False,5005
small_world,low,short,415,0.017982017982017984,0.01098901098901099,21,19,-2,False,False,5005
small_world,low,short,416,0.024975024975024976,0.01898101898101898,21,15,-6,False,False,5005
small_world,low,short,417,0.004995004995004995,0.002997002997002997,21,19,-2,False,True,497
small_world,low,short,418,0.01998001998001998,0.015984015984015984,21,15,-6,False,True,3141
small_world,low,short,419,0.017982017982017984,0.016983016983016984,21,17,-4,False,True,4124
small_world,low,short,420,0.09490509490509491,0.06693306693306693,21,15,-6,False,False,5005
small_world,low,short,421,0.003996003996003996,0.001998001998001998,21,21,0,False,True,976
small_world,low,short,422,0.04395604395604396,0.03496503496503497,21,13,-8,False,False,5005
small_world,low,short,423,0.03496503496503497,0.023976023976023976,21,13,-8,False,False,5005
small_world,low,short,424,0.002997002997002997,0.001998001998001998,21,21,0,False,True,996
small_world,low,short,425,0.024975024975024976,0.015984015984015984,21,15,-6,False,False,5005
small_world,low,short,426,0.003996003996003996,0.000999000999000999,21,21,0,False,True,2449
small_world,low,short,427,0.001998001998001998,0.001998001998001998,21,21,0,False,True,320
small_world,low,short,428,0.014985014985014986,0.011988011988011988,21,19,-2,False,True,4236
small_world,low,short,429,0.002997002997002997,0.001998001998001998,21,21,0,False,True,827
small_world,low,short,430,0.04395604395604396,0.028971028971028972,21,11,-10,False,False,5005
small_world,low,short,431,0.025974025974025976,0.01998001998001998,21,19,-2,False,False,5005
small_world,low,short,432,0.04295704295704296,0.030969030969030968,21,13,-8,False,False,5005
small_world,low,short,433,0.00999000999000999,0.007992007992007992,21,17,-4,False,False,5005
small_world,low,short,434,0.01098901098901099,0.005994005994005994,21,21,0,False,True,2469
small_world,low,short,435,0.04195804195804196,0.03396603396603397,21,15,-6,False,False,5005
small_world,low,short,436,0.023976023976023976,0.014985014985014986,21,19,-2,False,False,5005
small_world,low,short,437,0.04395604395604396,0.03296703296703297,21,17,-4,False,False,5005
small_world,low,short,438,0.006993006993006993,0.004995004995004995,21,21,0,False,True,4540
small_world,low,short,439,0.01098901098901099,0.007992007992007992,21,21,0,False,True,4718
small_world,low,short,440,0.001998001998001998,0.001998001998001998,21,21,0,False,True,86
small_world,low,short,441,0.005994005994005994,0.002997002997002997,21,19,-2,False,True,2631
small_world,low,short,442,0.004995004995004995,0.004995004995004995,21,19,-2,False,True,1638
small_world,low,short,443,0.005994005994005994,0.002997002997002997,21,21,0,False,True,2732
small_world,low,short,444,0.015984015984015984,0.011988011988011988,21,21,0,False,False,5005
small_world,low,short,445,0.01998001998001998,0.013986013986013986,21,17,-4,False,True,3279
small_world,low,short,446,0.08091908091908091,0.061938061938061936,21,1,-20,False,False,5005
small_world,low,short,447,0.017982017982017984,0.012987012987012988,21,15,-6,False,False,5005
small_world,low,short,448,0.017982017982017984,0.012987012987012988,21,15,-6,False,False,5005
small_world,low,short,449,0.005994005994005994,0.003996003996003996,21,17,-4,False,True,3138
small_world,low,short,450,0.003996003996003996,0.002997002997002997,21,21,0,False,True,2580
small_world,low,short,451,0.012987012987012988,0.008991008991008992,21,21,0,False,False,5005
small_world,low,short,452,0.017982017982017984,0.014985014985014986,21,19,-2,False,False,5005
small_world,low,short,453,0.02097902097902098,0.017982017982017984,21,13,-8,False,False,5005
small_world,low,short,454,0.054945054945054944,0.03696303696303696,21,13,-8,False,False,5005
small_world,low,short,455,0.04395604395604396,0.03596403596403597,21,9,-12,False,False,5005
small_world,low,short,456,0.003996003996003996,0.001998001998001998,21,21,0,False,True,1343
small_world,low,short,457,0.001998001998001998,0.000999000999000999,21,21,0,False,True,461
small_world,low,short,458,0.02097902097902098,0.013986013986013986,21,17,-4,False,False,5005
small_world,low,short,459,0.005994005994005994,0.004995004995004995,21,21,0,False,True,3133
small_world,low,short,460,0.03696303696303696,0.03196803196803197,21,17,-4,False,False,5005
small_world,low,short,461,0.02097902097902098,0.017982017982017984,21,13,-8,False,False,5005
small_world,low,short,462,0.001998001998001998,0.001998001998001998,21,21,0,False,True,473
small_world,low,short,463,0.016983016983016984,0.011988011988011988,21,17,-4,False,True,3213
small_world,low,short,464,0.06793206793206794,0.04095904095904096,21,17,-4,False,False,5005
small_world,low,short,465,0.008991008991008992,0.005994005994005994,21,21,0,False,True,2232
small_world,low,short,466,0.004995004995004995,0.000999000999000999,21,21,0,False,True,1733
small_world,low,short,467,0.014985014985014986,0.00999000999000999,21,19,-2,False,False,5005
small_world,low,short,468,0.003996003996003996,0.003996003996003996,21,19,-2,False,True,2507
small_world,low,short,469,0.003996003996003996,0.001998001998001998,21,21,0,False,True,1984
small_world,low,short,470,0.013986013986013986,0.01098901098901099,21,19,-2,False,True,4609
small_world,low,short,471,0.01898101898101898,0.013986013986013986,21,21,0,False,False,5005
small_world,low,short,472,0.06593406593406594,0.04595404595404595,21,5,-16,False,False,5005
small_world,low,short,473,0.001998001998001998,0.000999000999000999,21,21,0,False,True,1606
small_world,low,short,474,0.030969030969030968,0.01998001998001998,21,13,-8,False,False,5005
small_world,low,short,475,0.007992007992007992,0.005994005994005994,21,21,0,False,False,5005
small_world,low,short,476,0.025974025974025976,0.01998001998001998,21,17,-4,False,False,5005
small_world,low,short,477,0.011988011988011988,0.008991008991008992,21,19,-2,False,False,5005
small_world,low,short,478,0.003996003996003996,0.001998001998001998,21,21,0,False,True,2223
small_world,low,short,479,0.004995004995004995,0.002997002997002997,21,21,0,False,True,4245
small_world,low,short,480,0.014985014985014986,0.01098901098901099,21,21,0,False,False,5005
small_world,low,short,481,0.015984015984015984,0.00999000999000999,21,19,-2,False,True,4972
small_world,low,short,482,0.022977022977022976,0.015984015984015984,21,19,-2,False,False,5005
small_world,low,short,483,0.004995004995004995,0.004995004995004995,21,21,0,False,True,985
small_world,low,short,484,0.03396603396603397,0.025974025974025976,21,9,-12,False,False,5005
small_world,low,short,485,0.025974025974025976,0.02097902097902098,21,13,-8,False,False,5005
small_world,low,short,486,0.006993006993006993,0.003996003996003996,21,17,-4,False,True,2319
small_world,low,short,487,0.007992007992007992,0.003996003996003996,21,21,0,False,True,1056
small_world,low,short,488,0.029970029970029972,0.02097902097902098,21,11,-10,False,False,5005
small_world,low,short,489,0.06693306693306693,0.04395604395604396,21,17,-4,False,False,5005
small_world,low,short,490,0.008991008991008992,0.005994005994005994,21,21,0,False,True,2892
small_world,low,short,491,0.01098901098901099,0.004995004995004995,21,21,0,False,True,2006
small_world,low,short,492,0.028971028971028972,0.022977022977022976,21,11,-10,False,False,5005
small_world,low,short,493,0.014985014985014986,0.012987012987012988,21,15,-6,False,True,4249
small_world,low,short,494,0.025974025974025976,0.01898101898101898,21,17,-4,False,True,4253
small_world,low,short,495,0.02197802197802198,0.017982017982017984,21,15,-6,False,False,5005
small_world,low,short,496,0.01898101898101898,0.01098901098901099,21,21,0,False,True,4443
small_world,low,short,497,0.01898101898101898,0.00999000999000999,21,15,-6,False,False,5005
small_world,low,short,498,0.002997002997002997,0.000999000999000999,21,21,0,False,True,574
small_world,low,short,499,0.002997002997002997,0.001998001998001998,21,21,0,False,True,2324
small_world,low,short,500,0.01098901098901099,0.005994005994005994,21,17,-4,False,True,4494
small_world,low,short,501,0.03196803196803197,0.022977022977022976,21,21,0,False,False,5005
small_world,low,short,502,0.02097902097902098,0.016983016983016984,21,15,-6,False,False,5005
small_world,low,short,503,0.014985014985014986,0.011988011988011988,21,19,-2,False,True,4999
small_world,low,short,504,0.002997002997002997,0.002997002997002997,21,19,-2,False,True,277
small_world,low,short,505,0.004995004995004995,0.001998001998001998,21,19,-2,False,True,2788
small_world,low,short,506,0.07392607392607392,0.054945054945054944,21,13,-8,False,False,5005
small_world,low,short,507,0.013986013986013986,0.01098901098901099,21,19,-2,False,False,5005
small_world,low,short,508,0.02197802197802198,0.016983016983016984,21,17,-4,False,False,5005
small_world,low,short,509,0.03196803196803197,0.023976023976023976,21,13,-8,False,False,5005
small_world,low,short,510,0.003996003996003996,0.002997002997002997,21,21,0,False,True,1339
small_world,low,short,511,0.00999000999000999,0.006993006993006993,21,21,0,False,True,3865
small_world,low,short,512,0.004995004995004995,0.002997002997002997,21,19,-2,False,True,2657
small_world,low,short,513,0.005994005994005994,0.004995004995004995,21,19,-2,False,True,1843
small_world,low,short,514,0.016983016983016984,0.011988011988011988,21,13,-8,False,False,5005
small_world,low,short,515,0.01898101898101898,0.015984015984015984,21,15,-6,False,True,3361
small_world,low,short,516,0.02097902097902098,0.013986013986013986,21,15,-6,False,False,5005
small_world,low,short,517,0.013986013986013986,0.00999000999000999,21,19,-2,False,False,5005
small_world,low,short,518,0.007992007992007992,0.005994005994005994,21,21,0,False,True,2406
small_world,low,short,519,0.008991008991008992,0.004995004995004995,21,17,-4,False,False,5005
small_world,low,short,520,0.02097902097902098,0.014985014985014986,21,17,-4,False,True,3618
small_world,low,short,521,0.04295704295704296,0.027972027972027972,21,19,-2,False,False,5005
small_world,low,short,522,0.007992007992007992,0.004995004995004995,21,19,-2,False,True,2157
small_world,low,short,523,0.025974025974025976,0.02197802197802198,21,15,-6,False,False,5005
small_world,low,short,524,0.014985014985014986,0.00999000999000999,21,19,-2,False,False,5005
small_world,low,short,525,0.002997002997002997,0.001998001998001998,21,21,0,False,True,413
small_world,low,short,526,0.04395604395604396,0.03396603396603397,21,15,-6,False,False,5005
small_world,low,short,527,0.04295704295704296,0.030969030969030968,21,11,-10,False,False,5005
small_world,low,short,528,0.007992007992007992,0.003996003996003996,21,17,-4,False,True,2546
small_world,low,short,529,0.001998001998001998,0.000999000999000999,21,21,0,False,True,741
small_world,low,short,530,0.002997002997002997,0.000999000999000999,21,21,0,False,True,1374
small_world,low,short,531,0.030969030969030968,0.02197802197802198,21,15,-6,False,False,5005
small_world,low,short,532,0.03196803196803197,0.025974025974025976,21,13,-8,False,False,5005
small_world,low,short,533,0.013986013986013986,0.01098901098901099,21,15,-6,False,False,5005
small_world,low,short,534,0.03496503496503497,0.022977022977022976,21,19,-2,False,False,5005
small_world,low,short,535,0.03296703296703297,0.022977022977022976,21,11,-10,False,False,5005
small_world,low,short,536,0.005994005994005994,0.003996003996003996,21,19,-2,False,True,729
small_world,low,short,537,0.02097902097902098,0.014985014985014986,21,19,-2,False,False,5005
small_world,low,short,538,0.005994005994005994,0.003996003996003996,21,21,0,False,True,3514
small_world,low,short,539,0.04695304695304695,0.030969030969030968,21,11,-10,False,False,5005
small_world,low,short,540,0.004995004995004995,0.001998001998001998,21,21,0,False,True,3157
small_world,low,short,541,0.013986013986013986,0.008991008991008992,21,21,0,False,False,5005
small_world,low,short,542,0.03396603396603397,0.025974025974025976,21,17,-4,False,False,5005
small_world,low,short,543,0.006993006993006993,0.002997002997002997,21,17,-4,False,True,2202
small_world,low,short,544,0.007992007992007992,0.005994005994005994,21,21,0,False,False,5005
small_world,low,short,545,0.04495504495504495,0.03596403596403597,21,15,-6,False,False,5005
small_world,low,short,546,0.007992007992007992,0.005994005994005994,21,19,-2,False,False,5005
small_world,low,short,547,0.01098901098901099,0.006993006993006993,21,21,0,False,True,4091
small_world,low,short,548,0.08091908091908091,0.06593406593406594,21,11,-10,False,False,5005
small_world,low,short,549,0.002997002997002997,0.001998001998001998,21,19,-2,False,True,1078
small_world,low,short,550,0.04895104895104895,0.027972027972027972,21,19,-2,False,False,5005
small_world,low,short,551,0.006993006993006993,0.004995004995004995,21,15,-6,False,True,2868
small_world,low,short,552,0.03696303696303696,0.025974025974025976,21,15,-6,False,False,5005
small_world,low,short,553,0.002997002997002997,0.001998001998001998,21,21,0,False,True,536
small_world,low,short,554,0.012987012987012988,0.00999000999000999,21,17,-4,False,False,5005
small_world,low,short,555,0.011988011988011988,0.00999000999000999,21,19,-2,False,False,5005
small_world,low,short,556,0.008991008991008992,0.003996003996003996,21,19,-2,False,False,5005
small_world,low,short,557,0.001998001998001998,0.001998001998001998,21,21,0,False,True,570
small_world,low,short,558,0.001998001998001998,0.001998001998001998,21,17,-4,False,True,674
small_world,low,short,559,0.03696303696303696,0.025974025974025976,21,11,-10,False,False,5005
small_world,low,short,560,0.015984015984015984,0.00999000999000999,21,19,-2,False,True,2535
small_world,low,short,561,0.05194805194805195,0.03596403596403597,21,15,-6,False,False,5005
small_world,low,short,562,0.058941058941058944,0.03996003996003996,21,11,-10,False,False,5005
small_world,low,short,563,0.026973026973026972,0.02197802197802198,21,19,-2,False,False,5005
small_world,low,short,564,0.002997002997002997,0.002997002997002997,21,19,-2,False,True,1577
small_world,low,short,565,0.016983016983016984,0.012987012987012988,21,17,-4,False,False,5005
small_world,low,short,566,0.012987012987012988,0.006993006993006993,21,21,0,False,True,3100
small_world,low,short,567,0.015984015984015984,0.01098901098901099,21,19,-2,False,True,4651
small_world,low,short,568,0.015984015984015984,0.01098901098901099,21,15,-6,False,False,5005
small_world,low,short,569,0.006993006993006993,0.004995004995004995,21,19,-2,False,True,3305
small_world,low,short,570,0.03996003996003996,0.029970029970029972,21,19,-2,False,False,5005
small_world,low,short,571,0.005994005994005994,0.003996003996003996,21,21,0,False,False,5005
small_world,low,short,572,0.04295704295704296,0.030969030969030968,21,11,-10,False,False,5005
small_world,low,short,573,0.024975024975024976,0.016983016983016984,21,19,-2,False,False,5005
small_world,low,short,574,0.055944055944055944,0.04195804195804196,21,15,-6,False,False,5005
small_world,low,short,575,0.03496503496503497,0.026973026973026972,21,11,-10,False,False,5005
small_world,low,short,576,0.008991008991008992,0.005994005994005994,21,19,-2,False,True,4377
small_world,low,short,577,0.03796203796203796,0.025974025974025976,21,13,-8,False,False,5005
small_world,low,short,578,0.01898101898101898,0.011988011988011988,21,15,-6,False,True,4959
small_world,low,short,579,0.012987012987012988,0.01098901098901099,21,19,-2,False,False,5005
small_world,low,short,580,0.002997002997002997,0.000999000999000999,21,21,0,False,True,1204
small_world,low,short,581,0.003996003996003996,0.002997002997002997,21,21,0,False,True,650
small_world,low,short,582,0.012987012987012988,0.008991008991008992,21,19,-2,False,False,5005
small_world,low,short,583,0.002997002997002997,0.000999000999000999,21,21,0,False,True,1889
small_world,low,short,584,0.03596403596403597,0.026973026973026972,21,9,-12,False,False,5005
small_world,low,short,585,0.004995004995004995,0.004995004995004995,21,19,-2,False,True,2340
small_world,low,short,586,0.016983016983016984,0.01098901098901099,21,17,-4,False,True,4434
small_world,low,short,587,0.03296703296703297,0.025974025974025976,21,13,-8,False,True,4597
small_world,low,short,588,0.003996003996003996,0.001998001998001998,21,21,0,False,True,1842
small_world,low,short,589,0.017982017982017984,0.008991008991008992,21,19,-2,False,True,3877
small_world,low,short,590,0.04695304695304695,0.03296703296703297,21,11,-10,False,False,5005
small_world,low,short,591,0.03296703296703297,0.022977022977022976,21,21,0,False,False,5005
small_world,low,short,592,0.001998001998001998,0.001998001998001998,21,21,0,False,True,1014
small_world,low,short,593,0.00999000999000999,0.006993006993006993,21,17,-4,False,True,3131
small_world,low,short,594,0.005994005994005994,0.003996003996003996,21,19,-2,False,True,1394
small_world,low,short,595,0.02097902097902098,0.017982017982017984,21,17,-4,False,False,5005
small_world,low,short,596,0.014985014985014986,0.007992007992007992,21,19,-2,False,False,5005
small_world,low,short,597,0.004995004995004995,0.002997002997002997,21,21,0,False,True,1500
small_world,low,short,598,0.011988011988011988,0.007992007992007992,21,19,-2,False,True,3312
small_world,low,short,599,0.016983016983016984,0.00999000999000999,21,17,-4,False,False,5005
small_world,low,short,600,0.0919080919080919,0.07092907092907093,21,-9,-30,True,False,5005
small_world,low,short,601,0.02097902097902098,0.013986013986013986,21,13,-8,False,False,5005
small_world,low,short,602,0.023976023976023976,0.011988011988011988,21,19,-2,False,False,5005
small_world,low,short,603,0.006993006993006993,0.005994005994005994,21,19,-2,False,True,2372
small_world,low,short,604,0.00999000999000999,0.004995004995004995,21,19,-2,False,True,2710
small_world,low,short,605,0.04795204795204795,0.03396603396603397,21,5,-16,False,False,5005
small_world,low,short,606,0.002997002997002997,0.000999000999000999,21,19,-2,False,True,2357
small_world,low,short,607,0.001998001998001998,0.001998001998001998,21,19,-2,False,True,396
small_world,low,short,608,0.007992007992007992,0.004995004995004995,21,19,-2,False,False,5005
small_world,low,short,609,0.01098901098901099,0.006993006993006993,21,19,-2,False,False,5005
small_world,low,short,610,0.01098901098901099,0.006993006993006993,21,21,0,False,True,2963
small_world,low,short,611,0.030969030969030968,0.023976023976023976,21,19,-2,False,False,5005
small_world,low,short,612,0.003996003996003996,0.003996003996003996,21,21,0,False,True,2022
small_world,low,short,613,0.027972027972027972,0.02197802197802198,21,11,-10,False,False,5005
small_world,low,short,614,0.012987012987012988,0.01098901098901099,21,21,0,False,False,5005
small_world,low,short,615,0.002997002997002997,0.001998001998001998,21,21,0,False,True,223
small_world,low,short,616,0.024975024975024976,0.014985014985014986,21,17,-4,False,False,5005
small_world,low,short,617,0.005994005994005994,0.004995004995004995,21,21,0,False,False,5005
small_world,low,short,618,0.04295704295704296,0.03296703296703297,21,19,-2,False,False,5005
small_world,low,short,619,0.027972027972027972,0.015984015984015984,21,15,-6,False,True,4814
small_world,low,short,620,0.028971028971028972,0.01998001998001998,21,17,-4,False,True,4718
small_world,low,short,621,0.012987012987012988,0.007992007992007992,21,17,-4,False,True,3787
small_world,low,short,622,0.004995004995004995,0.002997002997002997,21,21,0,False,True,4026
small_world,low,short,623,0.14785214785214784,0.11988011988011989,21,-19,-40,True,False,5005
small_world,low,short,624,0.002997002997002997,0.001998001998001998,21,21,0,False,True,1976
small_world,low,short,625,0.004995004995004995,0.002997002997002997,21,19,-2,False,True,1503
small_world,low,short,626,0.024975024975024976,0.01998001998001998,21,17,-4,False,False,5005
small_world,low,short,627,0.002997002997002997,0.001998001998001998,21,21,0,False,True,2113
small_world,low,short,628,0.03696303696303696,0.028971028971028972,21,13,-8,False,False,5005
small_world,low,short,629,0.04195804195804196,0.027972027972027972,21,17,-4,False,False,5005
small_world,low,short,630,0.001998001998001998,0.001998001998001998,21,19,-2,False,True,1421
small_world,low,short,631,0.004995004995004995,0.001998001998001998,21,21,0,False,True,3890
small_world,low,short,632,0.04195804195804196,0.028971028971028972,21,21,0,False,False,5005
small_world,low,short,633,0.027972027972027972,0.01998001998001998,21,19,-2,False,False,5005
small_world,low,short,634,0.005994005994005994,0.003996003996003996,21,19,-2,False,False,5005
small_world,low,short,635,0.013986013986013986,0.013986013986013986,21,19,-2,False,True,3791
small_world,low,short,636,0.023976023976023976,0.012987012987012988,21,21,0,False,False,5005
small_world,low,short,637,0.01898101898101898,0.015984015984015984,21,21,0,False,False,5005
small_world,low,short,638,0.024975024975024976,0.016983016983016984,21,21,0,False,False,5005
small_world,low,short,639,0.03296703296703297,0.022977022977022976,21,17,-4,False,False,5005
small_world,low,short,640,0.012987012987012988,0.007992007992007992,21,19,-2,False,True,4910
small_world,low,short,641,0.012987012987012988,0.00999000999000999,21,19,-2,False,False,5005
small_world,low,short,642,0.026973026973026972,0.016983016983016984,21,13,-8,False,False,5005
small_world,low,short,643,0.007992007992007992,0.006993006993006993,21,19,-2,False,False,5005
small_world,low,short,644,0.028971028971028972,0.01898101898101898,21,19,-2,False,False,5005
small_world,low,short,645,0.011988011988011988,0.006993006993006993,21,17,-4,False,True,3840
small_world,low,short,646,0.02097902097902098,0.014985014985014986,21,17,-4,False,False,5005
small_world,low,short,647,0.005994005994005994,0.005994005994005994,21,21,0,False,True,2986
small_world,low,short,648,0.02197802197802198,0.015984015984015984,21,17,-4,False,False,5005
small_world,low,short,649,0.03896103896103896,0.027972027972027972,21,15,-6,False,False,5005
small_world,low,short,650,0.004995004995004995,0.002997002997002997,21,15,-6,False,True,2570
small_world,low,short,651,0.016983016983016984,0.012987012987012988,21,17,-4,False,False,5005
small_world,low,short,652,0.02097902097902098,0.016983016983016984,21,15,-6,False,False,5005
small_world,low,short,653,0.02097902097902098,0.015984015984015984,21,13,-8,False,False,5005
small_world,low,short,654,0.006993006993006993,0.002997002997002997,21,21,0,False,True,3021
small_world,low,short,655,0.03296703296703297,0.025974025974025976,21,15,-6,False,False,5005
small_world,low,short,656,0.04295704295704296,0.03496503496503497,21,17,-4,False,False,5005
small_world,low,short,657,0.01998001998001998,0.012987012987012988,21,17,-4,False,False,5005
small_world,low,short,658,0.005994005994005994,0.002997002997002997,21,19,-2,False,True,2697
small_world,low,short,659,0.012987012987012988,0.00999000999000999,21,15,-6,False,False,5005
small_world,low,short,660,0.007992007992007992,0.005994005994005994,21,17,-4,False,True,2218
small_world,low,short,661,0.00999000999000999,0.007992007992007992,21,19,-2,False,False,5005
small_world,low,short,662,0.016983016983016984,0.015984015984015984,21,11,-10,False,True,4436
small_world,low,short,663,0.04995004995004995,0.03796203796203796,21,13,-8,False,False,5005
small_world,low,short,664,0.006993006993006993,0.004995004995004995,21,21,0,False,True,1984
small_world,low,short,665,0.024975024975024976,0.014985014985014986,21,19,-2,False,False,5005
small_world,low,short,666,0.008991008991008992,0.001998001998001998,21,21,0,False,True,2286
small_world,low,short,667,0.00999000999000999,0.007992007992007992,21,19,-2,False,True,4803
small_world,low,short,668,0.00999000999000999,0.003996003996003996,21,19,-2,False,True,4278
small_world,low,short,669,0.030969030969030968,0.01998001998001998,21,19,-2,False,False,5005
small_world,low,short,670,0.004995004995004995,0.002997002997002997,21,19,-2,False,True,2049
small_world,low,short,671,0.02197802197802198,0.017982017982017984,21,19,-2,False,False,5005
small_world,low,short,672,0.04595404595404595,0.03396603396603397,21,15,-6,False,False,5005
small_world,low,short,673,0.04495504495504495,0.03596403596403597,21,7,-14,False,False,5005
small_world,low,short,674,0.004995004995004995,0.002997002997002997,21,19,-2,False,True,3411
small_world,low,short,675,0.04595404595404595,0.03796203796203796,21,19,-2,False,False,5005
small_world,low,short,676,0.01098901098901099,0.005994005994005994,21,21,0,False,True,4527
small_world,low,short,677,0.01098901098901099,0.006993006993006993,21,19,-2,False,False,5005
small_world,low,short,678,0.005994005994005994,0.004995004995004995,21,19,-2,False,True,1498
small_world,low,short,679,0.030969030969030968,0.02097902097902098,21,15,-6,False,False,5005
small_world,low,short,680,0.06893106893106893,0.04995004995004995,21,9,-12,False,False,5005
small_world,low,short,681,0.002997002997002997,0.002997002997002997,21,19,-2,False,True,296
small_world,low,short,682,0.007992007992007992,0.003996003996003996,21,19,-2,False,True,1969
small_world,low,short,683,0.01998001998001998,0.014985014985014986,21,19,-2,False,False,5005
small_world,low,short,684,0.023976023976023976,0.015984015984015984,21,13,-8,False,False,5005
small_world,low,short,685,0.016983016983016984,0.00999000999000999,21,19,-2,False,True,3767
small_world,low,short,686,0.014985014985014986,0.01098901098901099,21,19,-2,False,False,5005
small_world,low,short,687,0.026973026973026972,0.017982017982017984,21,19,-2,False,False,5005
small_world,low,short,688,0.014985014985014986,0.011988011988011988,21,19,-2,False,True,4174
small_world,low,short,689,0.025974025974025976,0.013986013986013986,21,17,-4,False,False,5005
small_world,low,short,690,0.03996003996003996,0.027972027972027972,21,13,-8,False,False,5005
small_world,low,short,691,0.015984015984015984,0.011988011988011988,21,15,-6,False,True,4144
small_world,low,short,692,0.012987012987012988,0.006993006993006993,21,21,0,False,True,3221
small_world,low,short,693,0.007992007992007992,0.003996003996003996,21,21,0,False,True,2137
small_world,low,short,694,0.04795204795204795,0.03896103896103896,21,7,-14,False,False,5005
small_world,low,short,695,0.001998001998001998,0.000999000999000999,21,21,0,False,True,1154
small_world,low,short,696,0.02197802197802198,0.013986013986013986,21,17,-4,False,False,5005
small_world,low,short,697,0.07992007992007992,0.060939060939060936,21,7,-14,False,False,5005
small_world,low,short,698,0.001998001998001998,0.000999000999000999,21,21,0,False,True,147
small_world,low,short,699,0.01898101898101898,0.014985014985014986,21,17,-4,False,False,5005
small_world,low,short,700,0.00999000999000999,0.004995004995004995,21,17,-4,False,True,3503
small_world,low,short,701,0.004995004995004995,0.000999000999000999,21,21,0,False,True,2773
small_world,low,short,702,0.03496503496503497,0.025974025974025976,21,17,-4,False,False,5005
small_world,low,short,703,0.006993006993006993,0.003996003996003996,21,21,0,False,True,1940
small_world,low,short,704,0.014985014985014986,0.01098901098901099,21,19,-2,False,False,5005
small_world,low,short,705,0.04695304695304695,0.03796203796203796,21,11,-10,False,False,5005
small_world,low,short,706,0.03496503496503497,0.023976023976023976,21,19,-2,False,False,5005
small_world,low,short,707,0.06293706293706294,0.04695304695304695,21,5,-16,False,False,5005
small_world,low,short,708,0.01998001998001998,0.011988011988011988,21,19,-2,False,True,3990
small_world,low,short,709,0.01098901098901099,0.01098901098901099,21,19,-2,False,False,5005
small_world,low,short,710,0.022977022977022976,0.014985014985014986,21,19,-2,False,False,5005
small_world,low,short,711,0.004995004995004995,0.004995004995004995,21,21,0,False,True,3221
small_world,low,short,712,0.023976023976023976,0.017982017982017984,21,15,-6,False,False,5005
small_world,low,short,713,0.029970029970029972,0.01898101898101898,21,17,-4,False,False,5005
small_world,low,short,714,0.028971028971028972,0.01998001998001998,21,17,-4,False,False,5005
small_world,low,short,715,0.00999000999000999,0.006993006993006993,21,19,-2,False,False,5005
small_world,low,short,716,0.00999000999000999,0.004995004995004995,21,21,0,False,True,4808
small_world,low,short,717,0.00999000999000999,0.008991008991008992,21,19,-2,False,False,5005
small_world,low,short,718,0.01098901098901099,0.004995004995004995,21,17,-4,False,True,4391
small_world,low,short,719,0.017982017982017984,0.012987012987012988,21,17,-4,False,True,2811
small_world,low,short,720,0.005994005994005994,0.004995004995004995,21,19,-2,False,True,3439
small_world,low,short,721,0.001998001998001998,0.001998001998001998,21,21,0,False,True,3297
small_world,low,short,722,0.03496503496503497,0.023976023976023976,21,17,-4,False,False,5005
small_world,low,short,723,0.011988011988011988,0.006993006993006993,21,21,0,False,True,4839
small_world,low,short,724,0.022977022977022976,0.016983016983016984,21,21,0,False,False,5005
small_world,low,short,725,0.001998001998001998,0.001998001998001998,21,21,0,False,True,209
small_world,low,short,726,0.02197802197802198,0.014985014985014986,21,21,0,False,True,4733
small_world,low,short,727,0.008991008991008992,0.005994005994005994,21,19,-2,False,False,5005
small_world,low,short,728,0.002997002997002997,0.000999000999000999,21,21,0,False,False,5005
small_world,low,short,729,0.015984015984015984,0.00999000999000999,21,19,-2,False,False,5005
small_world,low,short,730,0.02197802197802198,0.015984015984015984,21,19,-2,False,False,5005
small_world,low,short,731,0.003996003996003996,0.003996003996003996,21,21,0,False,True,3909
small_world,low,short,732,0.022977022977022976,0.01998001998001998,21,13,-8,False,False,5005
small_world,low,short,733,0.05094905094905095,0.03696303696303696,21,3,-18,False,False,5005
small_world,low,short,734,0.03296703296703297,0.023976023976023976,21,15,-6,False,False,5005
small_world,low,short,735,0.003996003996003996,0.001998001998001998,21,21,0,False,False,5005
small_world,low,short,736,0.04195804195804196,0.03596403596403597,21,9,-12,False,False,5005
small_world,low,short,737,0.026973026973026972,0.02197802197802198,21,7,-14,False,False,5005
small_world,low,short,738,0.00999000999000999,0.007992007992007992,21,19,-2,False,True,3225
small_world,low,short,739,0.03996003996003996,0.027972027972027972,21,9,-12,False,False,5005
small_world,low,short,740,0.011988011988011988,0.006993006993006993,21,17,-4,False,True,3853
small_world,low,short,741,0.003996003996003996,0.000999000999000999,21,21,0,False,True,1911
small_world,low,short,742,0.01998001998001998,0.01098901098901099,21,19,-2,False,False,5005
small_world,low,short,743,0.029970029970029972,0.02197802197802198,21,17,-4,False,False,5005
small_world,low,short,744,0.07292707292707293,0.05094905094905095,21,17,-4,False,False,5005
small_world,low,short,745,0.012987012987012988,0.008991008991008992,21,17,-4,False,True,4660
small_world,low,short,746,0.016983016983016984,0.007992007992007992,21,15,-6,False,True,3977
small_world,low,short,747,0.057942057942057944,0.03896103896103896,21,7,-14,False,False,5005
small_world,low,short,748,0.014985014985014986,0.00999000999000999,21,13,-8,False,False,5005
small_world,low,short,749,0.001998001998001998,0.001998001998001998,21,21,0,False,True,631
small_world,low,short,750,0.016983016983016984,0.01098901098901099,21,11,-10,False,False,5005
small_world,low,short,751,0.053946053946053944,0.04095904095904096,21,11,-10,False,False,5005
small_world,low,short,752,0.03996003996003996,0.030969030969030968,21,15,-6,False,False,5005
small_world,low,short,753,0.017982017982017984,0.01098901098901099,21,15,-6,False,False,5005
small_world,low,short,754,0.03996003996003996,0.028971028971028972,21,13,-8,False,False,5005
small_world,low,short,755,0.022977022977022976,0.016983016983016984,21,19,-2,False,False,5005
small_world,low,short,756,0.04895104895104895,0.03696303696303696,21,15,-6,False,False,5005
small_world,low,short,757,0.024975024975024976,0.01998001998001998,21,17,-4,False,False,5005
small_world,low,short,758,0.025974025974025976,0.016983016983016984,21,15,-6,False,False,5005
small_world,low,short,759,0.025974025974025976,0.01898101898101898,21,17,-4,False,False,5005
small_world,low,short,760,0.016983016983016984,0.01098901098901099,21,21,0,False,False,5005
small_world,low,short,761,0.012987012987012988,0.008991008991008992,21,21,0,False,True,4030
small_world,low,short,762,0.03496503496503497,0.023976023976023976,21,15,-6,False,False,5005
small_world,low,short,763,0.05094905094905095,0.03796203796203796,21,19,-2,False,False,5005
small_world,low,short,764,0.011988011988011988,0.007992007992007992,21,19,-2,False,False,5005
small_world,low,short,765,0.001998001998001998,0.000999000999000999,21,21,0,False,True,110
small_world,low,short,766,0.022977022977022976,0.016983016983016984,21,17,-4,False,False,5005
small_world,low,short,767,0.013986013986013986,0.007992007992007992,21,19,-2,False,True,4721
small_world,low,short,768,0.012987012987012988,0.00999000999000999,21,13,-8,False,False,5005
small_world,low,short,769,0.01098901098901099,0.004995004995004995,21,17,-4,False,True,3859
small_world,low,short,770,0.014985014985014986,0.007992007992007992,21,15,-6,False,False,5005
small_world,low,short,771,0.003996003996003996,0.000999000999000999,21,21,0,False,True,3008
small_world,low,short,772,0.002997002997002997,0.001998001998001998,21,21,0,False,True,3791
small_world,low,short,773,0.014985014985014986,0.01098901098901099,21,21,0,False,False,5005
small_world,low,short,774,0.04295704295704296,0.03196803196803197,21,13,-8,False,False,5005
small_world,low,short,775,0.03396603396603397,0.024975024975024976,21,17,-4,False,False,5005
small_world,low,short,776,0.014985014985014986,0.013986013986013986,21,17,-4,False,False,5005
small_world,low,short,777,0.001998001998001998,0.000999000999000999,21,21,0,False,True,1148
small_world,low,short,778,0.008991008991008992,0.005994005994005994,21,19,-2,False,False,5005
small_world,low,short,779,0.03596403596403597,0.024975024975024976,21,15,-6,False,False,5005
small_world,low,short,780,0.002997002997002997,0.002997002997002997,21,19,-2,False,True,2832
small_world,low,short,781,0.002997002997002997,0.001998001998001998,21,21,0,False,True,641
small_world,low,short,782,0.001998001998001998,0.001998001998001998,21,21,0,False,True,1727
small_world,low,short,783,0.003996003996003996,0.000999000999000999,21,21,0,False,True,1080
small_world,low,short,784,0.012987012987012988,0.006993006993006993,21,15,-6,False,False,5005
small_world,low,short,785,0.002997002997002997,0.000999000999000999,21,19,-2,False,True,2326
small_world,low,short,786,0.006993006993006993,0.006993006993006993,21,19,-2,False,True,2530
small_world,low,short,787,0.04395604395604396,0.030969030969030968,21,11,-10,False,False,5005
small_world,low,short,788,0.007992007992007992,0.005994005994005994,21,21,0,False,False,5005
small_world,low,short,789,0.01898101898101898,0.012987012987012988,21,17,-4,False,False,5005
small_world,low,short,790,0.03596403596403597,0.02197802197802198,21,21,0,False,False,5005
small_world,low,short,791,0.052947052947052944,0.03696303696303696,21,9,-12,False,False,5005
small_world,low,short,792,0.006993006993006993,0.005994005994005994,21,21,0,False,True,862
small_world,low,short,793,0.01898101898101898,0.01098901098901099,21,21,0,False,True,4569
small_world,low,short,794,0.002997002997002997,0.001998001998001998,21,21,0,False,True,1216
small_world,low,short,795,0.012987012987012988,0.008991008991008992,21,19,-2,False,True,3155
small_world,low,short,796,0.006993006993006993,0.004995004995004995,21,17,-4,False,False,5005
small_world,low,short,797,0.03596403596403597,0.027972027972027972,21,13,-8,False,False,5005
small_world,low,short,798,0.003996003996003996,0.002997002997002997,21,21,0,False,True,1716
small_world,low,short,799,0.005994005994005994,0.004995004995004995,21,17,-4,False,True,3857
small_world,low,short,800,0.01898101898101898,0.012987012987012988,21,21,0,False,True,3561
small_world,low,short,801,0.02097902097902098,0.017982017982017984,21,19,-2,False,True,3755
small_world,low,short,802,0.002997002997002997,0.001998001998001998,21,21,0,False,True,436
small_world,low,short,803,0.002997002997002997,0.000999000999000999,21,21,0,False,True,2458
small_world,low,short,804,0.007992007992007992,0.003996003996003996,21,19,-2,False,True,3479
small_world,low,short,805,0.04095904095904096,0.027972027972027972,21,17,-4,False,False,5005
small_world,low,short,806,0.014985014985014986,0.01098901098901099,21,17,-4,False,False,5005
small_world,low,short,807,0.005994005994005994,0.003996003996003996,21,21,0,False,True,1817
small_world,low,short,808,0.002997002997002997,0.000999000999000999,21,21,0,False,True,1356
small_world,low,short,809,0.008991008991008992,0.007992007992007992,21,21,0,False,True,2392
small_world,low,short,810,0.05094905094905095,0.03896103896103896,21,9,-12,False,False,5005
small_world,low,short,811,0.017982017982017984,0.00999000999000999,21,21,0,False,True,3459
small_world,low,short,812,0.013986013986013986,0.007992007992007992,21,17,-4,False,True,4977
small_world,low,short,813,0.012987012987012988,0.007992007992007992,21,17,-4,False,True,4253
small_world,low,short,814,0.003996003996003996,0.003996003996003996,21,19,-2,False,True,2609
small_world,low,short,815,0.03796203796203796,0.025974025974025976,21,19,-2,False,False,5005
small_world,low,short,816,0.060939060939060936,0.04195804195804196,21,9,-12,False,False,5005
small_world,low,short,817,0.014985014985014986,0.008991008991008992,21,19,-2,False,True,3364
small_world,low,short,818,0.04595404595404595,0.030969030969030968,21,15,-6,False,False,5005
small_world,low,short,819,0.003996003996003996,0.001998001998001998,21,19,-2,False,True,3437
small_world,low,short,820,0.024975024975024976,0.017982017982017984,21,19,-2,False,False,5005
small_world,low,short,821,0.05094905094905095,0.04095904095904096,21,13,-8,False,False,5005
small_world,low,short,822,0.026973026973026972,0.01998001998001998,21,13,-8,False,False,5005
small_world,low,short,823,0.04595404595404595,0.03296703296703297,21,17,-4,False,False,5005
small_world,low,short,824,0.02197802197802198,0.01098901098901099,21,15,-6,False,True,4816
small_world,low,short,825,0.026973026973026972,0.02197802197802198,21,15,-6,False,False,5005
small_world,low,short,826,0.008991008991008992,0.005994005994005994,21,19,-2,False,True,4828
small_world,low,short,827,0.030969030969030968,0.02197802197802198,21,13,-8,False,False,5005
small_world,low,short,828,0.02097902097902098,0.013986013986013986,21,15,-6,False,True,4624
small_world,low,short,829,0.03496503496503497,0.026973026973026972,21,13,-8,False,False,5005
small_world,low,short,830,0.00999000999000999,0.004995004995004995,21,19,-2,False,True,3747
small_world,low,short,831,0.001998001998001998,0.000999000999000999,21,21,0,False,True,372
small_world,low,short,832,0.03896103896103896,0.027972027972027972,21,19,-2,False,True,4714
small_world,low,short,833,0.004995004995004995,0.002997002997002997,21,21,0,False,True,703
small_world,low,short,834,0.04295704295704296,0.03396603396603397,21,15,-6,False,False,5005
small_world,low,short,835,0.015984015984015984,0.008991008991008992,21,19,-2,False,False,5005
small_world,low,short,836,0.005994005994005994,0.002997002997002997,21,17,-4,False,True,897
small_world,low,short,837,0.006993006993006993,0.005994005994005994,21,19,-2,False,True,4829
small_world,low,short,838,0.013986013986013986,0.008991008991008992,21,15,-6,False,False,5005
small_world,low,short,839,0.03196803196803197,0.022977022977022976,21,17,-4,False,False,5005
small_world,low,short,840,0.026973026973026972,0.017982017982017984,21,17,-4,False,False,5005
small_world,low,short,841,0.026973026973026972,0.01998001998001998,21,7,-14,False,False,5005
small_world,low,short,842,0.014985014985014986,0.01098901098901099,21,21,0,False,True,4097
small_world,low,short,843,0.006993006993006993,0.002997002997002997,21,21,0,False,True,3133
small_world,low,short,844,0.003996003996003996,0.001998001998001998,21,21,0,False,True,1298
small_world,low,short,845,0.03496503496503497,0.022977022977022976,21,17,-4,False,False,5005
small_world,low,short,846,0.02197802197802198,0.015984015984015984,21,19,-2,False,True,3725
small_world,low,short,847,0.02097902097902098,0.014985014985014986,21,17,-4,False,True,4631
small_world,low,short,848,0.02097902097902098,0.013986013986013986,21,19,-2,False,False,5005
small_world,low,short,849,0.04195804195804196,0.029970029970029972,21,15,-6,False,False,5005
small_world,low,short,850,0.001998001998001998,0.000999000999000999,21,21,0,False,True,4206
small_world,low,short,851,0.001998001998001998,0.001998001998001998,21,21,0,False,True,938
small_world,low,short,852,0.025974025974025976,0.016983016983016984,21,21,0,False,False,5005
small_world,low,short,853,0.024975024975024976,0.013986013986013986,21,21,0,False,False,5005
small_world,low,short,854,0.001998001998001998,0.000999000999000999,21,21,0,False,True,211
small_world,low,short,855,0.011988011988011988,0.006993006993006993,21,21,0,False,True,4685
small_world,low,short,856,0.04395604395604396,0.03196803196803197,21,17,-4,False,False,5005
small_world,low,short,857,0.004995004995004995,0.002997002997002997,21,21,0,False,True,2536
small_world,low,short,858,0.01998001998001998,0.015984015984015984,21,13,-8,False,False,5005
small_world,low,short,859,0.04595404595404595,0.027972027972027972,21,13,-8,False,False,5005
small_world,low,short,860,0.04095904095904096,0.029970029970029972,21,13,-8,False,False,5005
small_world,low,short,861,0.025974025974025976,0.01998001998001998,21,13,-8,False,False,5005
small_world,low,short,862,0.008991008991008992,0.007992007992007992,21,21,0,False,False,5005
small_world,low,short,863,0.02097902097902098,0.014985014985014986,21,21,0,False,False,5005
small_world,low,short,864,0.03396603396603397,0.026973026973026972,21,11,-10,False,False,5005
small_world,low,short,865,0.007992007992007992,0.002997002997002997,21,19,-2,False,True,2331
small_world,low,short,866,0.03996003996003996,0.026973026973026972,21,17,-4,False,False,5005
small_world,low,short,867,0.017982017982017984,0.014985014985014986,21,17,-4,False,False,5005
small_world,low,short,868,0.008991008991008992,0.006993006993006993,21,19,-2,False,True,3947
small_world,low,short,869,0.014985014985014986,0.007992007992007992,21,21,0,False,False,5005
small_world,low,short,870,0.02197802197802198,0.016983016983016984,21,13,-8,False,False,5005
small_world,low,short,871,0.029970029970029972,0.022977022977022976,21,15,-6,False,False,5005
small_world,low,short,872,0.02097902097902098,0.014985014985014986,21,19,-2,False,False,5005
small_world,low,short,873,0.022977022977022976,0.015984015984015984,21,17,-4,False,False,5005
small_world,low,short,874,0.006993006993006993,0.002997002997002997,21,21,0,False,True,1546
small_world,low,short,875,0.023976023976023976,0.016983016983016984,21,13,-8,False,False,5005
small_world,low,short,876,0.002997002997002997,0.001998001998001998,21,21,0,False,True,1857
small_world,low,short,877,0.003996003996003996,0.002997002997002997,21,21,0,False,True,2141
small_world,low,short,878,0.057942057942057944,0.04295704295704296,21,9,-12,False,False,5005
small_world,low,short,879,0.00999000999000999,0.005994005994005994,21,19,-2,False,True,3715
small_world,low,short,880,0.03596403596403597,0.03196803196803197,21,15,-6,False,False,5005
small_world,low,short,881,0.030969030969030968,0.02197802197802198,21,15,-6,False,False,5005
small_world,low,short,882,0.02097902097902098,0.014985014985014986,21,21,0,False,True,4124
small_world,low,short,883,0.00999000999000999,0.004995004995004995,21,19,-2,False,True,1979
small_world,low,short,884,0.025974025974025976,0.016983016983016984,21,17,-4,False,False,5005
small_world,low,short,885,0.013986013986013986,0.007992007992007992,21,19,-2,False,True,3321
small_world,low,short,886,0.01098901098901099,0.005994005994005994,21,19,-2,False,True,4310
small_world,low,short,887,0.001998001998001998,0.001998001998001998,21,21,0,False,True,4678
small_world,low,short,888,0.06893106893106893,0.05194805194805195,21,13,-8,False,False,5005
small_world,low,short,889,0.007992007992007992,0.005994005994005994,21,19,-2,False,True,3500
small_world,low,short,890,0.024975024975024976,0.016983016983016984,21,13,-8,False,False,5005
small_world,low,short,891,0.001998001998001998,0.001998001998001998,21,19,-2,False,True,190
small_world,low,short,892,0.002997002997002997,0.001998001998001998,21,21,0,False,True,151
small_world,low,short,893,0.006993006993006993,0.005994005994005994,21,19,-2,False,True,2897
small_world,low,short,894,0.01098901098901099,0.00999000999000999,21,21,0,False,False,5005
small_world,low,short,895,0.08691308691308691,0.060939060939060936,21,-5,-26,True,False,5005
small_world,low,short,896,0.003996003996003996,0.001998001998001998,21,21,0,False,True,413
small_world,low,short,897,0.006993006993006993,0.004995004995004995,21,21,0,False,True,2588
small_world,low,short,898,0.008991008991008992,0.005994005994005994,21,19,-2,False,True,2258
small_world,low,short,899,0.029970029970029972,0.022977022977022976,21,15,-6,False,False,5005
small_world,low,short,900,0.023976023976023976,0.013986013986013986,21,15,-6,False,False,5005
small_world,low,short,901,0.025974025974025976,0.02197802197802198,21,17,-4,False,False,5005
small_world,low,short,902,0.04795204795204795,0.03196803196803197,21,15,-6,False,False,5005
small_world,low,short,903,0.007992007992007992,0.003996003996003996,21,21,0,False,True,2992
small_world,low,short,904,0.025974025974025976,0.01998001998001998,21,17,-4,False,False,5005
small_world,low,short,905,0.006993006993006993,0.005994005994005994,21,19,-2,False,True,1470
small_world,low,short,906,0.029970029970029972,0.01898101898101898,21,21,0,False,False,5005
small_world,low,short,907,0.013986013986013986,0.01098901098901099,21,21,0,False,False,5005
small_world,low,short,908,0.012987012987012988,0.01098901098901099,21,17,-4,False,True,2729
small_world,low,short,909,0.005994005994005994,0.003996003996003996,21,19,-2,False,True,1561
small_world,low,short,910,0.01098901098901099,0.006993006993006993,21,21,0,False,True,3228
small_world,low,short,911,0.024975024975024976,0.01898101898101898,21,13,-8,False,False,5005
small_world,low,short,912,0.004995004995004995,0.002997002997002997,21,19,-2,False,True,2291
small_world,low,short,913,0.001998001998001998,0.001998001998001998,21,21,0,False,True,748
small_world,low,short,914,0.024975024975024976,0.016983016983016984,21,19,-2,False,False,5005
small_world,low,short,915,0.005994005994005994,0.003996003996003996,21,19,-2,False,True,2491
small_world,low,short,916,0.02197802197802198,0.014985014985014986,21,17,-4,False,False,5005
small_world,low,short,917,0.011988011988011988,0.005994005994005994,21,21,0,False,True,2898
small_world,low,short,918,0.03496503496503497,0.023976023976023976,21,13,-8,False,False,5005
small_world,low,short,919,0.01898101898101898,0.013986013986013986,21,15,-6,False,False,5005
small_world,low,short,920,0.008991008991008992,0.005994005994005994,21,17,-4,False,True,3854
small_world,low,short,921,0.04795204795204795,0.03796203796203796,21,17,-4,False,False,5005
small_world,low,short,922,0.022977022977022976,0.015984015984015984,21,17,-4,False,False,5005
small_world,low,short,923,0.011988011988011988,0.006993006993006993,21,19,-2,False,True,2891
small_world,low,short,924,0.02197802197802198,0.015984015984015984,21,17,-4,False,False,5005
small_world,low,short,925,0.04895104895104895,0.03596403596403597,21,9,-12,False,False,5005
small_world,low,short,926,0.02097902097902098,0.015984015984015984,21,21,0,False,False,5005
small_world,low,short,927,0.024975024975024976,0.02097902097902098,21,13,-8,False,False,5005
small_world,low,short,928,0.060939060939060936,0.04395604395604396,21,15,-6,False,False,5005
small_world,low,short,929,0.002997002997002997,0.001998001998001998,21,21,0,False,True,3606
small_world,low,short,930,0.03296703296703297,0.024975024975024976,21,13,-8,False,False,5005
small_world,low,short,931,0.003996003996003996,0.001998001998001998,21,21,0,False,True,4665
small_world,low,short,932,0.04595404595404595,0.03496503496503497,21,11,-10,False,False,5005
small_world,low,short,933,0.002997002997002997,0.000999000999000999,21,19,-2,False,True,4625
small_world,low,short,934,0.008991008991008992,0.006993006993006993,21,21,0,False,False,5005
small_world,low,short,935,0.030969030969030968,0.024975024975024976,21,17,-4,False,False,5005
small_world,low,short,936,0.04195804195804196,0.028971028971028972,21,13,-8,False,False,5005
small_world,low,short,937,0.005994005994005994,0.004995004995004995,21,21,0,False,True,1461
small_world,low,short,938,0.012987012987012988,0.008991008991008992,21,19,-2,False,False,5005
small_world,low,short,939,0.015984015984015984,0.012987012987012988,21,21,0,False,True,4478
small_world,low,short,940,0.012987012987012988,0.007992007992007992,21,19,-2,False,False,5005
small_world,low,short,941,0.003996003996003996,0.002997002997002997,21,21,0,False,True,1943
small_world,low,short,942,0.017982017982017984,0.014985014985014986,21,19,-2,False,True,4078
small_world,low,short,943,0.002997002997002997,0.001998001998001998,21,19,-2,False,True,2450
small_world,low,short,944,0.006993006993006993,0.004995004995004995,21,21,0,False,True,2283
small_world,low,short,945,0.017982017982017984,0.01098901098901099,21,19,-2,False,False,5005
small_world,low,short,946,0.001998001998001998,0.001998001998001998,21,21,0,False,True,527
small_world,low,short,947,0.01898101898101898,0.013986013986013986,21,17,-4,False,False,5005
small_world,low,short,948,0.005994005994005994,0.003996003996003996,21,21,0,False,True,3599
small_world,low,short,949,0.023976023976023976,0.015984015984015984,21,19,-2,False,False,5005
small_world,low,short,950,0.011988011988011988,0.007992007992007992,21,21,0,False,True,3367
small_world,low,short,951,0.024975024975024976,0.017982017982017984,21,19,-2,False,False,5005
small_world,low,short,952,0.014985014985014986,0.00999000999000999,21,17,-4,False,False,5005
small_world,low,short,953,0.006993006993006993,0.004995004995004995,21,21,0,False,True,3933
small_world,low,short,954,0.002997002997002997,0.001998001998001998,21,21,0,False,True,809
small_world,low,short,955,0.005994005994005994,0.003996003996003996,21,19,-2,False,True,3239
small_world,low,short,956,0.04695304695304695,0.03396603396603397,21,17,-4,False,False,5005
small_world,low,short,957,0.01098901098901099,0.005994005994005994,21,21,0,False,False,5005
small_world,low,short,958,0.006993006993006993,0.003996003996003996,21,17,-4,False,True,4472
small_world,low,short,959,0.016983016983016984,0.007992007992007992,21,19,-2,False,True,4398
small_world,low,short,960,0.012987012987012988,0.008991008991008992,21,17,-4,False,False,5005
small_world,low,short,961,0.011988011988011988,0.006993006993006993,21,17,-4,False,False,5005
small_world,low,short,962,0.022977022977022976,0.015984015984015984,21,17,-4,False,False,5005
small_world,low,short,963,0.004995004995004995,0.000999000999000999,21,21,0,False,True,1818
small_world,low,short,964,0.003996003996003996,0.001998001998001998,21,21,0,False,True,1203
small_world,low,short,965,0.03896103896103896,0.026973026973026972,21,13,-8,False,False,5005
small_world,low,short,966,0.006993006993006993,0.003996003996003996,21,19,-2,False,True,1141
small_world,low,short,967,0.006993006993006993,0.004995004995004995,21,19,-2,False,True,3014
small_world,low,short,968,0.003996003996003996,0.002997002997002997,21,19,-2,False,True,1701
small_world,low,short,969,0.025974025974025976,0.01998001998001998,21,19,-2,False,True,4451
small_world,low,short,970,0.011988011988011988,0.005994005994005994,21,17,-4,False,True,2547
small_world,low,short,971,0.015984015984015984,0.014985014985014986,21,21,0,False,False,5005
small_world,low,short,972,0.00999000999000999,0.006993006993006993,21,21,0,False,True,4371
small_world,low,short,973,0.03396603396603397,0.025974025974025976,21,13,-8,False,False,5005
small_world,low,short,974,0.001998001998001998,0.001998001998001998,21,21,0,False,True,685
small_world,low,short,975,0.011988011988011988,0.008991008991008992,21,21,0,False,True,4060
small_world,low,short,976,0.055944055944055944,0.03596403596403597,21,21,0,False,False,5005
small_world,low,short,977,0.029970029970029972,0.023976023976023976,21,19,-2,False,False,5005
small_world,low,short,978,0.003996003996003996,0.001998001998001998,21,19,-2,False,True,1828
small_world,low,short,979,0.022977022977022976,0.016983016983016984,21,13,-8,False,False,5005
small_world,low,short,980,0.01098901098901099,0.004995004995004995,21,17,-4,False,True,3608
small_world,low,short,981,0.01098901098901099,0.008991008991008992,21,21,0,False,True,2987
small_world,low,short,982,0.002997002997002997,0.000999000999000999,21,19,-2,False,True,831
small_world,low,short,983,0.00999000999000999,0.006993006993006993,21,19,-2,False,True,4266
small_world,low,short,984,0.013986013986013986,0.00999000999000999,21,21,0,False,False,5005
small_world,low,short,985,0.015984015984015984,0.01098901098901099,21,17,-4,False,False,5005
small_world,low,short,986,0.028971028971028972,0.016983016983016984,21,19,-2,False,False,5005
small_world,low,short,987,0.016983016983016984,0.012987012987012988,21,21,0,False,False,5005
small_world,low,short,988,0.015984015984015984,0.011988011988011988,21,19,-2,False,True,3248
small_world,low,short,989,0.001998001998001998,0.000999000999000999,21,21,0,False,True,2439
small_world,low,short,990,0.006993006993006993,0.004995004995004995,21,17,-4,False,True,2295
small_world,low,short,991,0.027972027972027972,0.02197802197802198,21,15,-6,False,False,5005
small_world,low,short,992,0.00999000999000999,0.005994005994005994,21,19,-2,False,True,4158
small_world,low,short,993,0.006993006993006993,0.003996003996003996,21,19,-2,False,True,3300
small_world,low,short,994,0.01098901098901099,0.007992007992007992,21,17,-4,False,True,2238
small_world,low,short,995,0.03796203796203796,0.024975024975024976,21,13,-8,False,False,5005
small_world,low,short,996,0.02197802197802198,0.012987012987012988,21,13,-8,False,False,5005
small_world,low,short,997,0.001998001998001998,0.001998001998001998,21,21,0,False,True,1209
small_world,low,short,998,0.030969030969030968,0.02097902097902098,21,17,-4,False,False,5005
small_world,low,short,999,0.03196803196803197,0.01998001998001998,21,11,-10,False,False,5005
small_world,low,long,0,0.003996003996003996,0.002997002997002997,21,21,0,False,True,1186
small_world,low,long,1,0.001998001998001998,0.001998001998001998,21,21,0,False,True,370
small_world,low,long,2,0.002997002997002997,0.000999000999000999,21,21,0,False,True,1751
small_world,low,long,3,0.007992007992007992,0.006993006993006993,21,21,0,False,True,2105
small_world,low,long,4,0.012987012987012988,0.00999000999000999,21,19,-2,False,True,4017
small_world,low,long,5,0.01898101898101898,0.012987012987012988,21,17,-4,False,True,5411
small_world,low,long,6,0.059940059940059943,0.04595404595404595,21,11,-10,False,True,8448
small_world,low,long,7,0.003996003996003996,0.001998001998001998,21,21,0,False,True,3124
small_world,low,long,8,0.013986013986013986,0.008991008991008992,21,15,-6,False,True,3444
small_world,low,long,9,0.003996003996003996,0.001998001998001998,21,21,0,False,True,1423
small_world,low,long,10,0.05094905094905095,0.03396603396603397,21,17,-4,False,True,10972
small_world,low,long,11,0.04295704295704296,0.03196803196803197,21,3,-18,False,True,13211
small_world,low,long,12,0.002997002997002997,0.001998001998001998,21,21,0,False,True,613
small_world,low,long,13,0.04995004995004995,0.029970029970029972,21,15,-6,False,True,7203
small_world,low,long,14,0.00999000999000999,0.006993006993006993,21,21,0,False,True,3103
small_world,low,long,15,0.1978021978021978,0.14585414585414586,21,-13,-34,True,True,15240
small_world,low,long,16,0.11688311688311688,0.08591408591408592,21,7,-14,False,True,11366
small_world,low,long,17,0.02097902097902098,0.012987012987012988,21,21,0,False,True,9645
small_world,low,long,18,0.007992007992007992,0.004995004995004995,21,19,-2,False,True,3124
small_world,low,long,19,0.013986013986013986,0.008991008991008992,21,19,-2,False,True,3778
small_world,low,long,20,0.013986013986013986,0.007992007992007992,21,19,-2,False,True,3686
small_world,low,long,21,0.007992007992007992,0.005994005994005994,21,19,-2,False,True,4579
small_world,low,long,22,0.20279720279720279,0.14885114885114886,21,-21,-42,True,False,20020
small_world,low,long,23,0.011988011988011988,0.00999000999000999,21,19,-2,False,True,4656
small_world,low,long,24,0.007992007992007992,0.004995004995004995,21,21,0,False,True,2436
small_world,low,long,25,0.005994005994005994,0.003996003996003996,21,21,0,False,True,1953
small_world,low,long,26,0.10589410589410589,0.07592407592407592,21,9,-12,False,True,16125
small_world,low,long,27,0.024975024975024976,0.012987012987012988,21,21,0,False,True,4349
small_world,low,long,28,0.052947052947052944,0.03896103896103896,21,5,-16,False,True,11101
small_world,low,long,29,0.001998001998001998,0.001998001998001998,21,19,-2,False,True,1393
small_world,low,long,30,0.15284715284715283,0.1048951048951049,21,-21,-42,True,False,20020
small_world,low,long,31,0.005994005994005994,0.001998001998001998,21,21,0,False,True,1482
small_world,low,long,32,0.008991008991008992,0.004995004995004995,21,19,-2,False,True,4481
small_world,low,long,33,0.015984015984015984,0.007992007992007992,21,21,0,False,True,4874
small_world,low,long,34,0.08891108891108891,0.059940059940059943,21,1,-20,False,True,12394
small_world,low,long,35,0.06793206793206794,0.04695304695304695,21,9,-12,False,True,9570
small_world,low,long,36,0.13386613386613386,0.08491508491508491,21,-5,-26,True,True,15688
small_world,low,long,37,0.26873126873126874,0.1918081918081918,21,-25,-46,True,False,20020
small_world,low,long,38,0.008991008991008992,0.003996003996003996,21,19,-2,False,True,4371
small_world,low,long,39,0.1048951048951049,0.07492507492507493,21,3,-18,False,True,13422
small_world,low,long,40,0.07792207792207792,0.056943056943056944,21,3,-18,False,True,14478
small_world,low,long,41,0.16983016983016982,0.12387612387612387,21,-11,-32,True,True,19976
small_world,low,long,42,0.15384615384615385,0.10989010989010989,21,-9,-30,True,True,15676
small_world,low,long,43,0.26373626373626374,0.1938061938061938,21,-21,-42,True,True,13999
small_world,low,long,44,0.001998001998001998,0.001998001998001998,21,21,0,False,True,212
small_world,low,long,45,0.013986013986013986,0.00999000999000999,21,19,-2,False,True,4185
small_world,low,long,46,0.008991008991008992,0.005994005994005994,21,17,-4,False,True,3670
small_world,low,long,47,0.03296703296703297,0.02097902097902098,21,19,-2,False,True,5115
small_world,low,long,48,0.03696303696303696,0.024975024975024976,21,11,-10,False,True,10135
small_world,low,long,49,0.011988011988011988,0.007992007992007992,21,17,-4,False,True,2324
small_world,low,long,50,0.023976023976023976,0.017982017982017984,21,17,-4,False,True,6000
small_world,low,long,51,0.01098901098901099,0.008991008991008992,21,17,-4,False,True,2758
small_world,low,long,52,0.03996003996003996,0.024975024975024976,21,15,-6,False,True,7891
small_world,low,long,53,0.003996003996003996,0.002997002997002997,21,21,0,False,True,462
small_world,low,long,54,0.056943056943056944,0.04295704295704296,21,7,-14,False,True,8004
small_world,low,long,55,0.06493506493506493,0.04795204795204795,21,3,-18,False,True,9295
small_world,low,long,56,0.016983016983016984,0.008991008991008992,21,19,-2,False,True,5509
small_world,low,long,57,0.07592407592407592,0.05194805194805195,21,7,-14,False,True,11917
small_world,low,long,58,0.07692307692307693,0.055944055944055944,21,9,-12,False,True,17306
small_world,low,long,59,0.001998001998001998,0.000999000999000999,21,19,-2,False,True,2054
small_world,low,long,60,0.052947052947052944,0.03596403596403597,21,7,-14,False,True,12787
small_world,low,long,61,0.061938061938061936,0.04095904095904096,21,9,-12,False,True,6868
small_world,low,long,62,0.001998001998001998,0.001998001998001998,21,21,0,False,True,952
small_world,low,long,63,0.001998001998001998,0.001998001998001998,21,19,-2,False,True,779
small_world,low,long,64,0.005994005994005994,0.001998001998001998,21,21,0,False,True,2417
small_world,low,long,65,0.002997002997002997,0.001998001998001998,21,19,-2,False,True,252
small_world,low,long,66,0.01098901098901099,0.007992007992007992,21,17,-4,False,True,4826
small_world,low,long,67,0.02097902097902098,0.012987012987012988,21,13,-8,False,True,5170
small_world,low,long,68,0.008991008991008992,0.004995004995004995,21,17,-4,False,True,6168
small_world,low,long,69,0.005994005994005994,0.002997002997002997,21,21,0,False,True,2208
small_world,low,long,70,0.058941058941058944,0.03796203796203796,21,15,-6,False,True,7410
small_world,low,long,71,0.026973026973026972,0.016983016983016984,21,21,0,False,True,6553
small_world,low,long,72,0.017982017982017984,0.014985014985014986,21,17,-4,False,True,5730
small_world,low,long,73,0.04495504495504495,0.03596403596403597,21,13,-8,False,True,12288
small_world,low,long,74,0.06693306693306693,0.04595404595404595,21,11,-10,False,True,8336
small_world,low,long,75,0.04695304695304695,0.03296703296703297,21,9,-12,False,True,9532
small_world,low,long,76,0.004995004995004995,0.002997002997002997,21,21,0,False,True,2713
small_world,low,long,77,0.007992007992007992,0.004995004995004995,21,21,0,False,True,4877
small_world,low,long,78,0.004995004995004995,0.002997002997002997,21,21,0,False,True,2842
small_world,low,long,79,0.003996003996003996,0.002997002997002997,21,17,-4,False,True,2067
small_world,low,long,80,0.011988011988011988,0.007992007992007992,21,15,-6,False,True,3216
small_world,low,long,81,0.023976023976023976,0.016983016983016984,21,19,-2,False,True,7514
small_world,low,long,82,0.03296703296703297,0.01898101898101898,21,17,-4,False,True,8668
small_world,low,long,83,0.03396603396603397,0.01898101898101898,21,15,-6,False,True,5771
small_world,low,long,84,0.05194805194805195,0.03996003996003996,21,9,-12,False,True,7931
small_world,low,long,85,0.00999000999000999,0.005994005994005994,21,19,-2,False,True,4283
small_world,low,long,86,0.15284715284715283,0.11788211788211789,21,-11,-32,True,True,14364
small_world,low,long,87,0.022977022977022976,0.014985014985014986,21,17,-4,False,True,6003
small_world,low,long,88,0.20279720279720279,0.14685314685314685,21,-19,-40,True,True,17160
small_world,low,long,89,0.028971028971028972,0.01898101898101898,21,21,0,False,True,10096
small_world,low,long,90,0.004995004995004995,0.001998001998001998,21,21,0,False,True,2364
small_world,low,long,91,0.011988011988011988,0.005994005994005994,21,15,-6,False,True,3309
small_world,low,long,92,0.1848151848151848,0.13986013986013987,21,-19,-40,True,False,20020
small_world,low,long,93,0.11988011988011989,0.08591408591408592,21,5,-16,False,True,16656
small_world,low,long,94,0.004995004995004995,0.003996003996003996,21,19,-2,False,True,1300
small_world,low,long,95,0.02197802197802198,0.011988011988011988,21,17,-4,False,True,6668
small_world,low,long,96,0.11388611388611389,0.07892107892107893,21,5,-16,False,True,17773
small_world,low,long,97,0.007992007992007992,0.006993006993006993,21,21,0,False,True,1458
small_world,low,long,98,0.006993006993006993,0.001998001998001998,21,21,0,False,True,5592
small_world,low,long,99,0.21678321678321677,0.15184815184815184,21,-17,-38,True,True,17158
small_world,low,long,100,0.006993006993006993,0.005994005994005994,21,17,-4,False,True,2636
small_world,low,long,101,0.004995004995004995,0.002997002997002997,21,21,0,False,True,846
small_world,low,long,102,0.016983016983016984,0.00999000999000999,21,19,-2,False,True,4800
small_world,low,long,103,0.023976023976023976,0.017982017982017984,21,13,-8,False,True,8908
small_world,low,long,104,0.16483516483516483,0.11788211788211789,21,-3,-24,True,True,15583
small_world,low,long,105,0.04795204795204795,0.030969030969030968,21,13,-8,False,True,8752
small_world,low,long,106,0.07192807192807193,0.04495504495504495,21,15,-6,False,True,14520
small_world,low,long,107,0.06793206793206794,0.05194805194805195,21,3,-18,False,True,8793
small_world,low,long,108,0.1108891108891109,0.07492507492507493,21,3,-18,False,True,14765
small_world,low,long,109,0.01098901098901099,0.006993006993006993,21,17,-4,False,True,4146
small_world,low,long,110,0.057942057942057944,0.04495504495504495,21,9,-12,False,True,5947
small_world,low,long,111,0.006993006993006993,0.003996003996003996,21,19,-2,False,True,2955
small_world,low,long,112,0.11688311688311688,0.09290709290709291,21,-1,-22,True,True,14018
small_world,low,long,113,0.2047952047952048,0.14285714285714285,21,-13,-34,True,True,17216
small_world,low,long,114,0.01898101898101898,0.012987012987012988,21,15,-6,False,True,4753
small_world,low,long,115,0.013986013986013986,0.008991008991008992,21,19,-2,False,True,3695
small_world,low,long,116,0.1258741258741259,0.09290709290709291,21,-11,-32,True,False,20020
small_world,low,long,117,0.11188811188811189,0.07992007992007992,21,7,-14,False,True,17099
small_world,low,long,118,0.029970029970029972,0.022977022977022976,21,13,-8,False,True,6387
small_world,low,long,119,0.006993006993006993,0.004995004995004995,21,21,0,False,True,3018
small_world,low,long,120,0.00999000999000999,0.007992007992007992,21,21,0,False,True,3287
small_world,low,long,121,0.01098901098901099,0.006993006993006993,21,21,0,False,True,4633
small_world,low,long,122,0.06793206793206794,0.04995004995004995,21,11,-10,False,True,9114
small_world,low,long,123,0.001998001998001998,0.000999000999000999,21,21,0,False,True,671
small_world,low,long,124,0.03296703296703297,0.027972027972027972,21,15,-6,False,True,10909
small_world,low,long,125,0.004995004995004995,0.001998001998001998,21,19,-2,False,True,675
small_world,low,long,126,0.006993006993006993,0.006993006993006993,21,17,-4,False,True,1425
small_world,low,long,127,0.014985014985014986,0.00999000999000999,21,15,-6,False,True,2507
small_world,low,long,128,0.21578421578421578,0.14485514485514486,21,-5,-26,True,True,17237
small_world,low,long,129,0.01098901098901099,0.008991008991008992,21,17,-4,False,True,3625
small_world,low,long,130,0.001998001998001998,0.001998001998001998,21,21,0,False,True,709
small_world,low,long,131,0.06793206793206794,0.04395604395604396,21,13,-8,False,False,20020
small_world,low,long,132,0.06493506493506493,0.04295704295704296,21,9,-12,False,True,17955
small_world,low,long,133,0.024975024975024976,0.01998001998001998,21,21,0,False,True,6802
small_world,low,long,134,0.006993006993006993,0.003996003996003996,21,21,0,False,True,1521
small_world,low,long,135,0.4245754245754246,0.32367632367632365,21,-77,-98,True,False,20020
small_world,low,long,136,0.023976023976023976,0.017982017982017984,21,17,-4,False,True,8197
small_world,low,long,137,0.00999000999000999,0.005994005994005994,21,21,0,False,True,4076
small_world,low,long,138,0.17482517482517482,0.11888111888111888,21,-13,-34,True,False,20020
small_world,low,long,139,0.004995004995004995,0.003996003996003996,21,21,0,False,True,2815
small_world,low,long,140,0.03596403596403597,0.02197802197802198,21,15,-6,False,True,8951
small_world,low,long,141,0.061938061938061936,0.04195804195804196,21,11,-10,False,True,12180
small_world,low,long,142,0.04395604395604396,0.03196803196803197,21,15,-6,False,True,6108
small_world,low,long,143,0.16883116883116883,0.11688311688311688,21,-15,-36,True,True,14290
small_world,low,long,144,0.002997002997002997,0.000999000999000999,21,21,0,False,True,1421
small_world,low,long,145,0.03396603396603397,0.023976023976023976,21,11,-10,False,True,5197
small_world,low,long,146,0.017982017982017984,0.011988011988011988,21,19,-2,False,True,7490
small_world,low,long,147,0.025974025974025976,0.015984015984015984,21,15,-6,False,True,8868
small_world,low,long,148,0.001998001998001998,0.001998001998001998,21,19,-2,False,True,2714
small_world,low,long,149,0.03396603396603397,0.024975024975024976,21,13,-8,False,True,16575
small_world,low,long,150,0.01998001998001998,0.014985014985014986,21,21,0,False,True,5506
small_world,low,long,151,0.14085914085914086,0.1018981018981019,21,1,-20,False,True,18765
small_world,low,long,152,0.001998001998001998,0.000999000999000999,21,21,0,False,True,181
small_world,low,long,153,0.00999000999000999,0.004995004995004995,21,21,0,False,True,2583
small_world,low,long,154,0.007992007992007992,0.005994005994005994,21,17,-4,False,True,2260
small_world,low,long,155,0.007992007992007992,0.005994005994005994,21,19,-2,False,True,2716
small_world,low,long,156,0.001998001998001998,0.000999000999000999,21,21,0,False,True,1896
small_world,low,long,157,0.008991008991008992,0.006993006993006993,21,21,0,False,True,3811
small_world,low,long,158,0.008991008991008992,0.008991008991008992,21,21,0,False,True,4377
small_world,low,long,159,0.005994005994005994,0.001998001998001998,21,21,0,False,True,1670
small_world,low,long,160,0.17382617382617382,0.12387612387612387,21,-5,-26,True,True,17014
small_world,low,long,161,0.001998001998001998,0.000999000999000999,21,21,0,False,True,2674
small_world,low,long,162,0.08191808191808192,0.061938061938061936,21,17,-4,False,True,10383
small_world,low,long,163,0.026973026973026972,0.01898101898101898,21,13,-8,False,True,6800
small_world,low,long,164,0.03996003996003996,0.023976023976023976,21,11,-10,False,True,11981
small_world,low,long,165,0.03996003996003996,0.02197802197802198,21,15,-6,False,True,6936
small_world,low,long,166,0.008991008991008992,0.006993006993006993,21,17,-4,False,True,2286
small_world,low,long,167,0.14985014985014986,0.10789210789210789,21,-15,-36,True,False,20020
small_world,low,long,168,0.11888111888111888,0.08291708291708291,21,-5,-26,True,True,11873
small_world,low,long,169,0.011988011988011988,0.008991008991008992,21,21,0,False,True,2890
small_world,low,long,170,0.005994005994005994,0.005994005994005994,21,17,-4,False,True,2873
small_world,low,long,171,0.001998001998001998,0.001998001998001998,21,19,-2,False,True,414
small_world,low,long,172,0.005994005994005994,0.002997002997002997,21,21,0,False,True,1529
small_world,low,long,173,0.00999000999000999,0.004995004995004995,21,17,-4,False,True,2878
small_world,low,long,174,0.017982017982017984,0.014985014985014986,21,19,-2,False,True,7735
small_world,low,long,175,0.03896103896103896,0.029970029970029972,21,19,-2,False,True,7382
small_world,low,long,176,0.014985014985014986,0.011988011988011988,21,15,-6,False,True,3743
small_world,low,long,177,0.028971028971028972,0.02097902097902098,21,15,-6,False,True,6978
small_world,low,long,178,0.01998001998001998,0.01098901098901099,21,21,0,False,True,4249
small_world,low,long,179,0.001998001998001998,0.001998001998001998,21,21,0,False,True,701
small_world,low,long,180,0.016983016983016984,0.011988011988011988,21,15,-6,False,True,4455
small_world,low,long,181,0.01898101898101898,0.011988011988011988,21,13,-8,False,True,3667
small_world,low,long,182,0.002997002997002997,0.002997002997002997,21,21,0,False,True,1089
small_world,low,long,183,0.03896103896103896,0.023976023976023976,21,9,-12,False,True,4581
small_world,low,long,184,0.002997002997002997,0.000999000999000999,21,21,0,False,True,3540
small_world,low,long,185,0.011988011988011988,0.007992007992007992,21,15,-6,False,True,3880
small_world,low,long,186,0.01998001998001998,0.017982017982017984,21,19,-2,False,True,4584
small_world,low,long,187,0.001998001998001998,0.001998001998001998,21,21,0,False,True,622
small_world,low,long,188,0.17882117882117882,0.13486513486513488,21,-15,-36,True,True,17973
small_world,low,long,189,0.27172827172827174,0.1978021978021978,21,-37,-58,True,True,18775
small_world,low,long,190,0.005994005994005994,0.002997002997002997,21,19,-2,False,True,1964
small_world,low,long,191,0.001998001998001998,0.000999000999000999,21,21,0,False,True,1857
small_world,low,long,192,0.001998001998001998,0.000999000999000999,21,21,0,False,True,789
small_world,low,long,193,0.06393606393606394,0.04295704295704296,21,11,-10,False,True,14689
small_world,low,long,194,0.030969030969030968,0.02197802197802198,21,17,-4,False,True,7398
small_world,low,long,195,0.013986013986013986,0.008991008991008992,21,21,0,False,True,4775
small_world,low,long,196,0.16383616383616384,0.11888111888111888,21,-1,-22,True,True,14165
small_world,low,long,197,0.013986013986013986,0.011988011988011988,21,21,0,False,True,4980
small_world,low,long,198,0.1018981018981019,0.06993006993006994,21,-1,-22,True,True,9695
small_world,low,long,199,0.014985014985014986,0.01098901098901099,21,21,0,False,True,2999
small_world,low,long,200,0.030969030969030968,0.01898101898101898,21,17,-4,False,True,11257
small_world,low,long,201,0.003996003996003996,0.003996003996003996,21,21,0,False,True,1657
small_world,low,long,202,0.013986013986013986,0.008991008991008992,21,17,-4,False,True,5613
small_world,low,long,203,0.001998001998001998,0.000999000999000999,21,21,0,False,True,2127
small_world,low,long,204,0.02097902097902098,0.012987012987012988,21,17,-4,False,True,5641
small_world,low,long,205,0.059940059940059943,0.03696303696303696,21,15,-6,False,True,9577
small_world,low,long,206,0.015984015984015984,0.01098901098901099,21,17,-4,False,True,5705
small_world,low,long,207,0.002997002997002997,0.000999000999000999,21,21,0,False,True,746
small_world,low,long,208,0.1008991008991009,0.07192807192807193,21,-5,-26,True,True,12191
small_world,low,long,209,0.002997002997002997,0.001998001998001998,21,21,0,False,True,2181
small_world,low,long,210,0.012987012987012988,0.008991008991008992,21,19,-2,False,True,5136
small_world,low,long,211,0.002997002997002997,0.001998001998001998,21,21,0,False,True,882
small_world,low,long,212,0.004995004995004995,0.002997002997002997,21,21,0,False,True,2761
small_world,low,long,213,0.016983016983016984,0.01098901098901099,21,17,-4,False,True,4492
small_world,low,long,214,0.006993006993006993,0.003996003996003996,21,17,-4,False,True,1802
small_world,low,long,215,0.004995004995004995,0.002997002997002997,21,19,-2,False,True,2870
small_world,low,long,216,0.008991008991008992,0.003996003996003996,21,21,0,False,True,3210
small_world,low,long,217,0.02097902097902098,0.016983016983016984,21,13,-8,False,True,5815
small_world,low,long,218,0.004995004995004995,0.002997002997002997,21,19,-2,False,True,3940
small_world,low,long,219,0.01098901098901099,0.00999000999000999,21,17,-4,False,True,4456
small_world,low,long,220,0.04995004995004995,0.03496503496503497,21,13,-8,False,True,10460
small_world,low,long,221,0.016983016983016984,0.011988011988011988,21,17,-4,False,True,4860
small_world,low,long,222,0.008991008991008992,0.007992007992007992,21,21,0,False,True,3748
small_world,low,long,223,0.03596403596403597,0.025974025974025976,21,15,-6,False,True,9141
small_world,low,long,224,0.09290709290709291,0.06993006993006994,21,1,-20,False,True,14896
small_world,low,long,225,0.01898101898101898,0.013986013986013986,21,17,-4,False,True,6985
small_world,low,long,226,0.006993006993006993,0.004995004995004995,21,21,0,False,True,5077
small_world,low,long,227,0.006993006993006993,0.002997002997002997,21,21,0,False,True,3189
small_world,low,long,228,0.028971028971028972,0.02197802197802198,21,17,-4,False,True,9343
small_world,low,long,229,0.004995004995004995,0.002997002997002997,21,21,0,False,True,2635
small_world,low,long,230,0.011988011988011988,0.007992007992007992,21,19,-2,False,True,4250
small_world,low,long,231,0.016983016983016984,0.012987012987012988,21,17,-4,False,True,6813
small_world,low,long,232,0.008991008991008992,0.005994005994005994,21,19,-2,False,True,4371
small_world,low,long,233,0.00999000999000999,0.005994005994005994,21,21,0,False,True,5445
small_world,low,long,234,0.004995004995004995,0.002997002997002997,21,21,0,False,True,3473
small_world,low,long,235,0.005994005994005994,0.004995004995004995,21,19,-2,False,True,1034
small_world,low,long,236,0.04695304695304695,0.03296703296703297,21,11,-10,False,True,8520
small_world,low,long,237,0.002997002997002997,0.002997002997002997,21,19,-2,False,True,661
small_world,low,long,238,0.058941058941058944,0.03796203796203796,21,9,-12,False,True,7929
small_world,low,long,239,0.07292707292707293,0.05194805194805195,21,11,-10,False,True,10608
small_world,low,long,240,0.17882117882117882,0.13986013986013987,21,-17,-38,True,False,20020
small_world,low,long,241,0.006993006993006993,0.005994005994005994,21,19,-2,False,True,3172
small_world,low,long,242,0.007992007992007992,0.002997002997002997,21,21,0,False,True,3896
small_world,low,long,243,0.001998001998001998,0.000999000999000999,21,21,0,False,True,440
small_world,low,long,244,0.001998001998001998,0.001998001998001998,21,21,0,False,True,329
small_world,low,long,245,0.03396603396603397,0.024975024975024976,21,15,-6,False,True,9091
small_world,low,long,246,0.08891108891108891,0.057942057942057944,21,5,-16,False,True,12727
small_world,low,long,247,0.04195804195804196,0.027972027972027972,21,5,-16,False,True,9232
small_world,low,long,248,0.16383616383616384,0.12087912087912088,21,-9,-30,True,False,20020
small_world,low,long,249,0.006993006993006993,0.004995004995004995,21,19,-2,False,True,4378
small_world,low,long,250,0.029970029970029972,0.02197802197802198,21,19,-2,False,True,5380
small_world,low,long,251,0.004995004995004995,0.003996003996003996,21,21,0,False,True,1119
small_world,low,long,252,0.011988011988011988,0.007992007992007992,21,15,-6,False,True,2327
small_world,low,long,253,0.005994005994005994,0.003996003996003996,21,21,0,False,True,2660
small_world,low,long,254,0.003996003996003996,0.002997002997002997,21,21,0,False,True,2668
small_world,low,long,255,0.013986013986013986,0.007992007992007992,21,19,-2,False,True,5585
small_world,low,long,256,0.016983016983016984,0.01098901098901099,21,17,-4,False,True,4439
small_world,low,long,257,0.008991008991008992,0.007992007992007992,21,17,-4,False,True,2444
small_world,low,long,258,0.002997002997002997,0.001998001998001998,21,21,0,False,True,4362
small_world,low,long,259,0.001998001998001998,0.000999000999000999,21,21,0,False,True,1960
small_world,low,long,260,0.11488511488511488,0.08491508491508491,21,-1,-22,True,True,14024
small_world,low,long,261,0.053946053946053944,0.03896103896103896,21,9,-12,False,True,10554
small_world,low,long,262,0.0959040959040959,0.06693306693306693,21,5,-16,False,True,14060
small_world,low,long,263,0.11988011988011989,0.07892107892107893,21,-5,-26,True,True,9700
small_world,low,long,264,0.017982017982017984,0.012987012987012988,21,21,0,False,True,6212
small_world,low,long,265,0.01098901098901099,0.005994005994005994,21,21,0,False,True,3088
small_world,low,long,266,0.01098901098901099,0.006993006993006993,21,19,-2,False,True,4375
small_world,low,long,267,0.1998001998001998,0.13786213786213786,21,-11,-32,True,True,14075
small_world,low,long,268,0.001998001998001998,0.000999000999000999,21,21,0,False,True,703
small_world,low,long,269,0.002997002997002997,0.001998001998001998,21,21,0,False,True,1379
small_world,low,long,270,0.25574425574425574,0.1978021978021978,21,-33,-54,True,False,20020
small_world,low,long,271,0.004995004995004995,0.002997002997002997,21,21,0,False,True,1439
small_world,low,long,272,0.00999000999000999,0.003996003996003996,21,21,0,False,True,4695
small_world,low,long,273,0.29270729270729273,0.2177822177822178,21,-39,-60,True,False,20020
small_world,low,long,274,0.06393606393606394,0.04895104895104895,21,7,-14,False,True,11547
small_world,low,long,275,0.060939060939060936,0.03996003996003996,21,9,-12,False,True,6208
small_world,low,long,276,0.03696303696303696,0.01898101898101898,21,11,-10,False,True,7318
small_world,low,long,277,0.04495504495504495,0.028971028971028972,21,15,-6,False,True,7483
small_world,low,long,278,0.09490509490509491,0.06993006993006994,21,7,-14,False,True,15090
small_world,low,long,279,0.11188811188811189,0.08291708291708291,21,7,-14,False,True,16467
small_world,low,long,280,0.00999000999000999,0.006993006993006993,21,21,0,False,True,4795
small_world,low,long,281,0.013986013986013986,0.00999000999000999,21,15,-6,False,True,3240
small_world,low,long,282,0.04195804195804196,0.028971028971028972,21,15,-6,False,True,5556
small_world,low,long,283,0.1018981018981019,0.06993006993006994,21,5,-16,False,False,20020
small_world,low,long,284,0.002997002997002997,0.001998001998001998,21,19,-2,False,True,4127
small_world,low,long,285,0.015984015984015984,0.008991008991008992,21,19,-2,False,True,3572
small_world,low,long,286,0.004995004995004995,0.004995004995004995,21,21,0,False,True,2766
small_world,low,long,287,0.17482517482517482,0.12787212787212787,21,-19,-40,True,False,20020
small_world,low,long,288,0.006993006993006993,0.003996003996003996,21,21,0,False,True,5133
small_world,low,long,289,0.01098901098901099,0.006993006993006993,21,19,-2,False,True,2826
small_world,low,long,290,0.07692307692307693,0.056943056943056944,21,15,-6,False,True,12398
small_world,low,long,291,0.003996003996003996,0.001998001998001998,21,21,0,False,True,1224
small_world,low,long,292,0.04295704295704296,0.029970029970029972,21,17,-4,False,True,6322
small_world,low,long,293,0.016983016983016984,0.00999000999000999,21,17,-4,False,True,4496
small_world,low,long,294,0.001998001998001998,0.001998001998001998,21,19,-2,False,True,250
small_world,low,long,295,0.001998001998001998,0.001998001998001998,21,21,0,False,True,295
small_world,low,long,296,0.004995004995004995,0.000999000999000999,21,21,0,False,True,1904
small_world,low,long,297,0.00999000999000999,0.006993006993006993,21,17,-4,False,True,1841
small_world,low,long,298,0.024975024975024976,0.01898101898101898,21,19,-2,False,True,4284
small_world,low,long,299,0.001998001998001998,0.001998001998001998,21,21,0,False,True,708
small_world,low,long,300,0.14385614385614387,0.1018981018981019,21,-5,-26,True,True,16172
small_world,low,long,301,0.029970029970029972,0.02097902097902098,21,15,-6,False,True,4620
small_world,low,long,302,0.008991008991008992,0.004995004995004995,21,19,-2,False,True,3085
small_world,low,long,303,0.01898101898101898,0.00999000999000999,21,21,0,False,True,5919
small_world,low,long,304,0.2547452547452547,0.18081918081918083,21,-27,-48,True,True,19745
small_world,low,long,305,0.013986013986013986,0.01098901098901099,21,21,0,False,True,3084
small_world,low,long,306,0.22277722277722278,0.15784215784215785,21,-19,-40,True,False,20020
small_world,low,long,307,0.04095904095904096,0.030969030969030968,21,15,-6,False,True,7232
small_world,low,long,308,0.08791208791208792,0.06393606393606394,21,13,-8,False,True,12806
small_world,low,long,309,0.006993006993006993,0.003996003996003996,21,21,0,False,True,3008
small_world,low,long,310,0.001998001998001998,0.001998001998001998,21,19,-2,False,True,843
small_world,low,long,311,0.01098901098901099,0.005994005994005994,21,17,-4,False,True,4870
small_world,low,long,312,0.15384615384615385,0.1108891108891109,21,-7,-28,True,True,14185
small_world,low,long,313,0.14885114885114886,0.1068931068931069,21,1,-20,False,True,17340
small_world,low,long,314,0.11688311688311688,0.08091908091908091,21,-5,-26,True,True,12757
small_world,low,long,315,0.01898101898101898,0.01098901098901099,21,19,-2,False,True,4023
small_world,low,long,316,0.005994005994005994,0.002997002997002997,21,21,0,False,True,2334
small_world,low,long,317,0.013986013986013986,0.007992007992007992,21,21,0,False,True,6009
small_world,low,long,318,0.001998001998001998,0.001998001998001998,21,21,0,False,True,695
small_world,low,long,319,0.00999000999000999,0.007992007992007992,21,19,-2,False,True,1876
small_world,low,long,320,0.005994005994005994,0.002997002997002997,21,17,-4,False,True,1313
small_world,low,long,321,0.13486513486513488,0.08891108891108891,21,-3,-24,True,False,20020
small_world,low,long,322,0.01898101898101898,0.014985014985014986,21,21,0,False,True,5321
small_world,low,long,323,0.08191808191808192,0.06293706293706294,21,-1,-22,True,True,9732
small_world,low,long,324,0.07292707292707293,0.04595404595404595,21,9,-12,False,True,12799
small_world,low,long,325,0.008991008991008992,0.005994005994005994,21,17,-4,False,True,1131
small_world,low,long,326,0.015984015984015984,0.013986013986013986,21,17,-4,False,True,6635
small_world,low,long,327,0.007992007992007992,0.003996003996003996,21,21,0,False,True,1641
small_world,low,long,328,0.03296703296703297,0.025974025974025976,21,11,-10,False,True,7280
small_world,low,long,329,0.25874125874125875,0.19080919080919082,21,-33,-54,True,False,20020
small_world,low,long,330,0.011988011988011988,0.007992007992007992,21,21,0,False,True,6449
small_world,low,long,331,0.03596403596403597,0.024975024975024976,21,13,-8,False,True,7347
small_world,low,long,332,0.16683316683316685,0.12087912087912088,21,-5,-26,True,False,20020
small_world,low,long,333,0.07392607392607392,0.05094905094905095,21,11,-10,False,True,10038
small_world,low,long,334,0.005994005994005994,0.003996003996003996,21,21,0,False,True,2206
small_world,low,long,335,0.005994005994005994,0.001998001998001998,21,19,-2,False,True,1872
small_world,low,long,336,0.27372627372627373,0.2017982017982018,21,-37,-58,True,False,20020
small_world,low,long,337,0.00999000999000999,0.007992007992007992,21,19,-2,False,True,3316
small_world,low,long,338,0.01098901098901099,0.006993006993006993,21,21,0,False,True,6287
small_world,low,long,339,0.008991008991008992,0.004995004995004995,21,21,0,False,True,4202
small_world,low,long,340,0.013986013986013986,0.00999000999000999,21,19,-2,False,True,4298
small_world,low,long,341,0.03396603396603397,0.023976023976023976,21,17,-4,False,True,7879
small_world,low,long,342,0.022977022977022976,0.011988011988011988,21,15,-6,False,True,9119
small_world,low,long,343,0.1878121878121878,0.14585414585414586,21,-19,-40,True,False,20020
small_world,low,long,344,0.013986013986013986,0.00999000999000999,21,19,-2,False,True,5200
small_world,low,long,345,0.12987012987012986,0.08291708291708291,21,-3,-24,True,True,17809
small_world,low,long,346,0.001998001998001998,0.001998001998001998,21,21,0,False,True,1224
small_world,low,long,347,0.003996003996003996,0.001998001998001998,21,21,0,False,True,2373
small_world,low,long,348,0.19080919080919082,0.13386613386613386,21,-13,-34,True,True,14239
small_world,low,long,349,0.023976023976023976,0.01898101898101898,21,15,-6,False,True,8893
small_world,low,long,350,0.01998001998001998,0.013986013986013986,21,19,-2,False,True,8626
small_world,low,long,351,0.1108891108891109,0.07492507492507493,21,1,-20,False,True,10730
small_world,low,long,352,0.013986013986013986,0.008991008991008992,21,19,-2,False,True,6534
small_world,low,long,353,0.005994005994005994,0.003996003996003996,21,19,-2,False,True,2918
small_world,low,long,354,0.016983016983016984,0.008991008991008992,21,19,-2,False,True,5566
small_world,low,long,355,0.24675324675324675,0.16183816183816183,21,-21,-42,True,False,20020
small_world,low,long,356,0.12487512487512488,0.08491508491508491,21,5,-16,False,True,10661
small_world,low,long,357,0.058941058941058944,0.04295704295704296,21,11,-10,False,True,9259
small_world,low,long,358,0.08491508491508491,0.059940059940059943,21,3,-18,False,True,8447
small_world,low,long,359,0.01998001998001998,0.014985014985014986,21,21,0,False,True,5379
small_world,low,long,360,0.017982017982017984,0.011988011988011988,21,19,-2,False,True,4635
small_world,low,long,361,0.04895104895104895,0.03596403596403597,21,9,-12,False,True,13333
small_world,low,long,362,0.00999000999000999,0.006993006993006993,21,21,0,False,True,4928
small_world,low,long,363,0.10589410589410589,0.06793206793206794,21,5,-16,False,True,11382
small_world,low,long,364,0.007992007992007992,0.005994005994005994,21,21,0,False,True,3577
small_world,low,long,365,0.2047952047952048,0.14985014985014986,21,-27,-48,True,False,20020
small_world,low,long,366,0.006993006993006993,0.006993006993006993,21,19,-2,False,True,1803
small_world,low,long,367,0.001998001998001998,0.001998001998001998,21,21,0,False,True,2247
small_world,low,long,368,0.00999000999000999,0.006993006993006993,21,21,0,False,True,4118
small_world,low,long,369,0.04495504495504495,0.03396603396603397,21,15,-6,False,True,9074
small_world,low,long,370,0.001998001998001998,0.000999000999000999,21,19,-2,False,True,584
small_world,low,long,371,0.013986013986013986,0.00999000999000999,21,21,0,False,True,2571
small_world,low,long,372,0.01098901098901099,0.004995004995004995,21,21,0,False,True,3387
small_world,low,long,373,0.013986013986013986,0.008991008991008992,21,19,-2,False,True,9955
small_world,low,long,374,0.11488511488511488,0.08691308691308691,21,5,-16,False,False,20020
small_world,low,long,375,0.03396603396603397,0.025974025974025976,21,7,-14,False,True,6644
small_world,low,long,376,0.09090909090909091,0.06993006993006994,21,11,-10,False,True,10791
small_world,low,long,377,0.22777222777222778,0.15184815184815184,21,-11,-32,True,True,18314
small_world,low,long,378,0.01098901098901099,0.006993006993006993,21,21,0,False,True,3371
small_world,low,long,379,0.23276723276723277,0.18181818181818182,21,-31,-52,True,False,20020
small_world,low,long,380,0.02197802197802198,0.014985014985014986,21,15,-6,False,True,4632
small_world,low,long,381,0.025974025974025976,0.01998001998001998,21,13,-8,False,True,6868
small_world,low,long,382,0.001998001998001998,0.000999000999000999,21,21,0,False,True,1369
small_world,low,long,383,0.013986013986013986,0.008991008991008992,21,21,0,False,True,5194
small_world,low,long,384,0.03596403596403597,0.023976023976023976,21,19,-2,False,True,6545
small_world,low,long,385,0.052947052947052944,0.03896103896103896,21,9,-12,False,True,10576
small_world,low,long,386,0.01998001998001998,0.014985014985014986,21,13,-8,False,True,5198
small_world,low,long,387,0.04595404595404595,0.03496503496503497,21,-1,-22,True,True,7167
small_world,low,long,388,0.056943056943056944,0.03696303696303696,21,17,-4,False,True,12419
small_world,low,long,389,0.015984015984015984,0.00999000999000999,21,19,-2,False,True,4046
small_world,low,long,390,0.005994005994005994,0.003996003996003996,21,21,0,False,True,3413
small_world,low,long,391,0.03396603396603397,0.025974025974025976,21,13,-8,False,True,6897
small_world,low,long,392,0.002997002997002997,0.000999000999000999,21,21,0,False,True,1817
small_world,low,long,393,0.013986013986013986,0.01098901098901099,21,19,-2,False,True,4917
small_world,low,long,394,0.008991008991008992,0.007992007992007992,21,19,-2,False,True,5028
small_world,low,long,395,0.005994005994005994,0.003996003996003996,21,19,-2,False,True,2570
small_world,low,long,396,0.16083916083916083,0.12687312687312688,21,-27,-48,True,True,14562
small_world,low,long,397,0.13986013986013987,0.1008991008991009,21,1,-20,False,True,11083
small_world,low,long,398,0.03396603396603397,0.023976023976023976,21,15,-6,False,True,8305
small_world,low,long,399,0.12887112887112886,0.08591408591408592,21,5,-16,False,True,15624
small_world,low,long,400,0.001998001998001998,0.000999000999000999,21,21,0,False,True,494
small_world,low,long,401,0.011988011988011988,0.007992007992007992,21,15,-6,False,True,4849
small_world,low,long,402,0.003996003996003996,0.001998001998001998,21,21,0,False,True,3316
small_world,low,long,403,0.004995004995004995,0.003996003996003996,21,19,-2,False,True,1831
small_world,low,long,404,0.22477522477522477,0.16883116883116883,21,-19,-40,True,False,20020
small_world,low,long,405,0.16083916083916083,0.11888111888111888,21,-1,-22,True,False,20020
small_world,low,long,406,0.027972027972027972,0.017982017982017984,21,13,-8,False,True,3044
small_world,low,long,407,0.005994005994005994,0.002997002997002997,21,19,-2,False,True,2532
small_world,low,long,408,0.005994005994005994,0.004995004995004995,21,19,-2,False,True,1529
small_world,low,long,409,0.002997002997002997,0.001998001998001998,21,21,0,False,True,2256
small_world,low,long,410,0.06893106893106893,0.04795204795204795,21,9,-12,False,True,12521
small_world,low,long,411,0.061938061938061936,0.03696303696303696,21,5,-16,False,True,11285
small_world,low,long,412,0.01098901098901099,0.008991008991008992,21,17,-4,False,True,2190
small_world,low,long,413,0.026973026973026972,0.01898101898101898,21,17,-4,False,True,7756
small_world,low,long,414,0.011988011988011988,0.006993006993006993,21,21,0,False,True,4106
small_world,low,long,415,0.004995004995004995,0.001998001998001998,21,21,0,False,True,2401
small_world,low,long,416,0.004995004995004995,0.002997002997002997,21,19,-2,False,True,1280
small_world,low,long,417,0.006993006993006993,0.004995004995004995,21,19,-2,False,True,3402
small_world,low,long,418,0.022977022977022976,0.011988011988011988,21,17,-4,False,True,11916
small_world,low,long,419,0.016983016983016984,0.011988011988011988,21,21,0,False,True,5552
small_world,low,long,420,0.01098901098901099,0.005994005994005994,21,17,-4,False,True,3288
small_world,low,long,421,0.027972027972027972,0.024975024975024976,21,11,-10,False,True,6842
small_world,low,long,422,0.04095904095904096,0.022977022977022976,21,15,-6,False,True,13932
small_world,low,long,423,0.18981018981018982,0.13886113886113885,21,-9,-30,True,False,20020
small_world,low,long,424,0.027972027972027972,0.02097902097902098,21,17,-4,False,True,6872
small_world,low,long,425,0.027972027972027972,0.01998001998001998,21,21,0,False,True,4449
small_world,low,long,426,0.015984015984015984,0.011988011988011988,21,15,-6,False,True,6516
small_world,low,long,427,0.02197802197802198,0.013986013986013986,21,17,-4,False,True,7985
small_world,low,long,428,0.013986013986013986,0.008991008991008992,21,17,-4,False,True,3252
small_world,low,long,429,0.12687312687312688,0.08291708291708291,21,-3,-24,True,True,14834
small_world,low,long,430,0.03496503496503497,0.027972027972027972,21,11,-10,False,True,7867
small_world,low,long,431,0.00999000999000999,0.005994005994005994,21,19,-2,False,True,5914
small_world,low,long,432,0.0979020979020979,0.06893106893106893,21,7,-14,False,True,15914
small_world,low,long,433,0.06993006993006994,0.04895104895104895,21,9,-12,False,True,12466
small_world,low,long,434,0.01898101898101898,0.017982017982017984,21,17,-4,False,True,7587
small_world,low,long,435,0.01098901098901099,0.005994005994005994,21,21,0,False,True,3870
small_world,low,long,436,0.24475524475524477,0.17282717282717283,21,-21,-42,True,True,19174
small_world,low,long,437,0.023976023976023976,0.015984015984015984,21,21,0,False,True,10478
small_world,low,long,438,0.01898101898101898,0.011988011988011988,21,19,-2,False,True,4269
small_world,low,long,439,0.003996003996003996,0.001998001998001998,21,21,0,False,True,2604
small_world,low,long,440,0.14785214785214784,0.1028971028971029,21,-15,-36,True,True,14889
small_world,low,long,441,0.008991008991008992,0.002997002997002997,21,21,0,False,True,5292
small_world,low,long,442,0.16383616383616384,0.11688311688311688,21,-5,-26,True,True,13453
small_world,low,long,443,0.17682317682317683,0.12487512487512488,21,-17,-38,True,True,17591
small_world,low,long,444,0.1008991008991009,0.06993006993006994,21,-1,-22,True,True,11225
small_world,low,long,445,0.004995004995004995,0.004995004995004995,21,19,-2,False,True,1657
small_world,low,long,446,0.1108891108891109,0.06693306693306693,21,1,-20,False,True,16896
small_world,low,long,447,0.16983016983016982,0.11288711288711288,21,-7,-28,True,True,15969
small_world,low,long,448,0.001998001998001998,0.001998001998001998,21,21,0,False,True,699
small_world,low,long,449,0.011988011988011988,0.00999000999000999,21,15,-6,False,True,3330
small_world,low,long,450,0.28471528471528473,0.21078921078921078,21,-37,-58,True,False,20020
small_world,low,long,451,0.002997002997002997,0.000999000999000999,21,21,0,False,True,2053
small_world,low,long,452,0.022977022977022976,0.01098901098901099,21,15,-6,False,True,4411
small_world,low,long,453,0.07692307692307693,0.055944055944055944,21,9,-12,False,True,12400
small_world,low,long,454,0.006993006993006993,0.005994005994005994,21,21,0,False,True,2067
small_world,low,long,455,0.03196803196803197,0.023976023976023976,21,15,-6,False,True,6080
small_world,low,long,456,0.01898101898101898,0.011988011988011988,21,21,0,False,True,9585
small_world,low,long,457,0.013986013986013986,0.01098901098901099,21,19,-2,False,True,4629
small_world,low,long,458,0.016983016983016984,0.008991008991008992,21,21,0,False,True,8396
small_world,low,long,459,0.15984015984015984,0.12287712287712288,21,-7,-28,True,False,20020
small_world,low,long,460,0.17182817182817184,0.12487512487512488,21,-15,-36,True,False,20020
small_world,low,long,461,0.04695304695304695,0.030969030969030968,21,13,-8,False,True,11062
small_world,low,long,462,0.004995004995004995,0.002997002997002997,21,21,0,False,True,979
small_world,low,long,463,0.32367632367632365,0.2177822177822178,21,-33,-54,True,False,20020
small_world,low,long,464,0.03796203796203796,0.030969030969030968,21,13,-8,False,True,11403
small_world,low,long,465,0.01098901098901099,0.005994005994005994,21,19,-2,False,True,3175
small_world,low,long,466,0.01898101898101898,0.013986013986013986,21,15,-6,False,True,7074
small_world,low,long,467,0.004995004995004995,0.002997002997002997,21,21,0,False,True,2004
small_world,low,long,468,0.005994005994005994,0.002997002997002997,21,19,-2,False,True,1552
small_world,low,long,469,0.24975024975024976,0.17882117882117882,21,-19,-40,True,False,20020
small_world,low,long,470,0.004995004995004995,0.003996003996003996,21,19,-2,False,True,2451
small_world,low,long,471,0.012987012987012988,0.008991008991008992,21,19,-2,False,True,4937
small_world,low,long,472,0.004995004995004995,0.001998001998001998,21,21,0,False,True,743
small_world,low,long,473,0.017982017982017984,0.012987012987012988,21,17,-4,False,True,7090
small_world,low,long,474,0.00999000999000999,0.006993006993006993,21,21,0,False,True,4416
small_world,low,long,475,0.03796203796203796,0.025974025974025976,21,7,-14,False,True,6078
small_world,low,long,476,0.013986013986013986,0.00999000999000999,21,19,-2,False,True,3086
small_world,low,long,477,0.23776223776223776,0.17482517482517482,21,-13,-34,True,False,20020
small_world,low,long,478,0.3166833166833167,0.23676323676323677,21,-29,-50,True,False,20020
small_world,low,long,479,0.003996003996003996,0.001998001998001998,21,21,0,False,True,1464
small_world,low,long,480,0.03296703296703297,0.02097902097902098,21,19,-2,False,True,7255
small_world,low,long,481,0.01098901098901099,0.005994005994005994,21,21,0,False,True,3200
small_world,low,long,482,0.22077922077922077,0.14985014985014986,21,-15,-36,True,True,18824
small_world,low,long,483,0.003996003996003996,0.001998001998001998,21,21,0,False,True,3988
small_world,low,long,484,0.15284715284715283,0.11388611388611389,21,-3,-24,True,False,20020
small_world,low,long,485,0.014985014985014986,0.00999000999000999,21,19,-2,False,True,3135
small_world,low,long,486,0.001998001998001998,0.000999000999000999,21,21,0,False,True,2642
small_world,low,long,487,0.01998001998001998,0.013986013986013986,21,19,-2,False,True,3723
small_world,low,long,488,0.017982017982017984,0.01098901098901099,21,17,-4,False,True,5775
small_world,low,long,489,0.17782217782217782,0.12987012987012986,21,1,-20,False,False,20020
small_world,low,long,490,0.1998001998001998,0.14385614385614387,21,-27,-48,True,False,20020
small_world,low,long,491,0.08591408591408592,0.055944055944055944,21,9,-12,False,True,9992
small_world,low,long,492,0.001998001998001998,0.001998001998001998,21,21,0,False,True,336
small_world,low,long,493,0.01098901098901099,0.006993006993006993,21,17,-4,False,True,4132
small_world,low,long,494,0.04295704295704296,0.030969030969030968,21,13,-8,False,True,7461
small_world,low,long,495,0.22977022977022976,0.16283716283716285,21,-25,-46,True,False,20020
small_world,low,long,496,0.001998001998001998,0.001998001998001998,21,21,0,False,True,433
small_world,low,long,497,0.17282717282717283,0.1258741258741259,21,-5,-26,True,False,20020
small_world,low,long,498,0.005994005994005994,0.003996003996003996,21,21,0,False,True,4452
small_world,low,long,499,0.014985014985014986,0.00999000999000999,21,15,-6,False,True,3771
small_world,low,long,500,0.055944055944055944,0.04295704295704296,21,15,-6,False,True,9241
small_world,low,long,501,0.008991008991008992,0.003996003996003996,21,19,-2,False,True,2698
small_world,low,long,502,0.06993006993006994,0.04595404595404595,21,7,-14,False,True,14031
small_world,low,long,503,0.00999000999000999,0.004995004995004995,21,19,-2,False,True,3484
small_world,low,long,504,0.15184815184815184,0.10989010989010989,21,-15,-36,True,True,14742
small_world,low,long,505,0.13386613386613386,0.1018981018981019,21,-3,-24,True,True,19278
small_world,low,long,506,0.07992007992007992,0.057942057942057944,21,-5,-26,True,True,16553
small_world,low,long,507,0.001998001998001998,0.000999000999000999,21,19,-2,False,True,1167
small_world,low,long,508,0.060939060939060936,0.03696303696303696,21,17,-4,False,True,13225
small_world,low,long,509,0.024975024975024976,0.017982017982017984,21,15,-6,False,True,9645
small_world,low,long,510,0.015984015984015984,0.011988011988011988,21,19,-2,False,True,2868
small_world,low,long,511,0.01098901098901099,0.006993006993006993,21,19,-2,False,True,3728
small_world,low,long,512,0.25574425574425574,0.18581418581418582,21,-17,-38,True,False,20020
small_world,low,long,513,0.2007992007992008,0.14485514485514486,21,-11,-32,True,True,19103
small_world,low,long,514,0.14985014985014986,0.1028971028971029,21,-5,-26,True,False,20020
small_world,low,long,515,0.03896103896103896,0.026973026973026972,21,15,-6,False,True,6932
small_world,low,long,516,0.03696303696303696,0.028971028971028972,21,17,-4,False,True,11132
small_world,low,long,517,0.001998001998001998,0.001998001998001998,21,19,-2,False,True,339
small_world,low,long,518,0.06293706293706294,0.04395604395604396,21,9,-12,False,True,14787
small_world,low,long,519,0.001998001998001998,0.000999000999000999,21,21,0,False,True,281
small_world,low,long,520,0.001998001998001998,0.000999000999000999,21,19,-2,False,True,640
small_world,low,long,521,0.014985014985014986,0.011988011988011988,21,19,-2,False,True,6961
small_world,low,long,522,0.01098901098901099,0.008991008991008992,21,19,-2,False,True,2438
small_world,low,long,523,0.03496503496503497,0.023976023976023976,21,15,-6,False,True,7917
small_world,low,long,524,0.11488511488511488,0.07992007992007992,21,1,-20,False,True,12760
small_world,low,long,525,0.04395604395604396,0.029970029970029972,21,17,-4,False,True,8340
small_world,low,long,526,0.007992007992007992,0.003996003996003996,21,21,0,False,True,1013
small_world,low,long,527,0.3086913086913087,0.22277722277722278,21,-31,-52,True,False,20020
small_world,low,long,528,0.01098901098901099,0.006993006993006993,21,19,-2,False,True,3753
small_world,low,long,529,0.017982017982017984,0.007992007992007992,21,21,0,False,True,6091
small_world,low,long,530,0.07092907092907093,0.04695304695304695,21,1,-20,False,True,9602
small_world,low,long,531,0.005994005994005994,0.005994005994005994,21,21,0,False,True,1322
small_world,low,long,532,0.004995004995004995,0.001998001998001998,21,21,0,False,True,1685
small_world,low,long,533,0.04495504495504495,0.025974025974025976,21,15,-6,False,True,8073
small_world,low,long,534,0.04895104895104895,0.030969030969030968,21,11,-10,False,True,10019
small_world,low,long,535,0.04295704295704296,0.029970029970029972,21,19,-2,False,True,6986
small_world,low,long,536,0.057942057942057944,0.03796203796203796,21,7,-14,False,True,9699
small_world,low,long,537,0.004995004995004995,0.003996003996003996,21,17,-4,False,True,1790
small_world,low,long,538,0.013986013986013986,0.007992007992007992,21,19,-2,False,True,3169
small_world,low,long,539,0.03696303696303696,0.022977022977022976,21,13,-8,False,True,9640
small_world,low,long,540,0.004995004995004995,0.004995004995004995,21,21,0,False,True,2048
small_world,low,long,541,0.24075924075924077,0.17682317682317683,21,-19,-40,True,False,20020
small_world,low,long,542,0.013986013986013986,0.00999000999000999,21,21,0,False,True,5377
small_world,low,long,543,0.08891108891108891,0.06593406593406594,21,5,-16,False,True,12833
small_world,low,long,544,0.01998001998001998,0.014985014985014986,21,15,-6,False,True,3924
small_world,low,long,545,0.061938061938061936,0.04595404595404595,21,17,-4,False,True,11308
small_world,low,long,546,0.017982017982017984,0.012987012987012988,21,19,-2,False,True,6511
small_world,low,long,547,0.006993006993006993,0.004995004995004995,21,13,-8,False,True,1844
small_world,low,long,548,0.005994005994005994,0.002997002997002997,21,19,-2,False,True,2081
small_world,low,long,549,0.06393606393606394,0.04095904095904096,21,1,-20,False,True,10006
small_world,low,long,550,0.08491508491508491,0.060939060939060936,21,5,-16,False,True,14715
small_world,low,long,551,0.03296703296703297,0.024975024975024976,21,9,-12,False,True,7461
small_world,low,long,552,0.001998001998001998,0.000999000999000999,21,21,0,False,True,567
small_world,low,long,553,0.011988011988011988,0.008991008991008992,21,19,-2,False,True,4103
small_world,low,long,554,0.01098901098901099,0.006993006993006993,21,17,-4,False,True,4206
small_world,low,long,555,0.004995004995004995,0.002997002997002997,21,21,0,False,True,2699
small_world,low,long,556,0.1088911088911089,0.08191808191808192,21,3,-18,False,True,17877
small_world,low,long,557,0.00999000999000999,0.007992007992007992,21,15,-6,False,True,2972
small_world,low,long,558,0.030969030969030968,0.02097902097902098,21,11,-10,False,True,9945
small_world,low,long,559,0.1068931068931069,0.07292707292707293,21,9,-12,False,True,11354
small_world,low,long,560,0.001998001998001998,0.000999000999000999,21,21,0,False,True,844
small_world,low,long,561,0.001998001998001998,0.000999000999000999,21,21,0,False,True,938
small_world,low,long,562,0.053946053946053944,0.03696303696303696,21,11,-10,False,True,9832
small_world,low,long,563,0.017982017982017984,0.013986013986013986,21,17,-4,False,True,3966
small_world,low,long,564,0.2097902097902098,0.14685314685314685,21,-19,-40,True,False,20020
small_world,low,long,565,0.08491508491508491,0.06393606393606394,21,5,-16,False,True,15128
small_world,low,long,566,0.008991008991008992,0.004995004995004995,21,21,0,False,True,3026
small_world,low,long,567,0.007992007992007992,0.003996003996003996,21,21,0,False,True,3021
small_world,low,long,568,0.028971028971028972,0.016983016983016984,21,15,-6,False,True,9398
small_world,low,long,569,0.014985014985014986,0.008991008991008992,21,19,-2,False,True,4419
small_world,low,long,570,0.03496503496503497,0.025974025974025976,21,19,-2,False,True,6550
small_world,low,long,571,0.2017982017982018,0.14785214785214784,21,-23,-44,True,True,19145
small_world,low,long,572,0.06793206793206794,0.04995004995004995,21,3,-18,False,True,9773
small_world,low,long,573,0.003996003996003996,0.001998001998001998,21,21,0,False,True,3139
small_world,low,long,574,0.017982017982017984,0.013986013986013986,21,17,-4,False,True,6209
small_world,low,long,575,0.03896103896103896,0.025974025974025976,21,11,-10,False,True,9219
small_world,low,long,576,0.08791208791208792,0.061938061938061936,21,5,-16,False,True,18224
small_world,low,long,577,0.054945054945054944,0.03796203796203796,21,21,0,False,True,10173
small_world,low,long,578,0.012987012987012988,0.00999000999000999,21,19,-2,False,True,4963
small_world,low,long,579,0.002997002997002997,0.000999000999000999,21,21,0,False,True,2419
small_world,low,long,580,0.16583416583416583,0.12687312687312688,21,-15,-36,True,True,13994
small_world,low,long,581,0.012987012987012988,0.008991008991008992,21,19,-2,False,True,4023
small_world,low,long,582,0.11788211788211789,0.08491508491508491,21,-7,-28,True,True,17930
small_world,low,long,583,0.17582417582417584,0.12087912087912088,21,-13,-34,True,True,15602
small_world,low,long,584,0.08491508491508491,0.052947052947052944,21,9,-12,False,False,20020
small_world,low,long,585,0.06293706293706294,0.04295704295704296,21,11,-10,False,True,12817
small_world,low,long,586,0.11488511488511488,0.08491508491508491,21,-5,-26,True,True,12818
small_world,low,long,587,0.03296703296703297,0.016983016983016984,21,19,-2,False,True,5005
small_world,low,long,588,0.04395604395604396,0.028971028971028972,21,9,-12,False,True,8664
small_world,low,long,589,0.002997002997002997,0.000999000999000999,21,21,0,False,True,2041
small_world,low,long,590,0.23876123876123875,0.17382617382617382,21,-17,-38,True,True,18608
small_world,low,long,591,0.03896103896103896,0.026973026973026972,21,15,-6,False,True,11641
small_world,low,long,592,0.06693306693306693,0.04895104895104895,21,15,-6,False,True,12700
small_world,low,long,593,0.027972027972027972,0.016983016983016984,21,15,-6,False,True,11129
small_world,low,long,594,0.07492507492507493,0.05194805194805195,21,15,-6,False,True,8633
small_world,low,long,595,0.007992007992007992,0.004995004995004995,21,19,-2,False,True,4822
small_world,low,long,596,0.014985014985014986,0.011988011988011988,21,15,-6,False,True,4512
small_world,low,long,597,0.16583416583416583,0.11988011988011989,21,-5,-26,True,True,15199
small_world,low,long,598,0.04895104895104895,0.03296703296703297,21,5,-16,False,True,7610
small_world,low,long,599,0.006993006993006993,0.005994005994005994,21,19,-2,False,True,2409
small_world,low,long,600,0.001998001998001998,0.000999000999000999,21,21,0,False,True,817
small_world,low,long,601,0.012987012987012988,0.007992007992007992,21,19,-2,False,True,3198
small_world,low,long,602,0.013986013986013986,0.00999000999000999,21,13,-8,False,True,5375
small_world,low,long,603,0.07392607392607392,0.053946053946053944,21,1,-20,False,True,13475
small_world,low,long,604,0.013986013986013986,0.012987012987012988,21,21,0,False,True,3699
small_world,low,long,605,0.003996003996003996,0.001998001998001998,21,21,0,False,True,1564
small_world,low,long,606,0.04395604395604396,0.03296703296703297,21,11,-10,False,True,10606
small_world,low,long,607,0.07892107892107893,0.054945054945054944,21,11,-10,False,True,18371
small_world,low,long,608,0.016983016983016984,0.01098901098901099,21,17,-4,False,True,7483
small_world,low,long,609,0.026973026973026972,0.016983016983016984,21,15,-6,False,True,5927
small_world,low,long,610,0.07192807192807193,0.04995004995004995,21,1,-20,False,True,11006
small_world,low,long,611,0.005994005994005994,0.003996003996003996,21,19,-2,False,True,2350
small_world,low,long,612,0.1798201798201798,0.12287712287712288,21,-9,-30,True,True,13708
small_world,low,long,613,0.002997002997002997,0.001998001998001998,21,19,-2,False,True,1207
small_world,low,long,614,0.12287712287712288,0.08791208791208792,21,5,-16,False,True,16979
small_world,low,long,615,0.04295704295704296,0.029970029970029972,21,11,-10,False,True,7515
small_world,low,long,616,0.0969030969030969,0.07092907092907093,21,9,-12,False,True,10697
small_world,low,long,617,0.014985014985014986,0.011988011988011988,21,21,0,False,True,4643
small_world,low,long,618,0.05194805194805195,0.03596403596403597,21,7,-14,False,True,7862
small_world,low,long,619,0.04195804195804196,0.030969030969030968,21,9,-12,False,True,6532
small_world,low,long,620,0.003996003996003996,0.001998001998001998,21,17,-4,False,True,1582
small_world,low,long,621,0.04895104895104895,0.03396603396603397,21,9,-12,False,True,5781
small_world,low,long,622,0.04295704295704296,0.030969030969030968,21,15,-6,False,True,7067
small_world,low,long,623,0.013986013986013986,0.007992007992007992,21,21,0,False,True,5474
small_world,low,long,624,0.012987012987012988,0.006993006993006993,21,21,0,False,True,3271
small_world,low,long,625,0.001998001998001998,0.000999000999000999,21,21,0,False,True,1969
small_world,low,long,626,0.001998001998001998,0.001998001998001998,21,19,-2,False,True,254
small_world,low,long,627,0.0919080919080919,0.059940059940059943,21,3,-18,False,True,9639
small_world,low,long,628,0.06593406593406594,0.05094905094905095,21,1,-20,False,True,16511
small_world,low,long,629,0.14385614385614387,0.10789210789210789,21,-17,-38,True,True,18369
small_world,low,long,630,0.005994005994005994,0.001998001998001998,21,21,0,False,True,2789
small_world,low,long,631,0.03596403596403597,0.027972027972027972,21,9,-12,False,True,7726
small_world,low,long,632,0.11888111888111888,0.08591408591408592,21,-3,-24,True,False,20020
small_world,low,long,633,0.1888111888111888,0.13086913086913088,21,-21,-42,True,True,15410
small_world,low,long,634,0.008991008991008992,0.004995004995004995,21,21,0,False,True,2659
small_world,low,long,635,0.13186813186813187,0.0919080919080919,21,-5,-26,True,False,20020
small_world,low,long,636,0.002997002997002997,0.000999000999000999,21,21,0,False,True,571
small_world,low,long,637,0.016983016983016984,0.011988011988011988,21,19,-2,False,True,3367
small_world,low,long,638,0.01898101898101898,0.014985014985014986,21,17,-4,False,True,7031
small_world,low,long,639,0.17382617382617382,0.12887112887112886,21,-5,-26,True,False,20020
small_world,low,long,640,0.22977022977022976,0.16083916083916083,21,-9,-30,True,False,20020
small_world,low,long,641,0.09490509490509491,0.06593406593406594,21,5,-16,False,True,19544
small_world,low,long,642,0.002997002997002997,0.001998001998001998,21,21,0,False,True,919
small_world,low,long,643,0.006993006993006993,0.003996003996003996,21,21,0,False,True,2847
small_world,low,long,644,0.03196803196803197,0.025974025974025976,21,11,-10,False,True,8760
small_world,low,long,645,0.1028971028971029,0.06593406593406594,21,5,-16,False,True,18892
small_world,low,long,646,0.012987012987012988,0.008991008991008992,21,19,-2,False,True,3746
small_world,low,long,647,0.030969030969030968,0.023976023976023976,21,13,-8,False,True,7145
small_world,low,long,648,0.09290709290709291,0.059940059940059943,21,-1,-22,True,True,11684
small_world,low,long,649,0.006993006993006993,0.003996003996003996,21,19,-2,False,True,3026
small_world,low,long,650,0.17282717282717283,0.11988011988011989,21,-9,-30,True,True,13426
small_world,low,long,651,0.004995004995004995,0.003996003996003996,21,21,0,False,True,1374
small_world,low,long,652,0.016983016983016984,0.01098901098901099,21,17,-4,False,True,7889
small_world,low,long,653,0.005994005994005994,0.004995004995004995,21,21,0,False,True,1436
small_world,low,long,654,0.005994005994005994,0.003996003996003996,21,21,0,False,True,2324
small_world,low,long,655,0.08191808191808192,0.057942057942057944,21,9,-12,False,True,10639
small_world,low,long,656,0.012987012987012988,0.01098901098901099,21,17,-4,False,True,3154
small_world,low,long,657,0.15284715284715283,0.1028971028971029,21,-7,-28,True,True,13753
small_world,low,long,658,0.005994005994005994,0.003996003996003996,21,21,0,False,True,3616
small_world,low,long,659,0.004995004995004995,0.003996003996003996,21,21,0,False,True,6789
small_world,low,long,660,0.02197802197802198,0.00999000999000999,21,17,-4,False,True,5119
small_world,low,long,661,0.004995004995004995,0.002997002997002997,21,21,0,False,True,1045
small_world,low,long,662,0.015984015984015984,0.006993006993006993,21,19,-2,False,True,5220
small_world,low,long,663,0.001998001998001998,0.001998001998001998,21,21,0,False,True,1625
small_world,low,long,664,0.15484515484515485,0.11388611388611389,21,-5,-26,True,False,20020
small_world,low,long,665,0.01898101898101898,0.011988011988011988,21,17,-4,False,True,7475
small_world,low,long,666,0.006993006993006993,0.005994005994005994,21,15,-6,False,True,4322
small_world,low,long,667,0.001998001998001998,0.001998001998001998,21,21,0,False,True,570
small_world,low,long,668,0.008991008991008992,0.006993006993006993,21,15,-6,False,True,2179
small_world,low,long,669,0.001998001998001998,0.000999000999000999,21,21,0,False,True,905
small_world,low,long,670,0.002997002997002997,0.000999000999000999,21,19,-2,False,True,845
small_world,low,long,671,0.004995004995004995,0.002997002997002997,21,17,-4,False,True,1514
small_world,low,long,672,0.0959040959040959,0.07292707292707293,21,1,-20,False,True,13162
small_world,low,long,673,0.01098901098901099,0.007992007992007992,21,21,0,False,True,7089
small_world,low,long,674,0.21678321678321677,0.16083916083916083,21,-19,-40,True,False,20020
small_world,low,long,675,0.13086913086913088,0.09290709290709291,21,3,-18,False,False,20020
small_world,low,long,676,0.025974025974025976,0.02097902097902098,21,19,-2,False,True,8230
small_world,low,long,677,0.09490509490509491,0.06493506493506493,21,3,-18,False,True,16678
small_world,low,long,678,0.005994005994005994,0.004995004995004995,21,21,0,False,True,2627
small_world,low,long,679,0.12287712287712288,0.08391608391608392,21,5,-16,False,True,17405
small_world,low,long,680,0.07992007992007992,0.04995004995004995,21,7,-14,False,True,14411
small_world,low,long,681,0.007992007992007992,0.001998001998001998,21,21,0,False,True,4170
small_world,low,long,682,0.017982017982017984,0.008991008991008992,21,19,-2,False,True,4976
small_world,low,long,683,0.17482517482517482,0.12887112887112886,21,-5,-26,True,True,14895
small_world,low,long,684,0.003996003996003996,0.002997002997002997,21,21,0,False,True,3813
small_world,low,long,685,0.006993006993006993,0.003996003996003996,21,17,-4,False,True,2394
small_world,low,long,686,0.19480519480519481,0.13586413586413587,21,-17,-38,True,False,20020
small_world,low,long,687,0.13386613386613386,0.08891108891108891,21,-1,-22,True,True,15020
small_world,low,long,688,0.004995004995004995,0.004995004995004995,21,17,-4,False,True,3685
small_world,low,long,689,0.016983016983016984,0.012987012987012988,21,19,-2,False,True,5977
small_world,low,long,690,0.002997002997002997,0.001998001998001998,21,19,-2,False,True,895
small_world,low,long,691,0.015984015984015984,0.01098901098901099,21,13,-8,False,True,3947
small_world,low,long,692,0.03296703296703297,0.022977022977022976,21,15,-6,False,True,12239
small_world,low,long,693,0.017982017982017984,0.01098901098901099,21,17,-4,False,True,6254
small_world,low,long,694,0.01098901098901099,0.006993006993006993,21,19,-2,False,True,2257
small_world,low,long,695,0.007992007992007992,0.005994005994005994,21,19,-2,False,True,3351
small_world,low,long,696,0.013986013986013986,0.01098901098901099,21,21,0,False,True,6079
small_world,low,long,697,0.030969030969030968,0.01998001998001998,21,17,-4,False,True,10262
small_world,low,long,698,0.011988011988011988,0.007992007992007992,21,17,-4,False,True,4583
small_world,low,long,699,0.13186813186813187,0.09090909090909091,21,1,-20,False,True,13857
small_world,low,long,700,0.00999000999000999,0.004995004995004995,21,21,0,False,True,1993
small_world,low,long,701,0.02197802197802198,0.015984015984015984,21,19,-2,False,True,3377
small_world,low,long,702,0.061938061938061936,0.03596403596403597,21,11,-10,False,True,13200
small_world,low,long,703,0.054945054945054944,0.03396603396603397,21,7,-14,False,True,10399
small_world,low,long,704,0.013986013986013986,0.007992007992007992,21,19,-2,False,True,4803
small_world,low,long,705,0.008991008991008992,0.003996003996003996,21,19,-2,False,True,3668
small_world,low,long,706,0.15384615384615385,0.10789210789210789,21,-11,-32,True,False,20020
small_world,low,long,707,0.008991008991008992,0.006993006993006993,21,21,0,False,True,3285
small_world,low,long,708,0.003996003996003996,0.002997002997002997,21,21,0,False,True,3369
small_world,low,long,709,0.013986013986013986,0.01098901098901099,21,15,-6,False,True,6602
small_world,low,long,710,0.04795204795204795,0.03196803196803197,21,15,-6,False,True,10130
small_world,low,long,711,0.1108891108891109,0.08191808191808192,21,5,-16,False,True,12457
small_world,low,long,712,0.03496503496503497,0.025974025974025976,21,19,-2,False,True,9712
small_world,low,long,713,0.008991008991008992,0.006993006993006993,21,17,-4,False,True,2183
small_world,low,long,714,0.011988011988011988,0.006993006993006993,21,21,0,False,True,2734
small_world,low,long,715,0.02197802197802198,0.011988011988011988,21,19,-2,False,True,7635
small_world,low,long,716,0.24975024975024976,0.17582417582417584,21,-35,-56,True,True,17757
small_world,low,long,717,0.16883116883116883,0.11888111888111888,21,-13,-34,True,True,16739
small_world,low,long,718,0.006993006993006993,0.003996003996003996,21,19,-2,False,True,1565
small_world,low,long,719,0.006993006993006993,0.004995004995004995,21,19,-2,False,True,1771
small_world,low,long,720,0.002997002997002997,0.000999000999000999,21,21,0,False,True,2768
small_world,low,long,721,0.02097902097902098,0.012987012987012988,21,21,0,False,True,6153
small_world,low,long,722,0.01998001998001998,0.014985014985014986,21,17,-4,False,True,7838
small_world,low,long,723,0.014985014985014986,0.00999000999000999,21,21,0,False,True,5296
small_world,low,long,724,0.006993006993006993,0.003996003996003996,21,19,-2,False,True,4046
small_world,low,long,725,0.05094905094905095,0.03496503496503497,21,3,-18,False,True,7187
small_world,low,long,726,0.011988011988011988,0.008991008991008992,21,17,-4,False,True,3969
small_world,low,long,727,0.002997002997002997,0.001998001998001998,21,21,0,False,True,1586
small_world,low,long,728,0.001998001998001998,0.000999000999000999,21,21,0,False,True,1893
small_world,low,long,729,0.05194805194805195,0.03196803196803197,21,9,-12,False,True,6005
small_world,low,long,730,0.003996003996003996,0.001998001998001998,21,19,-2,False,True,1224
small_world,low,long,731,0.01098901098901099,0.007992007992007992,21,17,-4,False,True,4450
small_world,low,long,732,0.00999000999000999,0.006993006993006993,21,21,0,False,True,4877
small_world,low,long,733,0.01098901098901099,0.005994005994005994,21,19,-2,False,True,2209
small_world,low,long,734,0.12787212787212787,0.08891108891108891,21,3,-18,False,False,20020
small_world,low,long,735,0.011988011988011988,0.008991008991008992,21,15,-6,False,True,4637
small_world,low,long,736,0.002997002997002997,0.001998001998001998,21,21,0,False,True,1566
small_world,low,long,737,0.001998001998001998,0.001998001998001998,21,19,-2,False,True,791
small_world,low,long,738,0.002997002997002997,0.001998001998001998,21,21,0,False,True,2005
small_world,low,long,739,0.001998001998001998,0.001998001998001998,21,21,0,False,True,165
small_world,low,long,740,0.061938061938061936,0.04895104895104895,21,3,-18,False,True,6862
small_world,low,long,741,0.08091908091908091,0.056943056943056944,21,7,-14,False,True,12934
small_world,low,long,742,0.008991008991008992,0.003996003996003996,21,17,-4,False,True,3798
small_world,low,long,743,0.001998001998001998,0.000999000999000999,21,19,-2,False,True,990
small_world,low,long,744,0.12087912087912088,0.08391608391608392,21,-1,-22,True,True,12793
small_world,low,long,745,0.08891108891108891,0.060939060939060936,21,9,-12,False,True,11277
small_world,low,long,746,0.013986013986013986,0.006993006993006993,21,17,-4,False,True,6965
small_world,low,long,747,0.005994005994005994,0.001998001998001998,21,21,0,False,True,2993
small_world,low,long,748,0.001998001998001998,0.001998001998001998,21,17,-4,False,True,783
small_world,low,long,749,0.02097902097902098,0.012987012987012988,21,15,-6,False,True,6143
small_world,low,long,750,0.016983016983016984,0.012987012987012988,21,17,-4,False,True,6222
small_world,low,long,751,0.00999000999000999,0.006993006993006993,21,17,-4,False,True,4782
small_world,low,long,752,0.001998001998001998,0.001998001998001998,21,19,-2,False,True,664
small_world,low,long,753,0.08791208791208792,0.059940059940059943,21,7,-14,False,True,10954
small_world,low,long,754,0.06893106893106893,0.052947052947052944,21,5,-16,False,True,10255
small_world,low,long,755,0.01098901098901099,0.005994005994005994,21,19,-2,False,True,2598
small_world,low,long,756,0.013986013986013986,0.01098901098901099,21,19,-2,False,True,5364
small_world,low,long,757,0.24575424575424576,0.16583416583416583,21,-23,-44,True,True,19629
small_world,low,long,758,0.012987012987012988,0.007992007992007992,21,19,-2,False,True,5670
small_world,low,long,759,0.005994005994005994,0.003996003996003996,21,21,0,False,True,5057
small_world,low,long,760,0.011988011988011988,0.00999000999000999,21,21,0,False,True,6379
small_world,low,long,761,0.013986013986013986,0.00999000999000999,21,17,-4,False,True,4445
small_world,low,long,762,0.028971028971028972,0.02097902097902098,21,17,-4,False,True,8465
small_world,low,long,763,0.013986013986013986,0.008991008991008992,21,19,-2,False,True,5601
small_world,low,long,764,0.004995004995004995,0.002997002997002997,21,21,0,False,True,3012
small_world,low,long,765,0.016983016983016984,0.012987012987012988,21,21,0,False,True,5402
small_world,low,long,766,0.029970029970029972,0.02097902097902098,21,9,-12,False,True,7575
small_world,low,long,767,0.06393606393606394,0.04195804195804196,21,13,-8,False,True,9316
small_world,low,long,768,0.023976023976023976,0.017982017982017984,21,13,-8,False,True,6055
small_world,low,long,769,0.15484515484515485,0.1048951048951049,21,-7,-28,True,True,18380
small_world,low,long,770,0.03796203796203796,0.02197802197802198,21,13,-8,False,True,10207
small_world,low,long,771,0.002997002997002997,0.001998001998001998,21,19,-2,False,True,294
small_world,low,long,772,0.04295704295704296,0.03296703296703297,21,7,-14,False,True,7881
small_world,low,long,773,0.013986013986013986,0.012987012987012988,21,21,0,False,True,5320
small_world,low,long,774,0.005994005994005994,0.002997002997002997,21,19,-2,False,True,1684
small_world,low,long,775,0.24175824175824176,0.1798201798201798,21,-35,-56,True,False,20020
small_world,low,long,776,0.006993006993006993,0.002997002997002997,21,19,-2,False,True,4686
small_world,low,long,777,0.23376623376623376,0.16683316683316685,21,-17,-38,True,True,17029
small_world,low,long,778,0.04495504495504495,0.030969030969030968,21,11,-10,False,True,13954
small_world,low,long,779,0.0989010989010989,0.07292707292707293,21,7,-14,False,True,11346
small_world,low,long,780,0.001998001998001998,0.000999000999000999,21,21,0,False,True,1237
small_world,low,long,781,0.015984015984015984,0.012987012987012988,21,21,0,False,True,2761
small_world,low,long,782,0.005994005994005994,0.003996003996003996,21,21,0,False,True,4992
small_world,low,long,783,0.007992007992007992,0.005994005994005994,21,17,-4,False,True,2531
small_world,low,long,784,0.001998001998001998,0.001998001998001998,21,21,0,False,True,2002
small_world,low,long,785,0.00999000999000999,0.007992007992007992,21,21,0,False,True,3715
small_world,low,long,786,0.058941058941058944,0.03696303696303696,21,13,-8,False,True,11846
small_world,low,long,787,0.017982017982017984,0.01098901098901099,21,19,-2,False,True,5424
small_world,low,long,788,0.013986013986013986,0.008991008991008992,21,19,-2,False,True,4127
small_world,low,long,789,0.002997002997002997,0.001998001998001998,21,21,0,False,True,991
small_world,low,long,790,0.14985014985014986,0.10789210789210789,21,-19,-40,True,False,20020
small_world,low,long,791,0.006993006993006993,0.004995004995004995,21,21,0,False,True,3854
small_world,low,long,792,0.004995004995004995,0.002997002997002997,21,21,0,False,True,1802
small_world,low,long,793,0.03596403596403597,0.022977022977022976,21,19,-2,False,True,8861
small_world,low,long,794,0.001998001998001998,0.001998001998001998,21,21,0,False,True,197
small_world,low,long,795,0.00999000999000999,0.007992007992007992,21,19,-2,False,True,2552
small_world,low,long,796,0.02097902097902098,0.015984015984015984,21,17,-4,False,True,4658
small_world,low,long,797,0.42657342657342656,0.3246753246753247,21,-51,-72,True,False,20020
small_world,low,long,798,0.023976023976023976,0.017982017982017984,21,17,-4,False,True,8475
small_world,low,long,799,0.025974025974025976,0.016983016983016984,21,21,0,False,True,7716
small_world,low,long,800,0.2857142857142857,0.2127872127872128,21,-43,-64,True,False,20020
small_world,low,long,801,0.03896103896103896,0.028971028971028972,21,9,-12,False,True,8560
small_world,low,long,802,0.025974025974025976,0.015984015984015984,21,19,-2,False,True,8012
small_world,low,long,803,0.002997002997002997,0.001998001998001998,21,21,0,False,True,589
small_world,low,long,804,0.2987012987012987,0.20279720279720279,21,-33,-54,True,True,18678
small_world,low,long,805,0.01098901098901099,0.006993006993006993,21,19,-2,False,True,3752
small_world,low,long,806,0.23776223776223776,0.1798201798201798,21,-21,-42,True,False,20020
small_world,low,long,807,0.011988011988011988,0.00999000999000999,21,17,-4,False,True,5558
small_world,low,long,808,0.001998001998001998,0.000999000999000999,21,21,0,False,True,968
small_world,low,long,809,0.002997002997002997,0.001998001998001998,21,21,0,False,True,1393
small_world,low,long,810,0.017982017982017984,0.00999000999000999,21,21,0,False,True,4998
small_world,low,long,811,0.001998001998001998,0.001998001998001998,21,21,0,False,True,551
small_world,low,long,812,0.001998001998001998,0.000999000999000999,21,21,0,False,True,1694
small_world,low,long,813,0.012987012987012988,0.008991008991008992,21,21,0,False,True,3560
small_world,low,long,814,0.03596403596403597,0.026973026973026972,21,11,-10,False,True,11038
small_world,low,long,815,0.008991008991008992,0.006993006993006993,21,19,-2,False,True,4352
small_world,low,long,816,0.03996003996003996,0.027972027972027972,21,11,-10,False,True,11858
small_world,low,long,817,0.003996003996003996,0.003996003996003996,21,21,0,False,True,837
small_world,low,long,818,0.004995004995004995,0.001998001998001998,21,21,0,False,True,1618
small_world,low,long,819,0.27672327672327673,0.1958041958041958,21,-29,-50,True,True,19924
small_world,low,long,820,0.013986013986013986,0.01098901098901099,21,19,-2,False,True,4636
small_world,low,long,821,0.030969030969030968,0.015984015984015984,21,17,-4,False,True,7727
small_world,low,long,822,0.08791208791208792,0.06393606393606394,21,3,-18,False,True,9243
small_world,low,long,823,0.007992007992007992,0.005994005994005994,21,21,0,False,True,5585
small_world,low,long,824,0.057942057942057944,0.04295704295704296,21,19,-2,False,True,7290
small_world,low,long,825,0.04195804195804196,0.028971028971028972,21,15,-6,False,True,15080
small_world,low,long,826,0.011988011988011988,0.005994005994005994,21,19,-2,False,True,4514
small_world,low,long,827,0.024975024975024976,0.016983016983016984,21,21,0,False,True,9569
small_world,low,long,828,0.001998001998001998,0.001998001998001998,21,21,0,False,True,661
small_world,low,long,829,0.016983016983016984,0.00999000999000999,21,19,-2,False,True,6342
small_world,low,long,830,0.09490509490509491,0.06493506493506493,21,3,-18,False,True,16559
small_world,low,long,831,0.0979020979020979,0.07092907092907093,21,-3,-24,True,True,11703
small_world,low,long,832,0.01998001998001998,0.015984015984015984,21,15,-6,False,True,5591
small_world,low,long,833,0.1088911088911089,0.08291708291708291,21,-3,-24,True,True,13934
small_world,low,long,834,0.12287712287712288,0.08691308691308691,21,1,-20,False,True,17151
small_world,low,long,835,0.003996003996003996,0.000999000999000999,21,21,0,False,True,1026
small_world,low,long,836,0.014985014985014986,0.01098901098901099,21,17,-4,False,True,5864
small_world,low,long,837,0.01998001998001998,0.00999000999000999,21,19,-2,False,True,5968
small_world,low,long,838,0.12087912087912088,0.08691308691308691,21,9,-12,False,True,12057
small_world,low,long,839,0.002997002997002997,0.002997002997002997,21,19,-2,False,True,3133
small_world,low,long,840,0.028971028971028972,0.02097902097902098,21,13,-8,False,True,6946
small_world,low,long,841,0.005994005994005994,0.005994005994005994,21,19,-2,False,True,3335
small_world,low,long,842,0.025974025974025976,0.01898101898101898,21,15,-6,False,True,4827
small_world,low,long,843,0.13686313686313686,0.0989010989010989,21,5,-16,False,True,15546
small_world,low,long,844,0.003996003996003996,0.003996003996003996,21,21,0,False,True,512
small_world,low,long,845,0.004995004995004995,0.001998001998001998,21,21,0,False,True,1571
small_world,low,long,846,0.002997002997002997,0.002997002997002997,21,21,0,False,True,1444
small_world,low,long,847,0.053946053946053944,0.03796203796203796,21,5,-16,False,True,7766
small_world,low,long,848,0.2017982017982018,0.15184815184815184,21,-21,-42,True,True,18864
small_world,low,long,849,0.007992007992007992,0.004995004995004995,21,19,-2,False,True,3664
small_world,low,long,850,0.00999000999000999,0.004995004995004995,21,21,0,False,True,4535
small_world,low,long,851,0.003996003996003996,0.001998001998001998,21,19,-2,False,True,718
small_world,low,long,852,0.11688311688311688,0.07992007992007992,21,-3,-24,True,True,11718
small_world,low,long,853,0.006993006993006993,0.002997002997002997,21,19,-2,False,True,1626
small_world,low,long,854,0.03896103896103896,0.026973026973026972,21,19,-2,False,True,11567
small_world,low,long,855,0.11688311688311688,0.08591408591408592,21,-3,-24,True,True,12073
small_world,low,long,856,0.16483516483516483,0.10589410589410589,21,-3,-24,True,True,17543
small_world,low,long,857,0.04395604395604396,0.03196803196803197,21,11,-10,False,True,7244
small_world,low,long,858,0.14085914085914086,0.1008991008991009,21,-15,-36,True,False,20020
small_world,low,long,859,0.008991008991008992,0.006993006993006993,21,21,0,False,True,2992
small_world,low,long,860,0.06493506493506493,0.04595404595404595,21,17,-4,False,True,11714
small_world,low,long,861,0.011988011988011988,0.007992007992007992,21,19,-2,False,True,3087
small_world,low,long,862,0.01098901098901099,0.004995004995004995,21,19,-2,False,True,4437
small_world,low,long,863,0.03296703296703297,0.02197802197802198,21,19,-2,False,True,10993
small_world,low,long,864,0.0939060939060939,0.06893106893106893,21,1,-20,False,True,11710
small_world,low,long,865,0.01098901098901099,0.008991008991008992,21,15,-6,False,True,3902
small_world,low,long,866,0.02197802197802198,0.013986013986013986,21,21,0,False,True,6110
small_world,low,long,867,0.02197802197802198,0.015984015984015984,21,15,-6,False,True,4233
small_world,low,long,868,0.15784215784215785,0.10789210789210789,21,-15,-36,True,True,15710
small_world,low,long,869,0.22377622377622378,0.16083916083916083,21,-25,-46,True,False,20020
small_world,low,long,870,0.03496503496503497,0.023976023976023976,21,15,-6,False,True,13769
small_world,low,long,871,0.01998001998001998,0.011988011988011988,21,13,-8,False,True,8242
small_world,low,long,872,0.030969030969030968,0.023976023976023976,21,13,-8,False,True,5054
small_world,low,long,873,0.1038961038961039,0.07092907092907093,21,5,-16,False,False,20020
small_world,low,long,874,0.052947052947052944,0.03596403596403597,21,17,-4,False,True,10135
small_world,low,long,875,0.13886113886113885,0.1008991008991009,21,-7,-28,True,True,18297
small_world,low,long,876,0.01898101898101898,0.01098901098901099,21,15,-6,False,True,6527
small_world,low,long,877,0.18281718281718282,0.1258741258741259,21,-7,-28,True,True,18146
small_world,low,long,878,0.23376623376623376,0.17082917082917082,21,-13,-34,True,False,20020
small_world,low,long,879,0.029970029970029972,0.01998001998001998,21,15,-6,False,True,9992
small_world,low,long,880,0.04195804195804196,0.03396603396603397,21,11,-10,False,True,8736
small_world,low,long,881,0.03996003996003996,0.024975024975024976,21,19,-2,False,True,12070
small_world,low,long,882,0.015984015984015984,0.013986013986013986,21,15,-6,False,True,2979
small_world,low,long,883,0.005994005994005994,0.003996003996003996,21,21,0,False,True,3124
small_world,low,long,884,0.002997002997002997,0.000999000999000999,21,19,-2,False,True,2450
small_world,low,long,885,0.005994005994005994,0.003996003996003996,21,21,0,False,True,2984
small_world,low,long,886,0.02097902097902098,0.00999000999000999,21,17,-4,False,True,6423
small_world,low,long,887,0.006993006993006993,0.004995004995004995,21,21,0,False,True,1470
small_world,low,long,888,0.013986013986013986,0.008991008991008992,21,17,-4,False,True,8076
small_world,low,long,889,0.10989010989010989,0.08491508491508491,21,9,-12,False,True,9624
small_world,low,long,890,0.005994005994005994,0.003996003996003996,21,19,-2,False,True,3092
small_world,low,long,891,0.12987012987012986,0.08191808191808192,21,3,-18,False,False,20020
small_world,low,long,892,0.1008991008991009,0.07892107892107893,21,3,-18,False,True,14159
small_world,low,long,893,0.12187812187812187,0.08391608391608392,21,-5,-26,True,True,11188
small_world,low,long,894,0.003996003996003996,0.003996003996003996,21,19,-2,False,True,1687
small_world,low,long,895,0.001998001998001998,0.001998001998001998,21,21,0,False,True,449
small_world,low,long,896,0.001998001998001998,0.000999000999000999,21,21,0,False,True,574
small_world,low,long,897,0.002997002997002997,0.001998001998001998,21,21,0,False,True,1001
small_world,low,long,898,0.08591408591408592,0.06293706293706294,21,-1,-22,True,True,14002
small_world,low,long,899,0.005994005994005994,0.003996003996003996,21,21,0,False,True,2003
small_world,low,long,900,0.07992007992007992,0.057942057942057944,21,15,-6,False,True,8329
small_world,low,long,901,0.07092907092907093,0.054945054945054944,21,5,-16,False,True,14259
small_world,low,long,902,0.16483516483516483,0.12087912087912088,21,-7,-28,True,False,20020
small_world,low,long,903,0.05094905094905095,0.03696303696303696,21,11,-10,False,True,18094
small_world,low,long,904,0.001998001998001998,0.001998001998001998,21,21,0,False,True,482
small_world,low,long,905,0.01998001998001998,0.012987012987012988,21,17,-4,False,True,4527
small_world,low,long,906,0.25574425574425574,0.17382617382617382,21,-25,-46,True,False,20020
small_world,low,long,907,0.07792207792207792,0.05194805194805195,21,-1,-22,True,True,14640
small_world,low,long,908,0.001998001998001998,0.001998001998001998,21,21,0,False,True,238
small_world,low,long,909,0.07192807192807193,0.05094905094905095,21,7,-14,False,True,11232
small_world,low,long,910,0.04095904095904096,0.028971028971028972,21,7,-14,False,True,5492
small_world,low,long,911,0.001998001998001998,0.000999000999000999,21,21,0,False,True,630
small_world,low,long,912,0.008991008991008992,0.007992007992007992,21,17,-4,False,True,2868
small_world,low,long,913,0.2177822177822178,0.15884115884115885,21,-25,-46,True,False,20020
small_world,low,long,914,0.02097902097902098,0.012987012987012988,21,17,-4,False,True,8815
small_world,low,long,915,0.00999000999000999,0.007992007992007992,21,21,0,False,True,2327
small_world,low,long,916,0.001998001998001998,0.001998001998001998,21,21,0,False,True,555
small_world,low,long,917,0.03496503496503497,0.01998001998001998,21,13,-8,False,True,8782
small_world,low,long,918,0.11688311688311688,0.08191808191808192,21,7,-14,False,False,20020
small_world,low,long,919,0.016983016983016984,0.011988011988011988,21,19,-2,False,True,9292
small_world,low,long,920,0.0979020979020979,0.07592407592407592,21,7,-14,False,True,11048
small_world,low,long,921,0.07992007992007992,0.053946053946053944,21,1,-20,False,True,11024
small_world,low,long,922,0.001998001998001998,0.001998001998001998,21,21,0,False,True,1665
small_world,low,long,923,0.008991008991008992,0.003996003996003996,21,21,0,False,True,3158
small_world,low,long,924,0.001998001998001998,0.001998001998001998,21,21,0,False,True,409
small_world,low,long,925,0.04695304695304695,0.03396603396603397,21,9,-12,False,True,8673
small_world,low,long,926,0.08391608391608392,0.057942057942057944,21,3,-18,False,True,16772
small_world,low,long,927,0.01098901098901099,0.004995004995004995,21,19,-2,False,True,5421
small_world,low,long,928,0.007992007992007992,0.004995004995004995,21,21,0,False,True,3929
small_world,low,long,929,0.025974025974025976,0.017982017982017984,21,15,-6,False,True,5942
small_world,low,long,930,0.006993006993006993,0.004995004995004995,21,19,-2,False,True,1773
small_world,low,long,931,0.2047952047952048,0.14685314685314685,21,-13,-34,True,True,17687
small_world,low,long,932,0.2817182817182817,0.1958041958041958,21,-31,-52,True,False,20020
small_world,low,long,933,0.003996003996003996,0.001998001998001998,21,19,-2,False,True,1701
small_world,low,long,934,0.3916083916083916,0.2827172827172827,21,-51,-72,True,True,19438
small_world,low,long,935,0.008991008991008992,0.005994005994005994,21,15,-6,False,True,3085
small_world,low,long,936,0.03296703296703297,0.02097902097902098,21,13,-8,False,True,6215
small_world,low,long,937,0.09490509490509491,0.07292707292707293,21,-5,-26,True,True,19109
small_world,low,long,938,0.15684315684315683,0.11388611388611389,21,-11,-32,True,True,18704
small_world,low,long,939,0.006993006993006993,0.003996003996003996,21,19,-2,False,True,1494
small_world,low,long,940,0.014985014985014986,0.013986013986013986,21,15,-6,False,True,3808
small_world,low,long,941,0.04595404595404595,0.03396603396603397,21,11,-10,False,True,8035
small_world,low,long,942,0.029970029970029972,0.01898101898101898,21,13,-8,False,True,7397
small_world,low,long,943,0.23676323676323677,0.15984015984015984,21,-19,-40,True,True,19741
small_world,low,long,944,0.003996003996003996,0.001998001998001998,21,21,0,False,True,1402
small_world,low,long,945,0.015984015984015984,0.015984015984015984,21,13,-8,False,True,4672
small_world,low,long,946,0.003996003996003996,0.003996003996003996,21,19,-2,False,True,775
small_world,low,long,947,0.001998001998001998,0.001998001998001998,21,21,0,False,True,2715
small_world,low,long,948,0.025974025974025976,0.01898101898101898,21,19,-2,False,True,4904
small_world,low,long,949,0.00999000999000999,0.005994005994005994,21,21,0,False,True,4225
small_world,low,long,950,0.006993006993006993,0.003996003996003996,21,21,0,False,True,1546
small_world,low,long,951,0.030969030969030968,0.023976023976023976,21,17,-4,False,True,7447
small_world,low,long,952,0.17482517482517482,0.11988011988011989,21,-11,-32,True,False,20020
small_world,low,long,953,0.005994005994005994,0.001998001998001998,21,21,0,False,True,965
small_world,low,long,954,0.001998001998001998,0.000999000999000999,21,21,0,False,True,597
small_world,low,long,955,0.012987012987012988,0.007992007992007992,21,21,0,False,True,3722
small_world,low,long,956,0.00999000999000999,0.006993006993006993,21,19,-2,False,True,2481
small_world,low,long,957,0.02197802197802198,0.016983016983016984,21,21,0,False,True,7874
small_world,low,long,958,0.03896103896103896,0.03196803196803197,21,11,-10,False,True,14234
small_world,low,long,959,0.03896103896103896,0.027972027972027972,21,15,-6,False,True,9131
small_world,low,long,960,0.014985014985014986,0.007992007992007992,21,21,0,False,True,6419
small_world,low,long,961,0.022977022977022976,0.015984015984015984,21,17,-4,False,True,10074
small_world,low,long,962,0.002997002997002997,0.002997002997002997,21,19,-2,False,True,963
small_world,low,long,963,0.006993006993006993,0.003996003996003996,21,19,-2,False,True,1643
small_world,low,long,964,0.013986013986013986,0.005994005994005994,21,17,-4,False,True,4096
small_world,low,long,965,0.003996003996003996,0.001998001998001998,21,21,0,False,True,1576
small_world,low,long,966,0.024975024975024976,0.01898101898101898,21,15,-6,False,True,6415
small_world,low,long,967,0.22377622377622378,0.16383616383616384,21,-21,-42,True,True,18178
small_world,low,long,968,0.011988011988011988,0.00999000999000999,21,17,-4,False,True,5145
small_world,low,long,969,0.16683316683316685,0.12387612387612387,21,-9,-30,True,True,18256
small_world,low,long,970,0.023976023976023976,0.013986013986013986,21,21,0,False,True,6584
small_world,low,long,971,0.06693306693306693,0.04895104895104895,21,13,-8,False,True,6658
small_world,low,long,972,0.024975024975024976,0.016983016983016984,21,17,-4,False,True,5767
small_world,low,long,973,0.004995004995004995,0.003996003996003996,21,21,0,False,True,1303
small_world,low,long,974,0.1008991008991009,0.06593406593406594,21,-11,-32,True,True,13800
small_world,low,long,975,0.017982017982017984,0.012987012987012988,21,17,-4,False,True,4307
small_world,low,long,976,0.006993006993006993,0.003996003996003996,21,21,0,False,True,3084
small_world,low,long,977,0.007992007992007992,0.004995004995004995,21,21,0,False,True,2079
small_world,low,long,978,0.001998001998001998,0.001998001998001998,21,21,0,False,True,2007
small_world,low,long,979,0.030969030969030968,0.022977022977022976,21,21,0,False,True,5415
small_world,low,long,980,0.01098901098901099,0.008991008991008992,21,19,-2,False,True,2948
small_world,low,long,981,0.007992007992007992,0.005994005994005994,21,21,0,False,True,1854
small_world,low,long,982,0.029970029970029972,0.01998001998001998,21,11,-10,False,True,7020
small_world,low,long,983,0.004995004995004995,0.002997002997002997,21,21,0,False,True,2265
small_world,low,long,984,0.015984015984015984,0.01098901098901099,21,21,0,False,True,5358
small_world,low,long,985,0.26073926073926074,0.17382617382617382,21,-11,-32,True,False,20020
small_world,low,long,986,0.12987012987012986,0.0939060939060939,21,-13,-34,True,True,14718
small_world,low,long,987,0.04895104895104895,0.03296703296703297,21,5,-16,False,True,15683
small_world,low,long,988,0.005994005994005994,0.002997002997002997,21,19,-2,False,True,1566
small_world,low,long,989,0.001998001998001998,0.001998001998001998,21,21,0,False,True,1222
small_world,low,long,990,0.04895104895104895,0.03696303696303696,21,13,-8,False,True,4709
small_world,low,long,991,0.01998001998001998,0.014985014985014986,21,15,-6,False,True,5340
small_world,low,long,992,0.08091908091908091,0.06293706293706294,21,-3,-24,True,True,10693
small_world,low,long,993,0.02097902097902098,0.012987012987012988,21,19,-2,False,True,5255
small_world,low,long,994,0.012987012987012988,0.006993006993006993,21,21,0,False,True,3026
small_world,low,long,995,0.12287712287712288,0.08191808191808192,21,3,-18,False,True,10308
small_world,low,long,996,0.005994005994005994,0.003996003996003996,21,21,0,False,True,2488
small_world,low,long,997,0.011988011988011988,0.008991008991008992,21,21,0,False,True,5823
small_world,low,long,998,0.055944055944055944,0.04095904095904096,21,15,-6,False,True,6264
small_world,low,long,999,0.01898101898101898,0.011988011988011988,21,17,-4,False,True,5803
small_world,high,short,0,0.005994005994005994,0.001998001998001998,21,21,0,False,True,2991
small_world,high,short,1,0.01098901098901099,0.004995004995004995,21,21,0,False,True,4662
small_world,high,short,2,0.012987012987012988,0.006993006993006993,21,21,0,False,False,5005
small_world,high,short,3,0.001998001998001998,0.000999000999000999,21,21,0,False,True,2055
small_world,high,short,4,0.001998001998001998,0.000999000999000999,21,21,0,False,True,786
small_world,high,short,5,0.013986013986013986,0.006993006993006993,21,17,-4,False,False,5005
small_world,high,short,6,0.007992007992007992,0.003996003996003996,21,21,0,False,True,3835
small_world,high,short,7,0.003996003996003996,0.000999000999000999,21,19,-2,False,True,1280
small_world,high,short,8,0.008991008991008992,0.003996003996003996,21,21,0,False,True,1862
small_world,high,short,9,0.002997002997002997,0.000999000999000999,21,21,0,False,True,799
small_world,high,short,10,0.006993006993006993,0.002997002997002997,21,19,-2,False,True,3832
small_world,high,short,11,0.005994005994005994,0.003996003996003996,21,21,0,False,False,5005
small_world,high,short,12,0.002997002997002997,0.000999000999000999,21,21,0,False,True,1378
small_world,high,short,13,0.002997002997002997,0.000999000999000999,21,21,0,False,True,1119
small_world,high,short,14,0.014985014985014986,0.005994005994005994,21,21,0,False,True,3460
small_world,high,short,15,0.004995004995004995,0.001998001998001998,21,19,-2,False,True,2912
small_world,high,short,16,0.006993006993006993,0.002997002997002997,21,21,0,False,True,1923
small_world,high,short,17,0.006993006993006993,0.001998001998001998,21,21,0,False,True,2430
small_world,high,short,18,0.006993006993006993,0.001998001998001998,21,21,0,False,True,3456
small_world,high,short,19,0.002997002997002997,0.002997002997002997,21,19,-2,False,True,1195
small_world,high,short,20,0.005994005994005994,0.000999000999000999,21,21,0,False,True,2685
small_world,high,short,21,0.006993006993006993,0.002997002997002997,21,21,0,False,True,1854
small_world,high,short,22,0.002997002997002997,0.001998001998001998,21,21,0,False,True,412
small_world,high,short,23,0.013986013986013986,0.006993006993006993,21,21,0,False,True,4086
small_world,high,short,24,0.001998001998001998,0.000999000999000999,21,21,0,False,True,632
small_world,high,short,25,0.002997002997002997,0.000999000999000999,21,21,0,False,True,2794
small_world,high,short,26,0.002997002997002997,0.000999000999000999,21,21,0,False,True,1020
small_world,high,short,27,0.003996003996003996,0.000999000999000999,21,19,-2,False,True,865
small_world,high,short,28,0.006993006993006993,0.003996003996003996,21,19,-2,False,True,4788
small_world,high,short,29,0.003996003996003996,0.000999000999000999,21,21,0,False,True,1631
small_world,high,short,30,0.011988011988011988,0.003996003996003996,21,19,-2,False,True,3980
small_world,high,short,31,0.002997002997002997,0.000999000999000999,21,19,-2,False,True,914
small_world,high,short,32,0.002997002997002997,0.000999000999000999,21,21,0,False,True,1956
small_world,high,short,33,0.003996003996003996,0.000999000999000999,21,21,0,False,True,1834
small_world,high,short,34,0.005994005994005994,0.001998001998001998,21,21,0,False,True,3195
small_world,high,short,35,0.005994005994005994,0.000999000999000999,21,19,-2,False,True,3209
small_world,high,short,36,0.001998001998001998,0.000999000999000999,21,21,0,False,True,2174
small_world,high,short,37,0.006993006993006993,0.001998001998001998,21,19,-2,False,True,2230
small_world,high,short,38,0.007992007992007992,0.003996003996003996,21,19,-2,False,False,5005
small_world,high,short,39,0.001998001998001998,0.000999000999000999,21,21,0,False,True,470
small_world,high,short,40,0.014985014985014986,0.005994005994005994,21,21,0,False,True,4967
small_world,high,short,41,0.002997002997002997,0.000999000999000999,21,21,0,False,True,492
small_world,high,short,42,0.004995004995004995,0.001998001998001998,21,19,-2,False,True,1978
small_world,high,short,43,0.004995004995004995,0.001998001998001998,21,21,0,False,True,2508
small_world,high,short,44,0.013986013986013986,0.002997002997002997,21,19,-2,False,True,4972
small_world,high,short,45,0.003996003996003996,0.001998001998001998,21,21,0,False,False,5005
small_world,high,short,46,0.001998001998001998,0.000999000999000999,21,21,0,False,True,2236
small_world,high,short,47,0.006993006993006993,0.002997002997002997,21,21,0,False,True,3393
small_world,high,short,48,0.015984015984015984,0.00999000999000999,21,19,-2,False,False,5005
small_world,high,short,49,0.00999000999000999,0.002997002997002997,21,19,-2,False,False,5005
small_world,high,short,50,0.003996003996003996,0.000999000999000999,21,21,0,False,True,2488
small_world,high,short,51,0.004995004995004995,0.000999000999000999,21,21,0,False,True,2416
small_world,high,short,52,0.007992007992007992,0.001998001998001998,21,21,0,False,True,2213
small_world,high,short,53,0.003996003996003996,0.001998001998001998,21,21,0,False,True,1851
small_world,high,short,54,0.001998001998001998,0.000999000999000999,21,21,0,False,True,357
small_world,high,short,55,0.004995004995004995,0.000999000999000999,21,21,0,False,True,2994
small_world,high,short,56,0.007992007992007992,0.002997002997002997,21,21,0,False,True,2388
small_world,high,short,57,0.007992007992007992,0.002997002997002997,21,21,0,False,True,2030
small_world,high,short,58,0.013986013986013986,0.003996003996003996,21,21,0,False,True,4769
small_world,high,short,59,0.003996003996003996,0.000999000999000999,21,19,-2,False,True,4076
small_world,high,short,60,0.003996003996003996,0.001998001998001998,21,21,0,False,True,757
small_world,high,short,61,0.005994005994005994,0.000999000999000999,21,19,-2,False,True,4858
small_world,high,short,62,0.005994005994005994,0.001998001998001998,21,21,0,False,True,1130
small_world,high,short,63,0.006993006993006993,0.001998001998001998,21,21,0,False,True,3609
small_world,high,short,64,0.007992007992007992,0.003996003996003996,21,21,0,False,True,4416
small_world,high,short,65,0.005994005994005994,0.001998001998001998,21,21,0,False,True,1913
small_world,high,short,66,0.001998001998001998,0.000999000999000999,21,21,0,False,True,634
small_world,high,short,67,0.02197802197802198,0.00999000999000999,21,17,-4,False,False,5005
small_world,high,short,68,0.005994005994005994,0.001998001998001998,21,21,0,False,False,5005
small_world,high,short,69,0.008991008991008992,0.002997002997002997,21,21,0,False,True,2968
small_world,high,short,70,0.006993006993006993,0.000999000999000999,21,21,0,False,True,3521
small_world,high,short,71,0.004995004995004995,0.000999000999000999,21,21,0,False,True,1091
small_world,high,short,72,0.003996003996003996,0.000999000999000999,21,21,0,False,True,2230
small_world,high,short,73,0.004995004995004995,0.001998001998001998,21,21,0,False,True,1397
small_world,high,short,74,0.016983016983016984,0.005994005994005994,21,17,-4,False,False,5005
small_world,high,short,75,0.005994005994005994,0.001998001998001998,21,21,0,False,True,4765
small_world,high,short,76,0.006993006993006993,0.003996003996003996,21,17,-4,False,True,2636
small_world,high,short,77,0.004995004995004995,0.001998001998001998,21,21,0,False,True,790
small_world,high,short,78,0.001998001998001998,0.000999000999000999,21,21,0,False,True,776
small_world,high,short,79,0.016983016983016984,0.006993006993006993,21,19,-2,False,True,4360
small_world,high,short,80,0.00999000999000999,0.004995004995004995,21,15,-6,False,True,3668
small_world,high,short,81,0.011988011988011988,0.004995004995004995,21,21,0,False,True,3418
small_world,high,short,82,0.00999000999000999,0.003996003996003996,21,19,-2,False,True,4281
small_world,high,short,83,0.007992007992007992,0.002997002997002997,21,21,0,False,True,3577
small_world,high,short,84,0.002997002997002997,0.001998001998001998,21,21,0,False,True,490
small_world,high,short,85,0.00999000999000999,0.003996003996003996,21,21,0,False,True,2009
small_world,high,short,86,0.005994005994005994,0.001998001998001998,21,19,-2,False,True,3879
small_world,high,short,87,0.008991008991008992,0.002997002997002997,21,21,0,False,True,2108
small_world,high,short,88,0.007992007992007992,0.002997002997002997,21,21,0,False,True,2087
small_world,high,short,89,0.005994005994005994,0.001998001998001998,21,19,-2,False,True,1953
small_world,high,short,90,0.006993006993006993,0.001998001998001998,21,21,0,False,True,3285
small_world,high,short,91,0.005994005994005994,0.001998001998001998,21,21,0,False,True,3817
small_world,high,short,92,0.00999000999000999,0.005994005994005994,21,21,0,False,False,5005
small_world,high,short,93,0.006993006993006993,0.002997002997002997,21,21,0,False,True,3000
small_world,high,short,94,0.011988011988011988,0.003996003996003996,21,19,-2,False,True,3350
small_world,high,short,95,0.006993006993006993,0.001998001998001998,21,21,0,False,True,1348
small_world,high,short,96,0.007992007992007992,0.003996003996003996,21,21,0,False,False,5005
small_world,high,short,97,0.00999000999000999,0.002997002997002997,21,21,0,False,True,4224
small_world,high,short,98,0.006993006993006993,0.000999000999000999,21,21,0,False,True,4744
small_world,high,short,99,0.006993006993006993,0.001998001998001998,21,21,0,False,True,2869
small_world,high,short,100,0.011988011988011988,0.003996003996003996,21,21,0,False,True,4015
small_world,high,short,101,0.004995004995004995,0.002997002997002997,21,21,0,False,False,5005
small_world,high,short,102,0.004995004995004995,0.001998001998001998,21,21,0,False,True,1320
small_world,high,short,103,0.007992007992007992,0.004995004995004995,21,19,-2,False,False,5005
small_world,high,short,104,0.003996003996003996,0.000999000999000999,21,21,0,False,True,2643
small_world,high,short,105,0.011988011988011988,0.003996003996003996,21,17,-4,False,False,5005
small_world,high,short,106,0.001998001998001998,0.000999000999000999,21,21,0,False,True,1207
small_world,high,short,107,0.002997002997002997,0.001998001998001998,21,21,0,False,True,1031
small_world,high,short,108,0.008991008991008992,0.001998001998001998,21,19,-2,False,True,2559
small_world,high,short,109,0.004995004995004995,0.002997002997002997,21,21,0,False,True,2625
small_world,high,short,110,0.005994005994005994,0.002997002997002997,21,21,0,False,True,2477
small_world,high,short,111,0.00999000999000999,0.003996003996003996,21,17,-4,False,False,5005
small_world,high,short,112,0.003996003996003996,0.002997002997002997,21,21,0,False,True,2627
small_world,high,short,113,0.006993006993006993,0.001998001998001998,21,19,-2,False,True,1850
small_world,high,short,114,0.005994005994005994,0.001998001998001998,21,19,-2,False,True,2607
small_world,high,short,115,0.004995004995004995,0.001998001998001998,21,21,0,False,True,1566
small_world,high,short,116,0.014985014985014986,0.004995004995004995,21,17,-4,False,False,5005
small_world,high,short,117,0.007992007992007992,0.003996003996003996,21,21,0,False,True,2731
small_world,high,short,118,0.003996003996003996,0.000999000999000999,21,21,0,False,True,1035
small_world,high,short,119,0.006993006993006993,0.002997002997002997,21,21,0,False,True,1549
small_world,high,short,120,0.011988011988011988,0.002997002997002997,21,21,0,False,True,4815
small_world,high,short,121,0.005994005994005994,0.001998001998001998,21,21,0,False,False,5005
small_world,high,short,122,0.004995004995004995,0.002997002997002997,21,21,0,False,True,1753
small_world,high,short,123,0.016983016983016984,0.005994005994005994,21,19,-2,False,True,4158
small_world,high,short,124,0.004995004995004995,0.000999000999000999,21,21,0,False,True,2489
small_world,high,short,125,0.015984015984015984,0.008991008991008992,21,19,-2,False,False,5005
small_world,high,short,126,0.004995004995004995,0.001998001998001998,21,19,-2,False,True,723
small_world,high,short,127,0.007992007992007992,0.001998001998001998,21,19,-2,False,True,3532
small_world,high,short,128,0.006993006993006993,0.002997002997002997,21,21,0,False,True,4686
small_world,high,short,129,0.001998001998001998,0.000999000999000999,21,21,0,False,True,285
small_world,high,short,130,0.005994005994005994,0.001998001998001998,21,21,0,False,True,1363
small_world,high,short,131,0.004995004995004995,0.003996003996003996,21,21,0,False,True,1295
small_world,high,short,132,0.005994005994005994,0.002997002997002997,21,19,-2,False,True,1991
small_world,high,short,133,0.005994005994005994,0.002997002997002997,21,21,0,False,True,4459
small_world,high,short,134,0.01098901098901099,0.004995004995004995,21,19,-2,False,True,3611
small_world,high,short,135,0.007992007992007992,0.002997002997002997,21,21,0,False,False,5005
small_world,high,short,136,0.004995004995004995,0.001998001998001998,21,21,0,False,True,3207
small_world,high,short,137,0.007992007992007992,0.002997002997002997,21,21,0,False,True,1802
small_world,high,short,138,0.008991008991008992,0.002997002997002997,21,21,0,False,True,3068
small_world,high,short,139,0.004995004995004995,0.001998001998001998,21,21,0,False,True,2230
small_world,high,short,140,0.001998001998001998,0.000999000999000999,21,21,0,False,True,145
small_world,high,short,141,0.001998001998001998,0.001998001998001998,21,21,0,False,True,282
small_world,high,short,142,0.005994005994005994,0.002997002997002997,21,21,0,False,True,1541
small_world,high,short,143,0.003996003996003996,0.000999000999000999,21,19,-2,False,True,1047
small_world,high,short,144,0.001998001998001998,0.000999000999000999,21,21,0,False,True,1633
small_world,high,short,145,0.008991008991008992,0.003996003996003996,21,21,0,False,False,5005
small_world,high,short,146,0.00999000999000999,0.003996003996003996,21,21,0,False,True,2183
small_world,high,short,147,0.001998001998001998,0.000999000999000999,21,21,0,False,True,682
small_world,high,short,148,0.015984015984015984,0.008991008991008992,21,17,-4,False,True,2802
small_world,high,short,149,0.006993006993006993,0.001998001998001998,21,21,0,False,True,3806
small_world,high,short,150,0.011988011988011988,0.003996003996003996,21,17,-4,False,False,5005
small_world,high,short,151,0.004995004995004995,0.001998001998001998,21,21,0,False,True,4443
small_world,high,short,152,0.004995004995004995,0.000999000999000999,21,21,0,False,True,2838
small_world,high,short,153,0.002997002997002997,0.001998001998001998,21,21,0,False,True,1402
small_world,high,short,154,0.008991008991008992,0.002997002997002997,21,21,0,False,True,3455
small_world,high,short,155,0.002997002997002997,0.001998001998001998,21,17,-4,False,True,1312
small_world,high,short,156,0.006993006993006993,0.002997002997002997,21,21,0,False,True,2680
small_world,high,short,157,0.004995004995004995,0.000999000999000999,21,21,0,False,True,1928
small_world,high,short,158,0.008991008991008992,0.004995004995004995,21,17,-4,False,True,2155
small_world,high,short,159,0.002997002997002997,0.000999000999000999,21,21,0,False,True,1873
small_world,high,short,160,0.006993006993006993,0.001998001998001998,21,21,0,False,True,2800
small_world,high,short,161,0.00999000999000999,0.002997002997002997,21,21,0,False,True,4063
small_world,high,short,162,0.001998001998001998,0.001998001998001998,21,21,0,False,True,741
small_world,high,short,163,0.004995004995004995,0.001998001998001998,21,21,0,False,True,2262
small_world,high,short,164,0.00999000999000999,0.004995004995004995,21,19,-2,False,False,5005
small_world,high,short,165,0.003996003996003996,0.001998001998001998,21,21,0,False,True,785
small_world,high,short,166,0.005994005994005994,0.001998001998001998,21,21,0,False,True,2544
small_world,high,short,167,0.013986013986013986,0.005994005994005994,21,17,-4,False,False,5005
small_world,high,short,168,0.001998001998001998,0.000999000999000999,21,21,0,False,True,781
small_world,high,short,169,0.002997002997002997,0.000999000999000999,21,21,0,False,True,1526
small_world,high,short,170,0.007992007992007992,0.001998001998001998,21,21,0,False,True,3764
small_world,high,short,171,0.025974025974025976,0.008991008991008992,21,19,-2,False,False,5005
small_world,high,short,172,0.011988011988011988,0.005994005994005994,21,21,0,False,False,5005
small_world,high,short,173,0.006993006993006993,0.001998001998001998,21,21,0,False,True,1973
small_world,high,short,174,0.003996003996003996,0.001998001998001998,21,21,0,False,True,2629
small_world,high,short,175,0.008991008991008992,0.002997002997002997,21,21,0,False,True,4604
small_world,high,short,176,0.005994005994005994,0.001998001998001998,21,21,0,False,True,1437
small_world,high,short,177,0.004995004995004995,0.001998001998001998,21,21,0,False,True,2305
small_world,high,short,178,0.002997002997002997,0.000999000999000999,21,21,0,False,True,1643
small_world,high,short,179,0.00999000999000999,0.003996003996003996,21,21,0,False,False,5005
small_world,high,short,180,0.005994005994005994,0.002997002997002997,21,21,0,False,True,3034
small_world,high,short,181,0.007992007992007992,0.003996003996003996,21,17,-4,False,True,4796
small_world,high,short,182,0.001998001998001998,0.000999000999000999,21,21,0,False,True,1189
small_world,high,short,183,0.022977022977022976,0.008991008991008992,21,17,-4,False,True,3007
small_world,high,short,184,0.004995004995004995,0.000999000999000999,21,21,0,False,True,1675
small_world,high,short,185,0.002997002997002997,0.000999000999000999,21,21,0,False,True,411
small_world,high,short,186,0.005994005994005994,0.001998001998001998,21,21,0,False,True,3019
small_world,high,short,187,0.004995004995004995,0.001998001998001998,21,21,0,False,True,3503
small_world,high,short,188,0.008991008991008992,0.003996003996003996,21,21,0,False,False,5005
small_world,high,short,189,0.017982017982017984,0.007992007992007992,21,17,-4,False,False,5005
small_world,high,short,190,0.007992007992007992,0.002997002997002997,21,17,-4,False,True,4324
small_world,high,short,191,0.00999000999000999,0.003996003996003996,21,19,-2,False,False,5005
small_world,high,short,192,0.014985014985014986,0.005994005994005994,21,21,0,False,False,5005
small_world,high,short,193,0.003996003996003996,0.000999000999000999,21,21,0,False,True,3145
small_world,high,short,194,0.004995004995004995,0.001998001998001998,21,19,-2,False,True,2007
small_world,high,short,195,0.011988011988011988,0.005994005994005994,21,19,-2,False,False,5005
small_world,high,short,196,0.005994005994005994,0.001998001998001998,21,21,0,False,True,1739
small_world,high,short,197,0.006993006993006993,0.002997002997002997,21,21,0,False,True,3809
small_world,high,short,198,0.01098901098901099,0.004995004995004995,21,21,0,False,True,2165
small_world,high,short,199,0.014985014985014986,0.003996003996003996,21,17,-4,False,True,4833
small_world,high,short,200,0.00999000999000999,0.002997002997002997,21,21,0,False,False,5005
small_world,high,short,201,0.002997002997002997,0.001998001998001998,21,21,0,False,True,958
small_world,high,short,202,0.007992007992007992,0.000999000999000999,21,21,0,False,True,3182
small_world,high,short,203,0.007992007992007992,0.002997002997002997,21,19,-2,False,True,2176
small_world,high,short,204,0.007992007992007992,0.002997002997002997,21,21,0,False,False,5005
small_world,high,short,205,0.013986013986013986,0.005994005994005994,21,19,-2,False,False,5005
small_world,high,short,206,0.003996003996003996,0.001998001998001998,21,21,0,False,True,2826
small_world,high,short,207,0.002997002997002997,0.001998001998001998,21,21,0,False,True,732
small_world,high,short,208,0.007992007992007992,0.001998001998001998,21,21,0,False,False,5005
small_world,high,short,209,0.007992007992007992,0.002997002997002997,21,21,0,False,False,5005
small_world,high,short,210,0.002997002997002997,0.000999000999000999,21,21,0,False,True,1082
small_world,high,short,211,0.003996003996003996,0.002997002997002997,21,21,0,False,True,1261
small_world,high,short,212,0.003996003996003996,0.000999000999000999,21,21,0,False,True,524
small_world,high,short,213,0.005994005994005994,0.001998001998001998,21,21,0,False,True,1505
small_world,high,short,214,0.006993006993006993,0.004995004995004995,21,21,0,False,True,3143
small_world,high,short,215,0.01098901098901099,0.003996003996003996,21,19,-2,False,True,4466
small_world,high,short,216,0.002997002997002997,0.000999000999000999,21,21,0,False,True,2517
small_world,high,short,217,0.002997002997002997,0.000999000999000999,21,21,0,False,True,233
small_world,high,short,218,0.008991008991008992,0.001998001998001998,21,21,0,False,True,3453
small_world,high,short,219,0.003996003996003996,0.001998001998001998,21,21,0,False,True,1270
small_world,high,short,220,0.006993006993006993,0.000999000999000999,21,21,0,False,True,4020
small_world,high,short,221,0.01098901098901099,0.003996003996003996,21,21,0,False,False,5005
small_world,high,short,222,0.012987012987012988,0.004995004995004995,21,21,0,False,True,3268
small_world,high,short,223,0.01098901098901099,0.002997002997002997,21,21,0,False,True,3144
small_world,high,short,224,0.007992007992007992,0.003996003996003996,21,17,-4,False,True,3222
small_world,high,short,225,0.005994005994005994,0.003996003996003996,21,21,0,False,True,2123
small_world,high,short,226,0.024975024975024976,0.01098901098901099,21,15,-6,False,False,5005
small_world,high,short,227,0.011988011988011988,0.003996003996003996,21,19,-2,False,True,4636
small_world,high,short,228,0.00999000999000999,0.001998001998001998,21,21,0,False,True,2765
small_world,high,short,229,0.011988011988011988,0.004995004995004995,21,17,-4,False,False,5005
small_world,high,short,230,0.007992007992007992,0.003996003996003996,21,21,0,False,True,2586
small_world,high,short,231,0.002997002997002997,0.000999000999000999,21,21,0,False,True,790
small_world,high,short,232,0.003996003996003996,0.000999000999000999,21,21,0,False,True,3852
small_world,high,short,233,0.002997002997002997,0.001998001998001998,21,19,-2,False,True,2777
small_world,high,short,234,0.001998001998001998,0.000999000999000999,21,21,0,False,True,593
small_world,high,short,235,0.002997002997002997,0.000999000999000999,21,21,0,False,True,3232
small_world,high,short,236,0.005994005994005994,0.001998001998001998,21,21,0,False,True,3061
small_world,high,short,237,0.00999000999000999,0.001998001998001998,21,21,0,False,True,3761
small_world,high,short,238,0.015984015984015984,0.004995004995004995,21,21,0,False,False,5005
small_world,high,short,239,0.016983016983016984,0.00999000999000999,21,17,-4,False,False,5005
small_world,high,short,240,0.003996003996003996,0.000999000999000999,21,21,0,False,True,1517
small_world,high,short,241,0.00999000999000999,0.004995004995004995,21,21,0,False,False,5005
small_world,high,short,242,0.006993006993006993,0.000999000999000999,21,21,0,False,True,3917
small_world,high,short,243,0.012987012987012988,0.005994005994005994,21,19,-2,False,False,5005
small_world,high,short,244,0.005994005994005994,0.001998001998001998,21,19,-2,False,True,1420
small_world,high,short,245,0.001998001998001998,0.000999000999000999,21,21,0,False,True,1734
small_world,high,short,246,0.005994005994005994,0.001998001998001998,21,21,0,False,True,1300
small_world,high,short,247,0.002997002997002997,0.000999000999000999,21,21,0,False,True,443
small_world,high,short,248,0.01098901098901099,0.004995004995004995,21,17,-4,False,True,2361
small_world,high,short,249,0.003996003996003996,0.001998001998001998,21,21,0,False,True,2530
small_world,high,short,250,0.01098901098901099,0.004995004995004995,21,17,-4,False,False,5005
small_world,high,short,251,0.003996003996003996,0.000999000999000999,21,21,0,False,True,1009
small_world,high,short,252,0.008991008991008992,0.004995004995004995,21,21,0,False,True,1858
small_world,high,short,253,0.002997002997002997,0.000999000999000999,21,21,0,False,True,684
small_world,high,short,254,0.004995004995004995,0.000999000999000999,21,21,0,False,True,3070
small_world,high,short,255,0.012987012987012988,0.005994005994005994,21,17,-4,False,True,3710
small_world,high,short,256,0.005994005994005994,0.001998001998001998,21,21,0,False,True,2436
small_world,high,short,257,0.008991008991008992,0.001998001998001998,21,21,0,False,True,2617
small_world,high,short,258,0.011988011988011988,0.005994005994005994,21,19,-2,False,False,5005
small_world,high,short,259,0.007992007992007992,0.002997002997002997,21,21,0,False,True,2541
small_world,high,short,260,0.003996003996003996,0.000999000999000999,21,21,0,False,True,1078
small_world,high,short,261,0.00999000999000999,0.001998001998001998,21,21,0,False,True,4832
small_world,high,short,262,0.007992007992007992,0.003996003996003996,21,19,-2,False,False,5005
small_world,high,short,263,0.013986013986013986,0.006993006993006993,21,19,-2,False,False,5005
small_world,high,short,264,0.003996003996003996,0.000999000999000999,21,19,-2,False,True,1307
small_world,high,short,265,0.01098901098901099,0.003996003996003996,21,21,0,False,True,3643
small_world,high,short,266,0.01098901098901099,0.003996003996003996,21,19,-2,False,False,5005
small_world,high,short,267,0.012987012987012988,0.003996003996003996,21,21,0,False,False,5005
small_world,high,short,268,0.004995004995004995,0.001998001998001998,21,19,-2,False,True,4200
small_world,high,short,269,0.014985014985014986,0.005994005994005994,21,19,-2,False,True,3173
small_world,high,short,270,0.025974025974025976,0.013986013986013986,21,15,-6,False,False,5005
small_world,high,short,271,0.001998001998001998,0.000999000999000999,21,21,0,False,True,1336
small_world,high,short,272,0.003996003996003996,0.000999000999000999,21,21,0,False,True,1972
small_world,high,short,273,0.006993006993006993,0.002997002997002997,21,19,-2,False,True,1820
small_world,high,short,274,0.006993006993006993,0.000999000999000999,21,21,0,False,False,5005
small_world,high,short,275,0.007992007992007992,0.001998001998001998,21,21,0,False,True,1954
small_world,high,short,276,0.008991008991008992,0.001998001998001998,21,21,0,False,True,2151
small_world,high,short,277,0.01098901098901099,0.006993006993006993,21,19,-2,False,True,3753
small_world,high,short,278,0.006993006993006993,0.002997002997002997,21,19,-2,False,True,582
small_world,high,short,279,0.002997002997002997,0.000999000999000999,21,21,0,False,True,1382
small_world,high,short,280,0.01098901098901099,0.004995004995004995,21,19,-2,False,True,2562
small_world,high,short,281,0.005994005994005994,0.001998001998001998,21,19,-2,False,True,2058
small_world,high,short,282,0.003996003996003996,0.000999000999000999,21,21,0,False,True,1400
small_world,high,short,283,0.004995004995004995,0.001998001998001998,21,21,0,False,True,2118
small_world,high,short,284,0.006993006993006993,0.002997002997002997,21,21,0,False,True,4940
small_world,high,short,285,0.01098901098901099,0.003996003996003996,21,19,-2,False,True,3174
small_world,high,short,286,0.012987012987012988,0.005994005994005994,21,21,0,False,True,3700
small_world,high,short,287,0.003996003996003996,0.000999000999000999,21,21,0,False,True,1442
small_world,high,short,288,0.004995004995004995,0.000999000999000999,21,21,0,False,True,866
small_world,high,short,289,0.004995004995004995,0.000999000999000999,21,19,-2,False,True,2365
small_world,high,short,290,0.007992007992007992,0.001998001998001998,21,21,0,False,True,3382
small_world,high,short,291,0.008991008991008992,0.003996003996003996,21,21,0,False,True,1934
small_world,high,short,292,0.001998001998001998,0.000999000999000999,21,21,0,False,True,1968
small_world,high,short,293,0.003996003996003996,0.000999000999000999,21,21,0,False,True,1441
small_world,high,short,294,0.004995004995004995,0.001998001998001998,21,19,-2,False,True,2758
small_world,high,short,295,0.003996003996003996,0.000999000999000999,21,21,0,False,True,2027
small_world,high,short,296,0.008991008991008992,0.002997002997002997,21,21,0,False,True,4666
small_world,high,short,297,0.011988011988011988,0.003996003996003996,21,21,0,False,False,5005
small_world,high,short,298,0.001998001998001998,0.000999000999000999,21,21,0,False,True,217
small_world,high,short,299,0.001998001998001998,0.000999000999000999,21,21,0,False,True,730
small_world,high,short,300,0.002997002997002997,0.000999000999000999,21,19,-2,False,True,1433
small_world,high,short,301,0.008991008991008992,0.001998001998001998,21,19,-2,False,True,4626
small_world,high,short,302,0.001998001998001998,0.000999000999000999,21,19,-2,False,True,522
small_world,high,short,303,0.004995004995004995,0.001998001998001998,21,21,0,False,True,4488
small_world,high,short,304,0.02097902097902098,0.007992007992007992,21,21,0,False,False,5005
small_world,high,short,305,0.011988011988011988,0.003996003996003996,21,21,0,False,True,4843
small_world,high,short,306,0.012987012987012988,0.004995004995004995,21,17,-4,False,False,5005
small_world,high,short,307,0.005994005994005994,0.000999000999000999,21,21,0,False,True,3303
small_world,high,short,308,0.002997002997002997,0.000999000999000999,21,21,0,False,True,732
small_world,high,short,309,0.012987012987012988,0.002997002997002997,21,21,0,False,True,4412
small_world,high,short,310,0.001998001998001998,0.000999000999000999,21,21,0,False,True,627
small_world,high,short,311,0.001998001998001998,0.001998001998001998,21,21,0,False,True,602
small_world,high,short,312,0.013986013986013986,0.006993006993006993,21,19,-2,False,True,2793
small_world,high,short,313,0.001998001998001998,0.000999000999000999,21,21,0,False,True,1484
small_world,high,short,314,0.004995004995004995,0.001998001998001998,21,21,0,False,True,2138
small_world,high,short,315,0.002997002997002997,0.000999000999000999,21,21,0,False,True,597
small_world,high,short,316,0.006993006993006993,0.001998001998001998,21,21,0,False,True,1793
small_world,high,short,317,0.001998001998001998,0.000999000999000999,21,21,0,False,True,924
small_world,high,short,318,0.015984015984015984,0.005994005994005994,21,19,-2,False,True,3400
small_world,high,short,319,0.001998001998001998,0.000999000999000999,21,19,-2,False,True,550
small_world,high,short,320,0.01998001998001998,0.007992007992007992,21,19,-2,False,False,5005
small_world,high,short,321,0.003996003996003996,0.001998001998001998,21,21,0,False,False,5005
small_world,high,short,322,0.005994005994005994,0.000999000999000999,21,21,0,False,True,1679
small_world,high,short,323,0.002997002997002997,0.000999000999000999,21,21,0,False,True,640
small_world,high,short,324,0.002997002997002997,0.001998001998001998,21,19,-2,False,True,1394
small_world,high,short,325,0.002997002997002997,0.000999000999000999,21,21,0,False,True,869
small_world,high,short,326,0.006993006993006993,0.003996003996003996,21,21,0,False,True,1145
small_world,high,short,327,0.015984015984015984,0.005994005994005994,21,19,-2,False,False,5005
small_world,high,short,328,0.004995004995004995,0.001998001998001998,21,21,0,False,True,751
small_world,high,short,329,0.002997002997002997,0.000999000999000999,21,19,-2,False,True,1786
small_world,high,short,330,0.006993006993006993,0.003996003996003996,21,17,-4,False,True,2412
small_world,high,short,331,0.007992007992007992,0.002997002997002997,21,19,-2,False,False,5005
small_world,high,short,332,0.006993006993006993,0.001998001998001998,21,21,0,False,True,1521
small_world,high,short,333,0.004995004995004995,0.001998001998001998,21,21,0,False,True,1704
small_world,high,short,334,0.003996003996003996,0.001998001998001998,21,21,0,False,True,3513
small_world,high,short,335,0.003996003996003996,0.001998001998001998,21,19,-2,False,True,1736
small_world,high,short,336,0.00999000999000999,0.003996003996003996,21,21,0,False,True,2718
small_world,high,short,337,0.005994005994005994,0.002997002997002997,21,21,0,False,True,1598
small_world,high,short,338,0.007992007992007992,0.001998001998001998,21,19,-2,False,True,4899
small_world,high,short,339,0.003996003996003996,0.002997002997002997,21,21,0,False,True,1147
small_world,high,short,340,0.004995004995004995,0.002997002997002997,21,19,-2,False,True,2398
small_world,high,short,341,0.011988011988011988,0.004995004995004995,21,19,-2,False,True,4332
small_world,high,short,342,0.011988011988011988,0.004995004995004995,21,19,-2,False,False,5005
small_world,high,short,343,0.008991008991008992,0.004995004995004995,21,19,-2,False,True,2286
small_world,high,short,344,0.001998001998001998,0.000999000999000999,21,21,0,False,True,1268
small_world,high,short,345,0.00999000999000999,0.003996003996003996,21,19,-2,False,True,3574
small_world,high,short,346,0.00999000999000999,0.003996003996003996,21,21,0,False,True,1889
small_world,high,short,347,0.00999000999000999,0.002997002997002997,21,19,-2,False,True,4584
small_world,high,short,348,0.01098901098901099,0.005994005994005994,21,19,-2,False,True,3523
small_world,high,short,349,0.003996003996003996,0.000999000999000999,21,21,0,False,True,1634
small_world,high,short,350,0.001998001998001998,0.001998001998001998,21,21,0,False,True,1642
small_world,high,short,351,0.001998001998001998,0.000999000999000999,21,19,-2,False,True,3945
small_world,high,short,352,0.008991008991008992,0.003996003996003996,21,21,0,False,True,3964
small_world,high,short,353,0.001998001998001998,0.000999000999000999,21,21,0,False,True,1453
small_world,high,short,354,0.002997002997002997,0.000999000999000999,21,21,0,False,True,3280
small_world,high,short,355,0.002997002997002997,0.000999000999000999,21,21,0,False,True,1698
small_world,high,short,356,0.016983016983016984,0.008991008991008992,21,21,0,False,True,4990
small_world,high,short,357,0.015984015984015984,0.008991008991008992,21,17,-4,False,False,5005
small_world,high,short,358,0.006993006993006993,0.002997002997002997,21,21,0,False,True,3168
small_world,high,short,359,0.004995004995004995,0.002997002997002997,21,19,-2,False,True,1726
small_world,high,short,360,0.017982017982017984,0.007992007992007992,21,21,0,False,False,5005
small_world,high,short,361,0.005994005994005994,0.001998001998001998,21,21,0,False,True,2313
small_world,high,short,362,0.005994005994005994,0.002997002997002997,21,21,0,False,True,2667
small_world,high,short,363,0.007992007992007992,0.002997002997002997,21,17,-4,False,True,3588
small_world,high,short,364,0.003996003996003996,0.000999000999000999,21,21,0,False,True,1810
small_world,high,short,365,0.002997002997002997,0.000999000999000999,21,21,0,False,True,381
small_world,high,short,366,0.001998001998001998,0.000999000999000999,21,21,0,False,False,5005
small_world,high,short,367,0.001998001998001998,0.000999000999000999,21,21,0,False,True,2467
small_world,high,short,368,0.003996003996003996,0.001998001998001998,21,21,0,False,True,744
small_world,high,short,369,0.003996003996003996,0.000999000999000999,21,21,0,False,True,2300
small_world,high,short,370,0.003996003996003996,0.002997002997002997,21,21,0,False,True,1867
small_world,high,short,371,0.007992007992007992,0.001998001998001998,21,21,0,False,False,5005
small_world,high,short,372,0.002997002997002997,0.000999000999000999,21,21,0,False,True,2651
small_world,high,short,373,0.011988011988011988,0.005994005994005994,21,19,-2,False,True,3773
small_world,high,short,374,0.007992007992007992,0.003996003996003996,21,17,-4,False,True,2578
small_world,high,short,375,0.004995004995004995,0.001998001998001998,21,21,0,False,True,2672
small_world,high,short,376,0.001998001998001998,0.000999000999000999,21,21,0,False,True,1081
small_world,high,short,377,0.02197802197802198,0.008991008991008992,21,21,0,False,False,5005
small_world,high,short,378,0.003996003996003996,0.001998001998001998,21,21,0,False,True,1004
small_world,high,short,379,0.006993006993006993,0.003996003996003996,21,19,-2,False,True,2626
small_world,high,short,380,0.008991008991008992,0.004995004995004995,21,19,-2,False,True,2873
small_world,high,short,381,0.013986013986013986,0.008991008991008992,21,15,-6,False,False,5005
small_world,high,short,382,0.006993006993006993,0.003996003996003996,21,21,0,False,True,1084
small_world,high,short,383,0.004995004995004995,0.002997002997002997,21,21,0,False,True,2415
small_world,high,short,384,0.002997002997002997,0.000999000999000999,21,19,-2,False,True,893
small_world,high,short,385,0.005994005994005994,0.002997002997002997,21,17,-4,False,True,3366
small_world,high,short,386,0.007992007992007992,0.002997002997002997,21,17,-4,False,True,3317
small_world,high,short,387,0.002997002997002997,0.001998001998001998,21,19,-2,False,True,1139
small_world,high,short,388,0.002997002997002997,0.000999000999000999,21,21,0,False,True,1076
small_world,high,short,389,0.007992007992007992,0.002997002997002997,21,21,0,False,True,1692
small_world,high,short,390,0.004995004995004995,0.001998001998001998,21,21,0,False,True,1690
small_world,high,short,391,0.001998001998001998,0.000999000999000999,21,21,0,False,True,973
small_world,high,short,392,0.005994005994005994,0.002997002997002997,21,21,0,False,True,1713
small_world,high,short,393,0.00999000999000999,0.004995004995004995,21,19,-2,False,False,5005
small_world,high,short,394,0.013986013986013986,0.004995004995004995,21,19,-2,False,True,4619
small_world,high,short,395,0.001998001998001998,0.001998001998001998,21,19,-2,False,True,722
small_world,high,short,396,0.003996003996003996,0.000999000999000999,21,21,0,False,True,2467
small_world,high,short,397,0.003996003996003996,0.001998001998001998,21,21,0,False,True,1662
small_world,high,short,398,0.013986013986013986,0.002997002997002997,21,19,-2,False,False,5005
small_world,high,short,399,0.004995004995004995,0.000999000999000999,21,19,-2,False,True,2567
small_world,high,short,400,0.022977022977022976,0.01098901098901099,21,19,-2,False,True,4860
small_world,high,short,401,0.003996003996003996,0.002997002997002997,21,21,0,False,True,1184
small_world,high,short,402,0.014985014985014986,0.005994005994005994,21,17,-4,False,False,5005
small_world,high,short,403,0.00999000999000999,0.002997002997002997,21,19,-2,False,True,4440
small_world,high,short,404,0.006993006993006993,0.002997002997002997,21,19,-2,False,True,2415
small_world,high,short,405,0.002997002997002997,0.000999000999000999,21,21,0,False,True,2054
small_world,high,short,406,0.004995004995004995,0.001998001998001998,21,21,0,False,True,2043
small_world,high,short,407,0.004995004995004995,0.002997002997002997,21,19,-2,False,True,1631
small_world,high,short,408,0.011988011988011988,0.004995004995004995,21,21,0,False,False,5005
small_world,high,short,409,0.012987012987012988,0.005994005994005994,21,21,0,False,True,4869
small_world,high,short,410,0.011988011988011988,0.003996003996003996,21,17,-4,False,False,5005
small_world,high,short,411,0.01898101898101898,0.008991008991008992,21,19,-2,False,False,5005
small_world,high,short,412,0.005994005994005994,0.001998001998001998,21,21,0,False,True,3133
small_world,high,short,413,0.001998001998001998,0.000999000999000999,21,21,0,False,True,173
small_world,high,short,414,0.01098901098901099,0.002997002997002997,21,21,0,False,True,3154
small_world,high,short,415,0.016983016983016984,0.006993006993006993,21,19,-2,False,True,4345
small_world,high,short,416,0.004995004995004995,0.000999000999000999,21,21,0,False,True,1921
small_world,high,short,417,0.002997002997002997,0.000999000999000999,21,19,-2,False,True,1988
small_world,high,short,418,0.002997002997002997,0.000999000999000999,21,21,0,False,True,3373
small_world,high,short,419,0.002997002997002997,0.001998001998001998,21,19,-2,False,True,1508
small_world,high,short,420,0.00999000999000999,0.003996003996003996,21,21,0,False,True,4717
small_world,high,short,421,0.007992007992007992,0.003996003996003996,21,21,0,False,True,2844
small_world,high,short,422,0.004995004995004995,0.000999000999000999,21,21,0,False,True,1056
small_world,high,short,423,0.002997002997002997,0.000999000999000999,21,21,0,False,True,1395
small_world,high,short,424,0.015984015984015984,0.006993006993006993,21,21,0,False,True,3296
small_world,high,short,425,0.007992007992007992,0.002997002997002997,21,19,-2,False,True,4448
small_world,high,short,426,0.00999000999000999,0.004995004995004995,21,21,0,False,True,3074
small_world,high,short,427,0.001998001998001998,0.000999000999000999,21,21,0,False,True,1730
small_world,high,short,428,0.008991008991008992,0.003996003996003996,21,19,-2,False,True,3606
small_world,high,short,429,0.013986013986013986,0.005994005994005994,21,19,-2,False,True,2994
small_world,high,short,430,0.006993006993006993,0.001998001998001998,21,21,0,False,True,3076
small_world,high,short,431,0.005994005994005994,0.001998001998001998,21,21,0,False,True,1219
small_world,high,short,432,0.001998001998001998,0.001998001998001998,21,21,0,False,True,844
small_world,high,short,433,0.004995004995004995,0.001998001998001998,21,21,0,False,True,554
small_world,high,short,434,0.007992007992007992,0.002997002997002997,21,19,-2,False,False,5005
small_world,high,short,435,0.02197802197802198,0.007992007992007992,21,19,-2,False,False,5005
small_world,high,short,436,0.004995004995004995,0.002997002997002997,21,21,0,False,True,2365
small_world,high,short,437,0.004995004995004995,0.000999000999000999,21,21,0,False,True,2840
small_world,high,short,438,0.003996003996003996,0.000999000999000999,21,21,0,False,True,1936
small_world,high,short,439,0.005994005994005994,0.001998001998001998,21,21,0,False,False,5005
small_world,high,short,440,0.001998001998001998,0.001998001998001998,21,21,0,False,True,479
small_world,high,short,441,0.007992007992007992,0.002997002997002997,21,21,0,False,False,5005
small_world,high,short,442,0.001998001998001998,0.000999000999000999,21,21,0,False,True,451
small_world,high,short,443,0.003996003996003996,0.000999000999000999,21,21,0,False,True,3865
small_world,high,short,444,0.002997002997002997,0.001998001998001998,21,21,0,False,True,2147
small_world,high,short,445,0.004995004995004995,0.001998001998001998,21,21,0,False,True,1581
small_world,high,short,446,0.001998001998001998,0.000999000999000999,21,21,0,False,True,1204
small_world,high,short,447,0.001998001998001998,0.000999000999000999,21,21,0,False,True,232
small_world,high,short,448,0.005994005994005994,0.000999000999000999,21,21,0,False,True,2671
small_world,high,short,449,0.01098901098901099,0.004995004995004995,21,21,0,False,False,5005
small_world,high,short,450,0.007992007992007992,0.002997002997002997,21,21,0,False,True,2573
small_world,high,short,451,0.00999000999000999,0.002997002997002997,21,19,-2,False,True,2199
small_world,high,short,452,0.006993006993006993,0.002997002997002997,21,21,0,False,False,5005
small_world,high,short,453,0.005994005994005994,0.001998001998001998,21,21,0,False,True,2822
small_world,high,short,454,0.004995004995004995,0.000999000999000999,21,21,0,False,True,1966
small_world,high,short,455,0.002997002997002997,0.000999000999000999,21,21,0,False,True,2294
small_world,high,short,456,0.004995004995004995,0.000999000999000999,21,19,-2,False,True,3754
small_world,high,short,457,0.006993006993006993,0.001998001998001998,21,19,-2,False,True,3270
small_world,high,short,458,0.00999000999000999,0.002997002997002997,21,19,-2,False,True,3480
small_world,high,short,459,0.004995004995004995,0.002997002997002997,21,19,-2,False,True,3678
small_world,high,short,460,0.014985014985014986,0.004995004995004995,21,21,0,False,True,4802
small_world,high,short,461,0.014985014985014986,0.005994005994005994,21,19,-2,False,True,3941
small_world,high,short,462,0.001998001998001998,0.001998001998001998,21,19,-2,False,True,583
small_world,high,short,463,0.005994005994005994,0.002997002997002997,21,21,0,False,True,4956
small_world,high,short,464,0.007992007992007992,0.002997002997002997,21,19,-2,False,True,2884
small_world,high,short,465,0.004995004995004995,0.001998001998001998,21,21,0,False,True,1249
small_world,high,short,466,0.004995004995004995,0.000999000999000999,21,21,0,False,True,2154
small_world,high,short,467,0.003996003996003996,0.001998001998001998,21,19,-2,False,True,1772
small_world,high,short,468,0.006993006993006993,0.001998001998001998,21,19,-2,False,True,3971
small_world,high,short,469,0.015984015984015984,0.005994005994005994,21,19,-2,False,True,4856
small_world,high,short,470,0.002997002997002997,0.000999000999000999,21,21,0,False,True,3527
small_world,high,short,471,0.002997002997002997,0.001998001998001998,21,19,-2,False,True,679
small_world,high,short,472,0.003996003996003996,0.001998001998001998,21,21,0,False,True,4961
small_world,high,short,473,0.003996003996003996,0.000999000999000999,21,19,-2,False,True,1415
small_world,high,short,474,0.007992007992007992,0.002997002997002997,21,21,0,False,True,3565
small_world,high,short,475,0.002997002997002997,0.000999000999000999,21,19,-2,False,True,1375
small_world,high,short,476,0.002997002997002997,0.000999000999000999,21,21,0,False,True,3050
small_world,high,short,477,0.001998001998001998,0.000999000999000999,21,21,0,False,True,1398
small_world,high,short,478,0.007992007992007992,0.001998001998001998,21,21,0,False,True,3884
small_world,high,short,479,0.02197802197802198,0.007992007992007992,21,21,0,False,False,5005
small_world,high,short,480,0.005994005994005994,0.001998001998001998,21,21,0,False,True,1996
small_world,high,short,481,0.006993006993006993,0.001998001998001998,21,21,0,False,True,2867
small_world,high,short,482,0.003996003996003996,0.000999000999000999,21,21,0,False,True,924
small_world,high,short,483,0.004995004995004995,0.000999000999000999,21,21,0,False,True,2649
small_world,high,short,484,0.007992007992007992,0.001998001998001998,21,21,0,False,True,2830
small_world,high,short,485,0.005994005994005994,0.000999000999000999,21,21,0,False,True,2744
small_world,high,short,486,0.003996003996003996,0.000999000999000999,21,21,0,False,True,756
small_world,high,short,487,0.008991008991008992,0.000999000999000999,21,21,0,False,True,4691
small_world,high,short,488,0.005994005994005994,0.001998001998001998,21,21,0,False,True,2695
small_world,high,short,489,0.008991008991008992,0.004995004995004995,21,21,0,False,True,4115
small_world,high,short,490,0.007992007992007992,0.002997002997002997,21,19,-2,False,True,2466
small_world,high,short,491,0.004995004995004995,0.001998001998001998,21,21,0,False,True,1706
small_world,high,short,492,0.002997002997002997,0.000999000999000999,21,21,0,False,True,2399
small_world,high,short,493,0.001998001998001998,0.000999000999000999,21,21,0,False,True,1114
small_world,high,short,494,0.005994005994005994,0.003996003996003996,21,19,-2,False,True,1629
small_world,high,short,495,0.00999000999000999,0.002997002997002997,21,21,0,False,True,4197
small_world,high,short,496,0.002997002997002997,0.000999000999000999,21,21,0,False,False,5005
small_world,high,short,497,0.007992007992007992,0.003996003996003996,21,21,0,False,True,2587
small_world,high,short,498,0.004995004995004995,0.000999000999000999,21,21,0,False,True,2084
small_world,high,short,499,0.006993006993006993,0.003996003996003996,21,21,0,False,True,1002
small_world,high,short,500,0.003996003996003996,0.000999000999000999,21,21,0,False,True,1388
small_world,high,short,501,0.003996003996003996,0.001998001998001998,21,21,0,False,True,1844
small_world,high,short,502,0.007992007992007992,0.001998001998001998,21,21,0,False,True,2899
small_world,high,short,503,0.02197802197802198,0.008991008991008992,21,21,0,False,False,5005
small_world,high,short,504,0.001998001998001998,0.000999000999000999,21,21,0,False,True,351
small_world,high,short,505,0.004995004995004995,0.000999000999000999,21,21,0,False,True,2849
small_world,high,short,506,0.001998001998001998,0.000999000999000999,21,21,0,False,True,1100
small_world,high,short,507,0.00999000999000999,0.003996003996003996,21,19,-2,False,False,5005
small_world,high,short,508,0.005994005994005994,0.001998001998001998,21,21,0,False,True,3523
small_world,high,short,509,0.011988011988011988,0.006993006993006993,21,19,-2,False,True,3585
small_world,high,short,510,0.001998001998001998,0.001998001998001998,21,19,-2,False,True,1076
small_world,high,short,511,0.008991008991008992,0.002997002997002997,21,21,0,False,True,2763
small_world,high,short,512,0.001998001998001998,0.001998001998001998,21,19,-2,False,True,183
small_world,high,short,513,0.003996003996003996,0.001998001998001998,21,21,0,False,True,1149
small_world,high,short,514,0.01098901098901099,0.002997002997002997,21,21,0,False,False,5005
small_world,high,short,515,0.004995004995004995,0.000999000999000999,21,21,0,False,True,2267
small_world,high,short,516,0.004995004995004995,0.001998001998001998,21,21,0,False,True,2593
small_world,high,short,517,0.00999000999000999,0.001998001998001998,21,19,-2,False,True,4736
small_world,high,short,518,0.006993006993006993,0.001998001998001998,21,21,0,False,True,2350
small_world,high,short,519,0.004995004995004995,0.000999000999000999,21,21,0,False,True,2014
small_world,high,short,520,0.004995004995004995,0.000999000999000999,21,19,-2,False,True,1677
small_world,high,short,521,0.007992007992007992,0.003996003996003996,21,21,0,False,True,1645
small_world,high,short,522,0.016983016983016984,0.00999000999000999,21,19,-2,False,False,5005
small_world,high,short,523,0.004995004995004995,0.001998001998001998,21,21,0,False,True,2710
small_world,high,short,524,0.005994005994005994,0.001998001998001998,21,19,-2,False,True,3096
small_world,high,short,525,0.015984015984015984,0.005994005994005994,21,21,0,False,False,5005
small_world,high,short,526,0.006993006993006993,0.001998001998001998,21,21,0,False,True,1943
small_world,high,short,527,0.004995004995004995,0.001998001998001998,21,19,-2,False,True,1722
small_world,high,short,528,0.002997002997002997,0.000999000999000999,21,21,0,False,True,3038
small_world,high,short,529,0.003996003996003996,0.000999000999000999,21,21,0,False,True,968
small_world,high,short,530,0.001998001998001998,0.001998001998001998,21,21,0,False,True,1087
small_world,high,short,531,0.006993006993006993,0.001998001998001998,21,21,0,False,True,3079
small_world,high,short,532,0.003996003996003996,0.000999000999000999,21,21,0,False,True,2737
small_world,high,short,533,0.008991008991008992,0.003996003996003996,21,19,-2,False,True,2779
small_world,high,short,534,0.01098901098901099,0.003996003996003996,21,21,0,False,True,2245
small_world,high,short,535,0.00999000999000999,0.003996003996003996,21,19,-2,False,True,3137
small_world,high,short,536,0.003996003996003996,0.001998001998001998,21,21,0,False,True,1555
small_world,high,short,537,0.004995004995004995,0.001998001998001998,21,21,0,False,True,1910
small_world,high,short,538,0.011988011988011988,0.002997002997002997,21,21,0,False,False,5005
small_world,high,short,539,0.008991008991008992,0.002997002997002997,21,21,0,False,False,5005
small_world,high,short,540,0.003996003996003996,0.001998001998001998,21,21,0,False,True,3014
small_world,high,short,541,0.006993006993006993,0.001998001998001998,21,21,0,False,True,2091
small_world,high,short,542,0.002997002997002997,0.001998001998001998,21,21,0,False,True,1176
small_world,high,short,543,0.001998001998001998,0.000999000999000999,21,21,0,False,True,747
small_world,high,short,544,0.017982017982017984,0.004995004995004995,21,19,-2,False,True,4811
small_world,high,short,545,0.005994005994005994,0.001998001998001998,21,19,-2,False,True,3123
small_world,high,short,546,0.005994005994005994,0.002997002997002997,21,21,0,False,True,2293
small_world,high,short,547,0.003996003996003996,0.000999000999000999,21,19,-2,False,True,2119
small_world,high,short,548,0.007992007992007992,0.003996003996003996,21,21,0,False,False,5005
small_world,high,short,549,0.002997002997002997,0.000999000999000999,21,21,0,False,True,1971
small_world,high,short,550,0.006993006993006993,0.002997002997002997,21,19,-2,False,True,2656
small_world,high,short,551,0.002997002997002997,0.000999000999000999,21,21,0,False,True,1025
small_world,high,short,552,0.004995004995004995,0.000999000999000999,21,21,0,False,False,5005
small_world,high,short,553,0.008991008991008992,0.004995004995004995,21,19,-2,False,True,3225
small_world,high,short,554,0.00999000999000999,0.003996003996003996,21,19,-2,False,True,2770
small_world,high,short,555,0.00999000999000999,0.002997002997002997,21,21,0,False,False,5005
small_world,high,short,556,0.003996003996003996,0.000999000999000999,21,21,0,False,True,2940
small_world,high,short,557,0.006993006993006993,0.000999000999000999,21,21,0,False,True,2850
small_world,high,short,558,0.013986013986013986,0.006993006993006993,21,19,-2,False,False,5005
small_world,high,short,559,0.001998001998001998,0.000999000999000999,21,21,0,False,True,2009
small_world,high,short,560,0.004995004995004995,0.001998001998001998,21,21,0,False,True,1544
small_world,high,short,561,0.006993006993006993,0.001998001998001998,21,21,0,False,True,3687
small_world,high,short,562,0.004995004995004995,0.001998001998001998,21,19,-2,False,True,1579
small_world,high,short,563,0.004995004995004995,0.000999000999000999,21,21,0,False,True,1530
small_world,high,short,564,0.00999000999000999,0.003996003996003996,21,21,0,False,False,5005
small_world,high,short,565,0.011988011988011988,0.003996003996003996,21,19,-2,False,True,4825
small_world,high,short,566,0.012987012987012988,0.006993006993006993,21,19,-2,False,True,2946
small_world,high,short,567,0.017982017982017984,0.003996003996003996,21,19,-2,False,False,5005
small_world,high,short,568,0.01098901098901099,0.002997002997002997,21,21,0,False,True,3813
small_world,high,short,569,0.003996003996003996,0.000999000999000999,21,21,0,False,True,3030
small_world,high,short,570,0.00999000999000999,0.004995004995004995,21,19,-2,False,True,2549
small_world,high,short,571,0.002997002997002997,0.001998001998001998,21,21,0,False,True,1446
small_world,high,short,572,0.006993006993006993,0.001998001998001998,21,21,0,False,True,2012
small_world,high,short,573,0.007992007992007992,0.001998001998001998,21,21,0,False,False,5005
small_world,high,short,574,0.002997002997002997,0.000999000999000999,21,19,-2,False,True,1189
small_world,high,short,575,0.017982017982017984,0.006993006993006993,21,19,-2,False,True,4844
small_world,high,short,576,0.004995004995004995,0.001998001998001998,21,19,-2,False,True,1871
small_world,high,short,577,0.003996003996003996,0.001998001998001998,21,21,0,False,True,4139
small_world,high,short,578,0.003996003996003996,0.000999000999000999,21,21,0,False,True,789
small_world,high,short,579,0.003996003996003996,0.000999000999000999,21,21,0,False,True,2730
small_world,high,short,580,0.005994005994005994,0.002997002997002997,21,19,-2,False,True,4003
small_world,high,short,581,0.006993006993006993,0.001998001998001998,21,21,0,False,True,4193
small_world,high,short,582,0.002997002997002997,0.001998001998001998,21,21,0,False,True,2789
small_world,high,short,583,0.002997002997002997,0.000999000999000999,21,21,0,False,True,1773
small_world,high,short,584,0.005994005994005994,0.000999000999000999,21,21,0,False,True,2112
small_world,high,short,585,0.004995004995004995,0.001998001998001998,21,19,-2,False,False,5005
small_world,high,short,586,0.01998001998001998,0.007992007992007992,21,21,0,False,False,5005
small_world,high,short,587,0.00999000999000999,0.003996003996003996,21,21,0,False,False,5005
small_world,high,short,588,0.02197802197802198,0.01098901098901099,21,21,0,False,False,5005
small_world,high,short,589,0.005994005994005994,0.001998001998001998,21,21,0,False,True,4344
small_world,high,short,590,0.001998001998001998,0.000999000999000999,21,19,-2,False,True,767
small_world,high,short,591,0.008991008991008992,0.002997002997002997,21,19,-2,False,True,3957
small_world,high,short,592,0.005994005994005994,0.002997002997002997,21,21,0,False,False,5005
small_world,high,short,593,0.014985014985014986,0.005994005994005994,21,21,0,False,False,5005
small_world,high,short,594,0.007992007992007992,0.000999000999000999,21,21,0,False,True,3212
small_world,high,short,595,0.005994005994005994,0.001998001998001998,21,21,0,False,True,2482
small_world,high,short,596,0.003996003996003996,0.000999000999000999,21,21,0,False,True,473
small_world,high,short,597,0.006993006993006993,0.002997002997002997,21,19,-2,False,True,4125
small_world,high,short,598,0.005994005994005994,0.002997002997002997,21,19,-2,False,True,3938
small_world,high,short,599,0.024975024975024976,0.012987012987012988,21,17,-4,False,False,5005
small_world,high,short,600,0.002997002997002997,0.001998001998001998,21,21,0,False,True,840
small_world,high,short,601,0.002997002997002997,0.001998001998001998,21,21,0,False,True,303
small_world,high,short,602,0.003996003996003996,0.000999000999000999,21,21,0,False,True,2135
small_world,high,short,603,0.012987012987012988,0.007992007992007992,21,21,0,False,True,4684
small_world,high,short,604,0.016983016983016984,0.007992007992007992,21,19,-2,False,False,5005
small_world,high,short,605,0.02097902097902098,0.007992007992007992,21,19,-2,False,False,5005
small_world,high,short,606,0.008991008991008992,0.003996003996003996,21,21,0,False,True,4518
small_world,high,short,607,0.007992007992007992,0.002997002997002997,21,21,0,False,True,1745
small_world,high,short,608,0.006993006993006993,0.002997002997002997,21,19,-2,False,True,4648
small_world,high,short,609,0.004995004995004995,0.000999000999000999,21,21,0,False,True,2518
small_world,high,short,610,0.004995004995004995,0.001998001998001998,21,21,0,False,True,1587
small_world,high,short,611,0.002997002997002997,0.000999000999000999,21,21,0,False,True,2683
small_world,high,short,612,0.00999000999000999,0.005994005994005994,21,21,0,False,True,3862
small_world,high,short,613,0.008991008991008992,0.003996003996003996,21,19,-2,False,False,5005
small_world,high,short,614,0.00999000999000999,0.002997002997002997,21,19,-2,False,True,3804
small_world,high,short,615,0.012987012987012988,0.002997002997002997,21,21,0,False,True,3403
small_world,high,short,616,0.003996003996003996,0.000999000999000999,21,21,0,False,True,615
small_world,high,short,617,0.007992007992007992,0.003996003996003996,21,21,0,False,True,2982
small_world,high,short,618,0.005994005994005994,0.001998001998001998,21,19,-2,False,True,2546
small_world,high,short,619,0.006993006993006993,0.001998001998001998,21,21,0,False,True,1656
small_world,high,short,620,0.007992007992007992,0.002997002997002997,21,21,0,False,True,3147
small_world,high,short,621,0.01998001998001998,0.00999000999000999,21,19,-2,False,True,3916
small_world,high,short,622,0.002997002997002997,0.000999000999000999,21,21,0,False,True,3147
small_world,high,short,623,0.006993006993006993,0.001998001998001998,21,21,0,False,True,3534
small_world,high,short,624,0.006993006993006993,0.003996003996003996,21,21,0,False,True,3557
small_world,high,short,625,0.007992007992007992,0.001998001998001998,21,19,-2,False,True,3030
small_world,high,short,626,0.011988011988011988,0.002997002997002997,21,21,0,False,True,4577
small_world,high,short,627,0.003996003996003996,0.001998001998001998,21,21,0,False,True,925
small_world,high,short,628,0.005994005994005994,0.002997002997002997,21,21,0,False,True,3618
small_world,high,short,629,0.001998001998001998,0.000999000999000999,21,21,0,False,True,778
small_world,high,short,630,0.002997002997002997,0.001998001998001998,21,21,0,False,True,863
small_world,high,short,631,0.012987012987012988,0.003996003996003996,21,21,0,False,True,4265
small_world,high,short,632,0.002997002997002997,0.000999000999000999,21,21,0,False,True,652
small_world,high,short,633,0.003996003996003996,0.000999000999000999,21,21,0,False,True,1625
small_world,high,short,634,0.003996003996003996,0.000999000999000999,21,19,-2,False,True,2157
small_world,high,short,635,0.002997002997002997,0.000999000999000999,21,21,0,False,True,1694
small_world,high,short,636,0.01098901098901099,0.003996003996003996,21,21,0,False,True,3977
small_world,high,short,637,0.005994005994005994,0.001998001998001998,21,21,0,False,True,1432
small_world,high,short,638,0.004995004995004995,0.000999000999000999,21,21,0,False,True,2432
small_world,high,short,639,0.01098901098901099,0.003996003996003996,21,21,0,False,True,1902
small_world,high,short,640,0.012987012987012988,0.004995004995004995,21,19,-2,False,True,3183
small_world,high,short,641,0.012987012987012988,0.003996003996003996,21,21,0,False,True,4079
small_world,high,short,642,0.001998001998001998,0.000999000999000999,21,21,0,False,True,804
small_world,high,short,643,0.004995004995004995,0.000999000999000999,21,21,0,False,True,1830
small_world,high,short,644,0.002997002997002997,0.000999000999000999,21,21,0,False,True,774
small_world,high,short,645,0.01098901098901099,0.001998001998001998,21,21,0,False,True,4303
small_world,high,short,646,0.01098901098901099,0.005994005994005994,21,19,-2,False,True,3239
small_world,high,short,647,0.006993006993006993,0.000999000999000999,21,19,-2,False,False,5005
small_world,high,short,648,0.00999000999000999,0.001998001998001998,21,21,0,False,False,5005
small_world,high,short,649,0.002997002997002997,0.001998001998001998,21,21,0,False,True,1366
small_world,high,short,650,0.001998001998001998,0.000999000999000999,21,19,-2,False,True,665
small_world,high,short,651,0.013986013986013986,0.005994005994005994,21,21,0,False,False,5005
small_world,high,short,652,0.003996003996003996,0.001998001998001998,21,21,0,False,True,2225
small_world,high,short,653,0.002997002997002997,0.000999000999000999,21,21,0,False,True,117
small_world,high,short,654,0.006993006993006993,0.000999000999000999,21,21,0,False,True,3915
small_world,high,short,655,0.01998001998001998,0.006993006993006993,21,17,-4,False,False,5005
small_world,high,short,656,0.002997002997002997,0.000999000999000999,21,19,-2,False,True,1514
small_world,high,short,657,0.006993006993006993,0.002997002997002997,21,21,0,False,True,3084
small_world,high,short,658,0.008991008991008992,0.003996003996003996,21,19,-2,False,True,4502
small_world,high,short,659,0.01098901098901099,0.005994005994005994,21,21,0,False,True,2884
small_world,high,short,660,0.005994005994005994,0.001998001998001998,21,21,0,False,True,2054
small_world,high,short,661,0.008991008991008992,0.002997002997002997,21,21,0,False,True,4602
small_world,high,short,662,0.014985014985014986,0.004995004995004995,21,17,-4,False,True,3529
small_world,high,short,663,0.001998001998001998,0.001998001998001998,21,21,0,False,True,2148
small_world,high,short,664,0.008991008991008992,0.001998001998001998,21,19,-2,False,True,2137
small_world,high,short,665,0.001998001998001998,0.000999000999000999,21,21,0,False,True,1253
small_world,high,short,666,0.006993006993006993,0.001998001998001998,21,19,-2,False,True,2855
small_world,high,short,667,0.002997002997002997,0.001998001998001998,21,21,0,False,True,1608
small_world,high,short,668,0.007992007992007992,0.002997002997002997,21,19,-2,False,True,1841
small_world,high,short,669,0.003996003996003996,0.001998001998001998,21,21,0,False,True,699
small_world,high,short,670,0.002997002997002997,0.000999000999000999,21,21,0,False,True,1395
small_world,high,short,671,0.011988011988011988,0.005994005994005994,21,21,0,False,True,2816
small_world,high,short,672,0.005994005994005994,0.001998001998001998,21,19,-2,False,True,1870
small_world,high,short,673,0.006993006993006993,0.001998001998001998,21,21,0,False,True,3889
small_world,high,short,674,0.001998001998001998,0.000999000999000999,21,21,0,False,True,631
small_world,high,short,675,0.001998001998001998,0.000999000999000999,21,21,0,False,True,864
small_world,high,short,676,0.005994005994005994,0.000999000999000999,21,21,0,False,True,3981
small_world,high,short,677,0.00999000999000999,0.005994005994005994,21,21,0,False,False,5005
small_world,high,short,678,0.027972027972027972,0.00999000999000999,21,19,-2,False,False,5005
small_world,high,short,679,0.002997002997002997,0.001998001998001998,21,19,-2,False,True,307
small_world,high,short,680,0.006993006993006993,0.002997002997002997,21,17,-4,False,False,5005
small_world,high,short,681,0.011988011988011988,0.001998001998001998,21,21,0,False,True,3004
small_world,high,short,682,0.01098901098901099,0.002997002997002997,21,19,-2,False,True,3050
small_world,high,short,683,0.012987012987012988,0.002997002997002997,21,21,0,False,True,4102
small_world,high,short,684,0.006993006993006993,0.001998001998001998,21,21,0,False,True,3445
small_world,high,short,685,0.007992007992007992,0.004995004995004995,21,19,-2,False,True,2073
small_world,high,short,686,0.006993006993006993,0.000999000999000999,21,21,0,False,True,3056
small_world,high,short,687,0.008991008991008992,0.004995004995004995,21,19,-2,False,False,5005
small_world,high,short,688,0.006993006993006993,0.001998001998001998,21,19,-2,False,True,1343
small_world,high,short,689,0.001998001998001998,0.000999000999000999,21,21,0,False,True,256
small_world,high,short,690,0.01098901098901099,0.005994005994005994,21,21,0,False,True,3853
small_world,high,short,691,0.002997002997002997,0.000999000999000999,21,21,0,False,True,1783
small_world,high,short,692,0.007992007992007992,0.001998001998001998,21,19,-2,False,False,5005
small_world,high,short,693,0.003996003996003996,0.001998001998001998,21,21,0,False,True,1411
small_world,high,short,694,0.00999000999000999,0.002997002997002997,21,21,0,False,True,4436
small_world,high,short,695,0.003996003996003996,0.000999000999000999,21,21,0,False,True,1689
small_world,high,short,696,0.004995004995004995,0.000999000999000999,21,21,0,False,True,760
small_world,high,short,697,0.003996003996003996,0.000999000999000999,21,21,0,False,True,1311
small_world,high,short,698,0.003996003996003996,0.000999000999000999,21,21,0,False,True,1432
small_world,high,short,699,0.001998001998001998,0.001998001998001998,21,21,0,False,True,175
small_world,high,short,700,0.007992007992007992,0.003996003996003996,21,19,-2,False,False,5005
small_world,high,short,701,0.00999000999000999,0.003996003996003996,21,19,-2,False,True,3691
small_world,high,short,702,0.006993006993006993,0.001998001998001998,21,21,0,False,True,1556
small_world,high,short,703,0.006993006993006993,0.002997002997002997,21,21,0,False,True,4972
small_world,high,short,704,0.01098901098901099,0.002997002997002997,21,21,0,False,True,3345
small_world,high,short,705,0.002997002997002997,0.000999000999000999,21,19,-2,False,True,1725
small_world,high,short,706,0.005994005994005994,0.002997002997002997,21,21,0,False,True,1199
small_world,high,short,707,0.002997002997002997,0.000999000999000999,21,21,0,False,True,2927
small_world,high,short,708,0.001998001998001998,0.000999000999000999,21,21,0,False,True,317
small_world,high,short,709,0.003996003996003996,0.000999000999000999,21,21,0,False,True,598
small_world,high,short,710,0.004995004995004995,0.000999000999000999,21,21,0,False,True,1613
small_world,high,short,711,0.012987012987012988,0.005994005994005994,21,21,0,False,True,2727
small_world,high,short,712,0.002997002997002997,0.000999000999000999,21,21,0,False,True,782
small_world,high,short,713,0.014985014985014986,0.004995004995004995,21,21,0,False,False,5005
small_world,high,short,714,0.005994005994005994,0.002997002997002997,21,21,0,False,True,2580
small_world,high,short,715,0.004995004995004995,0.000999000999000999,21,21,0,False,True,2779
small_world,high,short,716,0.005994005994005994,0.002997002997002997,21,21,0,False,False,5005
small_world,high,short,717,0.005994005994005994,0.001998001998001998,21,19,-2,False,True,4483
small_world,high,short,718,0.005994005994005994,0.000999000999000999,21,21,0,False,True,3803
small_world,high,short,719,0.011988011988011988,0.003996003996003996,21,21,0,False,True,2774
small_world,high,short,720,0.003996003996003996,0.001998001998001998,21,21,0,False,True,1061
small_world,high,short,721,0.003996003996003996,0.000999000999000999,21,21,0,False,True,881
small_world,high,short,722,0.004995004995004995,0.002997002997002997,21,19,-2,False,True,4017
small_world,high,short,723,0.00999000999000999,0.003996003996003996,21,19,-2,False,True,4176
small_world,high,short,724,0.01098901098901099,0.004995004995004995,21,21,0,False,False,5005
small_world,high,short,725,0.001998001998001998,0.001998001998001998,21,21,0,False,False,5005
small_world,high,short,726,0.007992007992007992,0.002997002997002997,21,21,0,False,True,2100
small_world,high,short,727,0.007992007992007992,0.002997002997002997,21,17,-4,False,True,3640
small_world,high,short,728,0.008991008991008992,0.003996003996003996,21,19,-2,False,True,1724
small_world,high,short,729,0.007992007992007992,0.001998001998001998,21,19,-2,False,True,1240
small_world,high,short,730,0.006993006993006993,0.002997002997002997,21,19,-2,False,False,5005
small_world,high,short,731,0.00999000999000999,0.003996003996003996,21,19,-2,False,False,5005
small_world,high,short,732,0.003996003996003996,0.002997002997002997,21,21,0,False,True,1791
small_world,high,short,733,0.008991008991008992,0.002997002997002997,21,21,0,False,True,3682
small_world,high,short,734,0.006993006993006993,0.001998001998001998,21,21,0,False,True,4663
small_world,high,short,735,0.007992007992007992,0.002997002997002997,21,19,-2,False,True,3546
small_world,high,short,736,0.002997002997002997,0.000999000999000999,21,21,0,False,True,670
small_world,high,short,737,0.007992007992007992,0.002997002997002997,21,21,0,False,True,1784
small_world,high,short,738,0.006993006993006993,0.004995004995004995,21,19,-2,False,True,2136
small_world,high,short,739,0.007992007992007992,0.001998001998001998,21,21,0,False,True,1862
small_world,high,short,740,0.008991008991008992,0.004995004995004995,21,19,-2,False,True,2683
small_world,high,short,741,0.005994005994005994,0.000999000999000999,21,21,0,False,True,3897
small_world,high,short,742,0.004995004995004995,0.000999000999000999,21,21,0,False,True,2040
small_world,high,short,743,0.011988011988011988,0.003996003996003996,21,21,0,False,True,1642
small_world,high,short,744,0.008991008991008992,0.002997002997002997,21,21,0,False,True,1981
small_world,high,short,745,0.007992007992007992,0.001998001998001998,21,21,0,False,True,4440
small_world,high,short,746,0.02097902097902098,0.007992007992007992,21,19,-2,False,True,4155
small_world,high,short,747,0.004995004995004995,0.001998001998001998,21,21,0,False,True,2699
small_world,high,short,748,0.00999000999000999,0.004995004995004995,21,21,0,False,False,5005
small_world,high,short,749,0.011988011988011988,0.004995004995004995,21,21,0,False,True,3633
small_world,high,short,750,0.006993006993006993,0.001998001998001998,21,21,0,False,True,3079
small_world,high,short,751,0.002997002997002997,0.000999000999000999,21,21,0,False,True,2003
small_world,high,short,752,0.01898101898101898,0.006993006993006993,21,17,-4,False,False,5005
small_world,high,short,753,0.001998001998001998,0.000999000999000999,21,21,0,False,True,970
small_world,high,short,754,0.011988011988011988,0.005994005994005994,21,19,-2,False,True,2609
small_world,high,short,755,0.007992007992007992,0.004995004995004995,21,17,-4,False,True,1380
small_world,high,short,756,0.001998001998001998,0.000999000999000999,21,21,0,False,True,1122
small_world,high,short,757,0.006993006993006993,0.001998001998001998,21,19,-2,False,True,1766
small_world,high,short,758,0.002997002997002997,0.000999000999000999,21,21,0,False,True,1293
small_world,high,short,759,0.012987012987012988,0.004995004995004995,21,21,0,False,True,3871
small_world,high,short,760,0.008991008991008992,0.001998001998001998,21,21,0,False,True,4345
small_world,high,short,761,0.003996003996003996,0.001998001998001998,21,21,0,False,True,2826
small_world,high,short,762,0.002997002997002997,0.001998001998001998,21,19,-2,False,True,314
small_world,high,short,763,0.007992007992007992,0.002997002997002997,21,21,0,False,True,4031
small_world,high,short,764,0.008991008991008992,0.000999000999000999,21,21,0,False,True,3755
small_world,high,short,765,0.003996003996003996,0.000999000999000999,21,21,0,False,True,985
small_world,high,short,766,0.007992007992007992,0.003996003996003996,21,19,-2,False,True,3070
small_world,high,short,767,0.003996003996003996,0.001998001998001998,21,19,-2,False,True,806
small_world,high,short,768,0.00999000999000999,0.002997002997002997,21,21,0,False,True,4402
small_world,high,short,769,0.002997002997002997,0.000999000999000999,21,21,0,False,True,2702
small_world,high,short,770,0.01098901098901099,0.003996003996003996,21,19,-2,False,True,4153
small_world,high,short,771,0.017982017982017984,0.005994005994005994,21,17,-4,False,True,3592
small_world,high,short,772,0.003996003996003996,0.000999000999000999,21,19,-2,False,True,3240
small_world,high,short,773,0.006993006993006993,0.003996003996003996,21,21,0,False,True,2779
small_world,high,short,774,0.011988011988011988,0.004995004995004995,21,21,0,False,True,3237
small_world,high,short,775,0.001998001998001998,0.000999000999000999,21,21,0,False,True,1208
small_world,high,short,776,0.005994005994005994,0.002997002997002997,21,21,0,False,True,3089
small_world,high,short,777,0.004995004995004995,0.001998001998001998,21,21,0,False,True,2156
small_world,high,short,778,0.004995004995004995,0.000999000999000999,21,19,-2,False,True,1872
small_world,high,short,779,0.006993006993006993,0.001998001998001998,21,21,0,False,True,2000
small_world,high,short,780,0.012987012987012988,0.005994005994005994,21,21,0,False,True,2729
small_world,high,short,781,0.005994005994005994,0.001998001998001998,21,21,0,False,True,3950
small_world,high,short,782,0.011988011988011988,0.002997002997002997,21,19,-2,False,True,4844
small_world,high,short,783,0.011988011988011988,0.005994005994005994,21,17,-4,False,True,4684
small_world,high,short,784,0.001998001998001998,0.000999000999000999,21,21,0,False,True,1284
small_world,high,short,785,0.001998001998001998,0.000999000999000999,21,19,-2,False,True,1432
small_world,high,short,786,0.006993006993006993,0.003996003996003996,21,21,0,False,True,2868
small_world,high,short,787,0.005994005994005994,0.000999000999000999,21,21,0,False,True,1735
small_world,high,short,788,0.006993006993006993,0.003996003996003996,21,19,-2,False,True,2351
small_world,high,short,789,0.003996003996003996,0.000999000999000999,21,19,-2,False,True,2840
small_world,high,short,790,0.002997002997002997,0.001998001998001998,21,21,0,False,True,729
small_world,high,short,791,0.008991008991008992,0.003996003996003996,21,21,0,False,False,5005
small_world,high,short,792,0.001998001998001998,0.000999000999000999,21,21,0,False,True,2024
small_world,high,short,793,0.001998001998001998,0.001998001998001998,21,19,-2,False,True,365
small_world,high,short,794,0.002997002997002997,0.000999000999000999,21,19,-2,False,False,5005
small_world,high,short,795,0.003996003996003996,0.000999000999000999,21,19,-2,False,True,3432
small_world,high,short,796,0.002997002997002997,0.000999000999000999,21,21,0,False,True,727
small_world,high,short,797,0.006993006993006993,0.001998001998001998,21,19,-2,False,True,4360
small_world,high,short,798,0.022977022977022976,0.00999000999000999,21,15,-6,False,False,5005
small_world,high,short,799,0.003996003996003996,0.000999000999000999,21,21,0,False,True,1934
small_world,high,short,800,0.008991008991008992,0.006993006993006993,21,17,-4,False,True,3073
small_world,high,short,801,0.013986013986013986,0.005994005994005994,21,21,0,False,False,5005
small_world,high,short,802,0.003996003996003996,0.000999000999000999,21,21,0,False,True,1426
small_world,high,short,803,0.004995004995004995,0.000999000999000999,21,21,0,False,True,2074
small_world,high,short,804,0.008991008991008992,0.003996003996003996,21,19,-2,False,True,3523
small_world,high,short,805,0.001998001998001998,0.000999000999000999,21,21,0,False,True,497
small_world,high,short,806,0.004995004995004995,0.002997002997002997,21,21,0,False,True,3169
small_world,high,short,807,0.008991008991008992,0.003996003996003996,21,17,-4,False,True,1855
small_world,high,short,808,0.008991008991008992,0.003996003996003996,21,19,-2,False,False,5005
small_world,high,short,809,0.008991008991008992,0.002997002997002997,21,21,0,False,True,2467
small_world,high,short,810,0.023976023976023976,0.011988011988011988,21,17,-4,False,True,4659
small_world,high,short,811,0.004995004995004995,0.001998001998001998,21,21,0,False,True,2283
small_world,high,short,812,0.006993006993006993,0.003996003996003996,21,21,0,False,True,3033
small_world,high,short,813,0.005994005994005994,0.000999000999000999,21,21,0,False,True,3260
small_world,high,short,814,0.001998001998001998,0.000999000999000999,21,19,-2,False,True,1513
small_world,high,short,815,0.007992007992007992,0.002997002997002997,21,19,-2,False,True,2665
small_world,high,short,816,0.005994005994005994,0.001998001998001998,21,19,-2,False,True,3134
small_world,high,short,817,0.014985014985014986,0.004995004995004995,21,21,0,False,False,5005
small_world,high,short,818,0.007992007992007992,0.001998001998001998,21,19,-2,False,True,2950
small_world,high,short,819,0.008991008991008992,0.000999000999000999,21,21,0,False,True,3307
small_world,high,short,820,0.004995004995004995,0.001998001998001998,21,21,0,False,True,2054
small_world,high,short,821,0.007992007992007992,0.003996003996003996,21,21,0,False,True,4036
small_world,high,short,822,0.004995004995004995,0.000999000999000999,21,21,0,False,True,1832
small_world,high,short,823,0.006993006993006993,0.002997002997002997,21,21,0,False,False,5005
small_world,high,short,824,0.005994005994005994,0.001998001998001998,21,21,0,False,True,765
small_world,high,short,825,0.005994005994005994,0.001998001998001998,21,21,0,False,False,5005
small_world,high,short,826,0.008991008991008992,0.002997002997002997,21,21,0,False,False,5005
small_world,high,short,827,0.007992007992007992,0.001998001998001998,21,19,-2,False,True,4755
small_world,high,short,828,0.011988011988011988,0.004995004995004995,21,21,0,False,False,5005
small_world,high,short,829,0.006993006993006993,0.001998001998001998,21,19,-2,False,True,920
small_world,high,short,830,0.01098901098901099,0.003996003996003996,21,21,0,False,False,5005
small_world,high,short,831,0.01098901098901099,0.003996003996003996,21,19,-2,False,True,3826
small_world,high,short,832,0.004995004995004995,0.000999000999000999,21,21,0,False,True,1738
small_world,high,short,833,0.002997002997002997,0.000999000999000999,21,21,0,False,True,686
small_world,high,short,834,0.006993006993006993,0.002997002997002997,21,21,0,False,True,3101
small_world,high,short,835,0.01098901098901099,0.004995004995004995,21,19,-2,False,False,5005
small_world,high,short,836,0.016983016983016984,0.007992007992007992,21,19,-2,False,True,4294
small_world,high,short,837,0.002997002997002997,0.001998001998001998,21,21,0,False,True,452
small_world,high,short,838,0.011988011988011988,0.003996003996003996,21,19,-2,False,False,5005
small_world,high,short,839,0.002997002997002997,0.000999000999000999,21,21,0,False,True,347
small_world,high,short,840,0.007992007992007992,0.004995004995004995,21,21,0,False,True,4127
small_world,high,short,841,0.002997002997002997,0.001998001998001998,21,21,0,False,True,447
small_world,high,short,842,0.003996003996003996,0.000999000999000999,21,21,0,False,True,2777
small_world,high,short,843,0.004995004995004995,0.000999000999000999,21,21,0,False,True,2257
small_world,high,short,844,0.002997002997002997,0.000999000999000999,21,21,0,False,True,2313
small_world,high,short,845,0.001998001998001998,0.000999000999000999,21,21,0,False,True,683
small_world,high,short,846,0.001998001998001998,0.000999000999000999,21,21,0,False,True,560
small_world,high,short,847,0.005994005994005994,0.001998001998001998,21,21,0,False,True,3987
small_world,high,short,848,0.001998001998001998,0.000999000999000999,21,21,0,False,True,511
small_world,high,short,849,0.004995004995004995,0.000999000999000999,21,21,0,False,True,2354
small_world,high,short,850,0.012987012987012988,0.005994005994005994,21,21,0,False,True,3757
small_world,high,short,851,0.013986013986013986,0.004995004995004995,21,21,0,False,True,2685
small_world,high,short,852,0.005994005994005994,0.000999000999000999,21,21,0,False,True,2092
small_world,high,short,853,0.003996003996003996,0.000999000999000999,21,21,0,False,True,2253
small_world,high,short,854,0.003996003996003996,0.001998001998001998,21,21,0,False,True,3949
small_world,high,short,855,0.004995004995004995,0.000999000999000999,21,21,0,False,True,2648
small_world,high,short,856,0.003996003996003996,0.000999000999000999,21,21,0,False,True,953
small_world,high,short,857,0.012987012987012988,0.005994005994005994,21,19,-2,False,False,5005
small_world,high,short,858,0.01098901098901099,0.004995004995004995,21,19,-2,False,True,2430
small_world,high,short,859,0.001998001998001998,0.000999000999000999,21,21,0,False,True,281
small_world,high,short,860,0.005994005994005994,0.000999000999000999,21,21,0,False,True,3519
small_world,high,short,861,0.008991008991008992,0.001998001998001998,21,19,-2,False,True,4727
small_world,high,short,862,0.005994005994005994,0.001998001998001998,21,21,0,False,True,3187
small_world,high,short,863,0.005994005994005994,0.002997002997002997,21,21,0,False,True,542
small_world,high,short,864,0.016983016983016984,0.008991008991008992,21,21,0,False,True,4073
small_world,high,short,865,0.015984015984015984,0.004995004995004995,21,19,-2,False,True,2086
small_world,high,short,866,0.011988011988011988,0.004995004995004995,21,21,0,False,False,5005
small_world,high,short,867,0.005994005994005994,0.000999000999000999,21,21,0,False,True,1598
small_world,high,short,868,0.002997002997002997,0.000999000999000999,21,21,0,False,True,656
small_world,high,short,869,0.006993006993006993,0.002997002997002997,21,21,0,False,True,3218
small_world,high,short,870,0.003996003996003996,0.000999000999000999,21,21,0,False,True,2186
small_world,high,short,871,0.008991008991008992,0.004995004995004995,21,21,0,False,True,1539
small_world,high,short,872,0.006993006993006993,0.002997002997002997,21,21,0,False,True,2448
small_world,high,short,873,0.008991008991008992,0.003996003996003996,21,19,-2,False,True,2596
small_world,high,short,874,0.006993006993006993,0.002997002997002997,21,19,-2,False,True,1937
small_world,high,short,875,0.007992007992007992,0.002997002997002997,21,21,0,False,True,3325
small_world,high,short,876,0.006993006993006993,0.001998001998001998,21,21,0,False,True,2363
small_world,high,short,877,0.003996003996003996,0.001998001998001998,21,21,0,False,True,594
small_world,high,short,878,0.001998001998001998,0.000999000999000999,21,21,0,False,True,849
small_world,high,short,879,0.005994005994005994,0.002997002997002997,21,21,0,False,True,2258
small_world,high,short,880,0.001998001998001998,0.000999000999000999,21,21,0,False,True,435
small_world,high,short,881,0.003996003996003996,0.002997002997002997,21,21,0,False,True,1528
small_world,high,short,882,0.004995004995004995,0.001998001998001998,21,21,0,False,True,2792
small_world,high,short,883,0.008991008991008992,0.003996003996003996,21,21,0,False,True,3611
small_world,high,short,884,0.01898101898101898,0.01098901098901099,21,21,0,False,False,5005
small_world,high,short,885,0.013986013986013986,0.004995004995004995,21,17,-4,False,True,2542
small_world,high,short,886,0.011988011988011988,0.004995004995004995,21,17,-4,False,False,5005
small_world,high,short,887,0.014985014985014986,0.006993006993006993,21,21,0,False,True,4497
small_world,high,short,888,0.003996003996003996,0.000999000999000999,21,19,-2,False,True,2418
small_world,high,short,889,0.008991008991008992,0.003996003996003996,21,21,0,False,True,2214
small_world,high,short,890,0.003996003996003996,0.000999000999000999,21,21,0,False,True,3519
small_world,high,short,891,0.003996003996003996,0.000999000999000999,21,21,0,False,True,1468
small_world,high,short,892,0.004995004995004995,0.002997002997002997,21,21,0,False,True,1329
small_world,high,short,893,0.006993006993006993,0.002997002997002997,21,19,-2,False,True,3877
small_world,high,short,894,0.006993006993006993,0.003996003996003996,21,21,0,False,True,3203
small_world,high,short,895,0.004995004995004995,0.000999000999000999,21,21,0,False,True,1459
small_world,high,short,896,0.00999000999000999,0.002997002997002997,21,19,-2,False,True,3684
small_world,high,short,897,0.007992007992007992,0.003996003996003996,21,19,-2,False,True,4817
small_world,high,short,898,0.011988011988011988,0.004995004995004995,21,21,0,False,True,4040
small_world,high,short,899,0.003996003996003996,0.000999000999000999,21,21,0,False,True,1580
small_world,high,short,900,0.002997002997002997,0.000999000999000999,21,21,0,False,True,1538
small_world,high,short,901,0.005994005994005994,0.002997002997002997,21,21,0,False,True,4236
small_world,high,short,902,0.001998001998001998,0.000999000999000999,21,21,0,False,True,101
small_world,high,short,903,0.001998001998001998,0.000999000999000999,21,21,0,False,True,295
small_world,high,short,904,0.004995004995004995,0.001998001998001998,21,21,0,False,True,1358
small_world,high,short,905,0.008991008991008992,0.004995004995004995,21,15,-6,False,True,4333
small_world,high,short,906,0.005994005994005994,0.001998001998001998,21,21,0,False,True,2658
small_world,high,short,907,0.005994005994005994,0.001998001998001998,21,21,0,False,False,5005
small_world,high,short,908,0.001998001998001998,0.000999000999000999,21,21,0,False,True,1021
small_world,high,short,909,0.012987012987012988,0.002997002997002997,21,19,-2,False,True,4203
small_world,high,short,910,0.001998001998001998,0.000999000999000999,21,21,0,False,True,727
small_world,high,short,911,0.015984015984015984,0.006993006993006993,21,21,0,False,False,5005
small_world,high,short,912,0.005994005994005994,0.001998001998001998,21,21,0,False,True,1428
small_world,high,short,913,0.008991008991008992,0.003996003996003996,21,21,0,False,True,2233
small_world,high,short,914,0.004995004995004995,0.000999000999000999,21,21,0,False,True,3991
small_world,high,short,915,0.002997002997002997,0.000999000999000999,21,19,-2,False,True,285
small_world,high,short,916,0.007992007992007992,0.004995004995004995,21,21,0,False,True,3993
small_world,high,short,917,0.006993006993006993,0.001998001998001998,21,19,-2,False,True,4512
small_world,high,short,918,0.004995004995004995,0.001998001998001998,21,21,0,False,True,1061
small_world,high,short,919,0.012987012987012988,0.006993006993006993,21,17,-4,False,False,5005
small_world,high,short,920,0.01098901098901099,0.004995004995004995,21,21,0,False,True,2887
small_world,high,short,921,0.002997002997002997,0.000999000999000999,21,21,0,False,True,1885
small_world,high,short,922,0.006993006993006993,0.001998001998001998,21,21,0,False,False,5005
small_world,high,short,923,0.016983016983016984,0.007992007992007992,21,19,-2,False,False,5005
small_world,high,short,924,0.005994005994005994,0.001998001998001998,21,19,-2,False,True,2413
small_world,high,short,925,0.003996003996003996,0.000999000999000999,21,21,0,False,True,1680
small_world,high,short,926,0.002997002997002997,0.000999000999000999,21,21,0,False,True,1724
small_world,high,short,927,0.005994005994005994,0.000999000999000999,21,21,0,False,True,2909
small_world,high,short,928,0.006993006993006993,0.002997002997002997,21,21,0,False,True,2410
small_world,high,short,929,0.01998001998001998,0.007992007992007992,21,15,-6,False,False,5005
small_world,high,short,930,0.002997002997002997,0.000999000999000999,21,19,-2,False,True,865
small_world,high,short,931,0.004995004995004995,0.001998001998001998,21,21,0,False,True,3335
small_world,high,short,932,0.01098901098901099,0.001998001998001998,21,21,0,False,True,3645
small_world,high,short,933,0.011988011988011988,0.003996003996003996,21,21,0,False,True,2730
small_world,high,short,934,0.004995004995004995,0.001998001998001998,21,21,0,False,True,2059
small_world,high,short,935,0.015984015984015984,0.003996003996003996,21,19,-2,False,True,4793
small_world,high,short,936,0.006993006993006993,0.001998001998001998,21,21,0,False,True,1171
small_world,high,short,937,0.01098901098901099,0.003996003996003996,21,19,-2,False,True,2333
small_world,high,short,938,0.001998001998001998,0.000999000999000999,21,21,0,False,True,1008
small_world,high,short,939,0.005994005994005994,0.001998001998001998,21,21,0,False,True,4939
small_world,high,short,940,0.00999000999000999,0.003996003996003996,21,21,0,False,False,5005
small_world,high,short,941,0.001998001998001998,0.000999000999000999,21,21,0,False,True,2053
small_world,high,short,942,0.001998001998001998,0.001998001998001998,21,21,0,False,True,697
small_world,high,short,943,0.004995004995004995,0.001998001998001998,21,21,0,False,True,1442
small_world,high,short,944,0.003996003996003996,0.002997002997002997,21,21,0,False,True,1618
small_world,high,short,945,0.00999000999000999,0.003996003996003996,21,21,0,False,True,3402
small_world,high,short,946,0.004995004995004995,0.001998001998001998,21,21,0,False,True,1864
small_world,high,short,947,0.007992007992007992,0.001998001998001998,21,21,0,False,True,4545
small_world,high,short,948,0.014985014985014986,0.007992007992007992,21,17,-4,False,True,4002
small_world,high,short,949,0.008991008991008992,0.002997002997002997,21,21,0,False,False,5005
small_world,high,short,950,0.008991008991008992,0.003996003996003996,21,19,-2,False,False,5005
small_world,high,short,951,0.002997002997002997,0.000999000999000999,21,21,0,False,True,929
small_world,high,short,952,0.01098901098901099,0.001998001998001998,21,21,0,False,True,3687
small_world,high,short,953,0.013986013986013986,0.005994005994005994,21,19,-2,False,True,4416
small_world,high,short,954,0.011988011988011988,0.002997002997002997,21,21,0,False,True,4267
small_world,high,short,955,0.003996003996003996,0.002997002997002997,21,21,0,False,True,2147
small_world,high,short,956,0.013986013986013986,0.006993006993006993,21,17,-4,False,True,3407
small_world,high,short,957,0.003996003996003996,0.001998001998001998,21,21,0,False,True,357
small_world,high,short,958,0.005994005994005994,0.000999000999000999,21,21,0,False,True,4094
small_world,high,short,959,0.004995004995004995,0.000999000999000999,21,21,0,False,True,1866
small_world,high,short,960,0.005994005994005994,0.001998001998001998,21,21,0,False,True,4172
small_world,high,short,961,0.001998001998001998,0.000999000999000999,21,21,0,False,True,425
small_world,high,short,962,0.01098901098901099,0.004995004995004995,21,21,0,False,True,2521
small_world,high,short,963,0.004995004995004995,0.001998001998001998,21,21,0,False,True,3764
small_world,high,short,964,0.006993006993006993,0.000999000999000999,21,21,0,False,True,3645
small_world,high,short,965,0.005994005994005994,0.002997002997002997,21,21,0,False,False,5005
small_world,high,short,966,0.004995004995004995,0.000999000999000999,21,21,0,False,True,929
small_world,high,short,967,0.003996003996003996,0.000999000999000999,21,21,0,False,True,1843
small_world,high,short,968,0.002997002997002997,0.000999000999000999,21,21,0,False,True,931
small_world,high,short,969,0.008991008991008992,0.002997002997002997,21,19,-2,False,True,3010
small_world,high,short,970,0.005994005994005994,0.001998001998001998,21,21,0,False,True,1289
small_world,high,short,971,0.002997002997002997,0.000999000999000999,21,19,-2,False,True,2600
small_world,high,short,972,0.004995004995004995,0.001998001998001998,21,21,0,False,True,1484
small_world,high,short,973,0.003996003996003996,0.000999000999000999,21,19,-2,False,True,3919
small_world,high,short,974,0.003996003996003996,0.002997002997002997,21,21,0,False,True,1113
small_world,high,short,975,0.001998001998001998,0.001998001998001998,21,21,0,False,True,203
small_world,high,short,976,0.002997002997002997,0.000999000999000999,21,21,0,False,True,2521
small_world,high,short,977,0.003996003996003996,0.001998001998001998,21,21,0,False,True,1428
small_world,high,short,978,0.003996003996003996,0.001998001998001998,21,21,0,False,True,1742
small_world,high,short,979,0.004995004995004995,0.003996003996003996,21,21,0,False,True,2789
small_world,high,short,980,0.001998001998001998,0.000999000999000999,21,19,-2,False,True,1906
small_world,high,short,981,0.002997002997002997,0.000999000999000999,21,21,0,False,True,1155
small_world,high,short,982,0.006993006993006993,0.002997002997002997,21,21,0,False,True,2694
small_world,high,short,983,0.004995004995004995,0.000999000999000999,21,21,0,False,True,3304
small_world,high,short,984,0.003996003996003996,0.000999000999000999,21,21,0,False,True,718
small_world,high,short,985,0.008991008991008992,0.004995004995004995,21,19,-2,False,True,4761
small_world,high,short,986,0.011988011988011988,0.004995004995004995,21,21,0,False,True,4409
small_world,high,short,987,0.003996003996003996,0.000999000999000999,21,21,0,False,True,1158
small_world,high,short,988,0.004995004995004995,0.000999000999000999,21,21,0,False,True,990
small_world,high,short,989,0.004995004995004995,0.001998001998001998,21,21,0,False,True,2849
small_world,high,short,990,0.005994005994005994,0.001998001998001998,21,21,0,False,True,1687
small_world,high,short,991,0.002997002997002997,0.000999000999000999,21,19,-2,False,True,2377
small_world,high,short,992,0.001998001998001998,0.000999000999000999,21,21,0,False,True,466
small_world,high,short,993,0.00999000999000999,0.003996003996003996,21,21,0,False,True,3016
small_world,high,short,994,0.002997002997002997,0.001998001998001998,21,21,0,False,True,1677
small_world,high,short,995,0.002997002997002997,0.001998001998001998,21,21,0,False,True,789
small_world,high,short,996,0.003996003996003996,0.001998001998001998,21,19,-2,False,True,1690
small_world,high,short,997,0.007992007992007992,0.003996003996003996,21,21,0,False,True,1153
small_world,high,short,998,0.013986013986013986,0.005994005994005994,21,19,-2,False,False,5005
small_world,high,short,999,0.002997002997002997,0.000999000999000999,21,21,0,False,True,1151
small_world,high,long,0,0.005994005994005994,0.001998001998001998,21,19,-2,False,True,4244
small_world,high,long,1,0.001998001998001998,0.000999000999000999,21,21,0,False,True,998
small_world,high,long,2,0.04495504495504495,0.01998001998001998,21,17,-4,False,True,9752
small_world,high,long,3,0.004995004995004995,0.000999000999000999,21,21,0,False,True,3063
small_world,high,long,4,0.005994005994005994,0.003996003996003996,21,21,0,False,True,3277
small_world,high,long,5,0.01098901098901099,0.003996003996003996,21,17,-4,False,True,3169
small_world,high,long,6,0.01098901098901099,0.003996003996003996,21,19,-2,False,True,6357
small_world,high,long,7,0.017982017982017984,0.005994005994005994,21,21,0,False,True,5851
small_world,high,long,8,0.002997002997002997,0.001998001998001998,21,19,-2,False,True,1698
small_world,high,long,9,0.002997002997002997,0.000999000999000999,21,21,0,False,True,198
small_world,high,long,10,0.01098901098901099,0.003996003996003996,21,19,-2,False,True,4490
small_world,high,long,11,0.006993006993006993,0.001998001998001998,21,21,0,False,True,1387
small_world,high,long,12,0.02097902097902098,0.007992007992007992,21,21,0,False,True,7020
small_world,high,long,13,0.003996003996003996,0.000999000999000999,21,21,0,False,True,1401
small_world,high,long,14,0.002997002997002997,0.000999000999000999,21,21,0,False,True,561
small_world,high,long,15,0.001998001998001998,0.001998001998001998,21,21,0,False,True,187
small_world,high,long,16,0.004995004995004995,0.002997002997002997,21,17,-4,False,True,1572
small_world,high,long,17,0.004995004995004995,0.001998001998001998,21,19,-2,False,True,2116
small_world,high,long,18,0.012987012987012988,0.003996003996003996,21,21,0,False,True,5262
small_world,high,long,19,0.003996003996003996,0.000999000999000999,21,21,0,False,True,1157
small_world,high,long,20,0.008991008991008992,0.002997002997002997,21,21,0,False,True,2851
small_world,high,long,21,0.01098901098901099,0.004995004995004995,21,17,-4,False,True,5539
small_world,high,long,22,0.002997002997002997,0.000999000999000999,21,21,0,False,True,1968
small_world,high,long,23,0.011988011988011988,0.003996003996003996,21,21,0,False,True,4842
small_world,high,long,24,0.002997002997002997,0.000999000999000999,21,19,-2,False,True,1405
small_world,high,long,25,0.005994005994005994,0.001998001998001998,21,21,0,False,True,3054
small_world,high,long,26,0.01898101898101898,0.006993006993006993,21,21,0,False,True,4561
small_world,high,long,27,0.012987012987012988,0.003996003996003996,21,21,0,False,True,2352
small_world,high,long,28,0.002997002997002997,0.000999000999000999,21,19,-2,False,True,752
small_world,high,long,29,0.016983016983016984,0.008991008991008992,21,19,-2,False,True,4531
small_world,high,long,30,0.006993006993006993,0.001998001998001998,21,21,0,False,True,2648
small_world,high,long,31,0.007992007992007992,0.001998001998001998,21,19,-2,False,True,2135
small_world,high,long,32,0.004995004995004995,0.002997002997002997,21,19,-2,False,True,1572
small_world,high,long,33,0.005994005994005994,0.002997002997002997,21,21,0,False,True,2618
small_world,high,long,34,0.007992007992007992,0.002997002997002997,21,21,0,False,True,4084
small_world,high,long,35,0.006993006993006993,0.001998001998001998,21,21,0,False,True,2930
small_world,high,long,36,0.002997002997002997,0.000999000999000999,21,21,0,False,True,1045
small_world,high,long,37,0.007992007992007992,0.003996003996003996,21,19,-2,False,True,3374
small_world,high,long,38,0.006993006993006993,0.001998001998001998,21,19,-2,False,True,3560
small_world,high,long,39,0.008991008991008992,0.001998001998001998,21,21,0,False,True,3968
small_world,high,long,40,0.003996003996003996,0.000999000999000999,21,21,0,False,True,1489
small_world,high,long,41,0.002997002997002997,0.000999000999000999,21,21,0,False,True,849
small_world,high,long,42,0.004995004995004995,0.001998001998001998,21,21,0,False,True,1540
small_world,high,long,43,0.004995004995004995,0.001998001998001998,21,21,0,False,True,1143
small_world,high,long,44,0.001998001998001998,0.000999000999000999,21,19,-2,False,True,1007
small_world,high,long,45,0.001998001998001998,0.000999000999000999,21,21,0,False,True,487
small_world,high,long,46,0.004995004995004995,0.002997002997002997,21,19,-2,False,True,3277
small_world,high,long,47,0.004995004995004995,0.001998001998001998,21,21,0,False,True,1945
small_world,high,long,48,0.007992007992007992,0.001998001998001998,21,21,0,False,True,3901
small_world,high,long,49,0.024975024975024976,0.01098901098901099,21,21,0,False,True,8984
small_world,high,long,50,0.003996003996003996,0.001998001998001998,21,21,0,False,True,2397
small_world,high,long,51,0.003996003996003996,0.000999000999000999,21,21,0,False,True,2119
small_world,high,long,52,0.003996003996003996,0.001998001998001998,21,21,0,False,True,909
small_world,high,long,53,0.01098901098901099,0.002997002997002997,21,19,-2,False,True,2542
small_world,high,long,54,0.005994005994005994,0.001998001998001998,21,21,0,False,True,2973
small_world,high,long,55,0.022977022977022976,0.008991008991008992,21,17,-4,False,True,7042
small_world,high,long,56,0.005994005994005994,0.001998001998001998,21,21,0,False,True,1441
small_world,high,long,57,0.00999000999000999,0.002997002997002997,21,21,0,False,True,2926
small_world,high,long,58,0.006993006993006993,0.002997002997002997,21,21,0,False,True,1814
small_world,high,long,59,0.003996003996003996,0.001998001998001998,21,21,0,False,True,1913
small_world,high,long,60,0.003996003996003996,0.000999000999000999,21,21,0,False,True,3403
small_world,high,long,61,0.015984015984015984,0.007992007992007992,21,21,0,False,True,6653
small_world,high,long,62,0.006993006993006993,0.003996003996003996,21,21,0,False,True,3044
small_world,high,long,63,0.015984015984015984,0.004995004995004995,21,19,-2,False,True,4487
small_world,high,long,64,0.013986013986013986,0.004995004995004995,21,21,0,False,True,6104
small_world,high,long,65,0.006993006993006993,0.002997002997002997,21,21,0,False,True,3920
small_world,high,long,66,0.014985014985014986,0.008991008991008992,21,19,-2,False,True,4809
small_world,high,long,67,0.00999000999000999,0.002997002997002997,21,21,0,False,True,3520
small_world,high,long,68,0.003996003996003996,0.002997002997002997,21,21,0,False,True,1073
small_world,high,long,69,0.005994005994005994,0.001998001998001998,21,21,0,False,True,1794
small_world,high,long,70,0.004995004995004995,0.001998001998001998,21,21,0,False,True,1303
small_world,high,long,71,0.005994005994005994,0.002997002997002997,21,21,0,False,True,1329
small_world,high,long,72,0.002997002997002997,0.000999000999000999,21,21,0,False,True,2414
small_world,high,long,73,0.002997002997002997,0.000999000999000999,21,19,-2,False,True,606
small_world,high,long,74,0.01098901098901099,0.002997002997002997,21,19,-2,False,True,4544
small_world,high,long,75,0.01098901098901099,0.004995004995004995,21,19,-2,False,True,4053
small_world,high,long,76,0.002997002997002997,0.000999000999000999,21,21,0,False,True,842
small_world,high,long,77,0.01898101898101898,0.01098901098901099,21,19,-2,False,True,10081
small_world,high,long,78,0.002997002997002997,0.000999000999000999,21,21,0,False,True,2972
small_world,high,long,79,0.013986013986013986,0.005994005994005994,21,21,0,False,True,5119
small_world,high,long,80,0.012987012987012988,0.006993006993006993,21,19,-2,False,True,6333
small_world,high,long,81,0.002997002997002997,0.000999000999000999,21,21,0,False,True,3625
small_world,high,long,82,0.008991008991008992,0.003996003996003996,21,21,0,False,True,1769
small_world,high,long,83,0.001998001998001998,0.000999000999000999,21,19,-2,False,True,138
small_world,high,long,84,0.002997002997002997,0.000999000999000999,21,21,0,False,True,884
small_world,high,long,85,0.014985014985014986,0.006993006993006993,21,17,-4,False,True,3593
small_world,high,long,86,0.002997002997002997,0.000999000999000999,21,21,0,False,True,667
small_world,high,long,87,0.011988011988011988,0.004995004995004995,21,19,-2,False,True,4388
small_world,high,long,88,0.002997002997002997,0.000999000999000999,21,21,0,False,True,328
small_world,high,long,89,0.001998001998001998,0.000999000999000999,21,21,0,False,True,108
small_world,high,long,90,0.001998001998001998,0.000999000999000999,21,19,-2,False,True,1249
small_world,high,long,91,0.017982017982017984,0.004995004995004995,21,19,-2,False,True,5254
small_world,high,long,92,0.008991008991008992,0.002997002997002997,21,19,-2,False,True,2805
small_world,high,long,93,0.001998001998001998,0.000999000999000999,21,21,0,False,True,947
small_world,high,long,94,0.006993006993006993,0.000999000999000999,21,19,-2,False,True,1907
small_world,high,long,95,0.008991008991008992,0.005994005994005994,21,21,0,False,True,2347
small_world,high,long,96,0.006993006993006993,0.002997002997002997,21,21,0,False,True,4076
small_world,high,long,97,0.003996003996003996,0.001998001998001998,21,21,0,False,True,1145
small_world,high,long,98,0.00999000999000999,0.002997002997002997,21,21,0,False,True,2008
small_world,high,long,99,0.002997002997002997,0.000999000999000999,21,21,0,False,True,1696
small_world,high,long,100,0.012987012987012988,0.005994005994005994,21,19,-2,False,True,7431
small_world,high,long,101,0.003996003996003996,0.000999000999000999,21,21,0,False,True,2924
small_world,high,long,102,0.002997002997002997,0.000999000999000999,21,21,0,False,True,736
small_world,high,long,103,0.006993006993006993,0.002997002997002997,21,21,0,False,True,3307
small_world,high,long,104,0.001998001998001998,0.000999000999000999,21,21,0,False,True,862
small_world,high,long,105,0.007992007992007992,0.001998001998001998,21,21,0,False,True,2686
small_world,high,long,106,0.008991008991008992,0.003996003996003996,21,21,0,False,True,2966
small_world,high,long,107,0.001998001998001998,0.000999000999000999,21,21,0,False,True,1399
small_world,high,long,108,0.002997002997002997,0.000999000999000999,21,21,0,False,True,2490
small_world,high,long,109,0.015984015984015984,0.004995004995004995,21,21,0,False,True,5006
small_world,high,long,110,0.008991008991008992,0.003996003996003996,21,19,-2,False,True,3836
small_world,high,long,111,0.006993006993006993,0.002997002997002997,21,19,-2,False,True,3083
small_world,high,long,112,0.003996003996003996,0.000999000999000999,21,21,0,False,True,2560
small_world,high,long,113,0.01998001998001998,0.006993006993006993,21,21,0,False,True,5549
small_world,high,long,114,0.01098901098901099,0.003996003996003996,21,21,0,False,True,3281
small_world,high,long,115,0.003996003996003996,0.000999000999000999,21,21,0,False,True,2969
small_world,high,long,116,0.003996003996003996,0.000999000999000999,21,21,0,False,True,2436
small_world,high,long,117,0.00999000999000999,0.004995004995004995,21,21,0,False,True,2184
small_world,high,long,118,0.012987012987012988,0.003996003996003996,21,21,0,False,True,5817
small_world,high,long,119,0.002997002997002997,0.001998001998001998,21,21,0,False,True,439
small_world,high,long,120,0.012987012987012988,0.004995004995004995,21,19,-2,False,True,6084
small_world,high,long,121,0.002997002997002997,0.000999000999000999,21,21,0,False,True,1772
small_world,high,long,122,0.003996003996003996,0.000999000999000999,21,21,0,False,True,1171
small_world,high,long,123,0.014985014985014986,0.007992007992007992,21,21,0,False,True,7691
small_world,high,long,124,0.005994005994005994,0.000999000999000999,21,21,0,False,True,2726
small_world,high,long,125,0.006993006993006993,0.001998001998001998,21,19,-2,False,True,2366
small_world,high,long,126,0.008991008991008992,0.003996003996003996,21,19,-2,False,True,2256
small_world,high,long,127,0.006993006993006993,0.002997002997002997,21,21,0,False,True,2430
small_world,high,long,128,0.001998001998001998,0.000999000999000999,21,21,0,False,True,301
small_world,high,long,129,0.001998001998001998,0.000999000999000999,21,21,0,False,True,334
small_world,high,long,130,0.001998001998001998,0.001998001998001998,21,19,-2,False,True,442
small_world,high,long,131,0.004995004995004995,0.002997002997002997,21,17,-4,False,True,2597
small_world,high,long,132,0.01098901098901099,0.005994005994005994,21,21,0,False,True,4398
small_world,high,long,133,0.006993006993006993,0.001998001998001998,21,19,-2,False,True,1757
small_world,high,long,134,0.00999000999000999,0.005994005994005994,21,21,0,False,True,2208
small_world,high,long,135,0.00999000999000999,0.002997002997002997,21,21,0,False,True,2279
small_world,high,long,136,0.008991008991008992,0.003996003996003996,21,19,-2,False,True,5149
small_world,high,long,137,0.007992007992007992,0.002997002997002997,21,21,0,False,True,2723
small_world,high,long,138,0.00999000999000999,0.004995004995004995,21,17,-4,False,True,7228
small_world,high,long,139,0.00999000999000999,0.004995004995004995,21,19,-2,False,True,4281
small_world,high,long,140,0.007992007992007992,0.001998001998001998,21,19,-2,False,True,4843
small_world,high,long,141,0.014985014985014986,0.003996003996003996,21,19,-2,False,True,5812
small_world,high,long,142,0.006993006993006993,0.002997002997002997,21,21,0,False,True,2004
small_world,high,long,143,0.002997002997002997,0.000999000999000999,21,21,0,False,True,212
small_world,high,long,144,0.017982017982017984,0.006993006993006993,21,21,0,False,True,7294
small_world,high,long,145,0.01098901098901099,0.003996003996003996,21,21,0,False,True,3115
small_world,high,long,146,0.00999000999000999,0.003996003996003996,21,21,0,False,True,6900
small_world,high,long,147,0.007992007992007992,0.001998001998001998,21,21,0,False,True,3691
small_world,high,long,148,0.01098901098901099,0.002997002997002997,21,21,0,False,True,3405
small_world,high,long,149,0.00999000999000999,0.005994005994005994,21,19,-2,False,True,5722
small_world,high,long,150,0.002997002997002997,0.000999000999000999,21,21,0,False,True,492
small_world,high,long,151,0.03796203796203796,0.017982017982017984,21,19,-2,False,True,12877
small_world,high,long,152,0.01098901098901099,0.006993006993006993,21,19,-2,False,True,5039
small_world,high,long,153,0.002997002997002997,0.000999000999000999,21,21,0,False,True,1818
small_world,high,long,154,0.011988011988011988,0.002997002997002997,21,19,-2,False,True,2484
small_world,high,long,155,0.002997002997002997,0.000999000999000999,21,21,0,False,True,3059
small_world,high,long,156,0.003996003996003996,0.000999000999000999,21,19,-2,False,True,2626
small_world,high,long,157,0.003996003996003996,0.000999000999000999,21,21,0,False,True,1464
small_world,high,long,158,0.011988011988011988,0.004995004995004995,21,21,0,False,True,5894
small_world,high,long,159,0.007992007992007992,0.000999000999000999,21,21,0,False,True,3057
small_world,high,long,160,0.004995004995004995,0.000999000999000999,21,21,0,False,True,3831
small_world,high,long,161,0.001998001998001998,0.000999000999000999,21,21,0,False,True,607
small_world,high,long,162,0.015984015984015984,0.007992007992007992,21,21,0,False,True,5649
small_world,high,long,163,0.003996003996003996,0.000999000999000999,21,21,0,False,True,546
small_world,high,long,164,0.014985014985014986,0.005994005994005994,21,17,-4,False,True,9995
small_world,high,long,165,0.007992007992007992,0.001998001998001998,21,21,0,False,True,2885
small_world,high,long,166,0.02197802197802198,0.007992007992007992,21,21,0,False,True,7540
small_world,high,long,167,0.00999000999000999,0.004995004995004995,21,19,-2,False,True,3586
small_world,high,long,168,0.004995004995004995,0.001998001998001998,21,21,0,False,True,2533
small_world,high,long,169,0.006993006993006993,0.001998001998001998,21,21,0,False,True,4071
small_world,high,long,170,0.007992007992007992,0.002997002997002997,21,19,-2,False,True,3620
small_world,high,long,171,0.015984015984015984,0.005994005994005994,21,21,0,False,True,4000
small_world,high,long,172,0.001998001998001998,0.000999000999000999,21,21,0,False,True,1272
small_world,high,long,173,0.004995004995004995,0.000999000999000999,21,21,0,False,True,2659
small_world,high,long,174,0.012987012987012988,0.004995004995004995,21,17,-4,False,True,2483
small_world,high,long,175,0.011988011988011988,0.004995004995004995,21,19,-2,False,True,4573
small_world,high,long,176,0.00999000999000999,0.002997002997002997,21,21,0,False,True,3050
small_world,high,long,177,0.00999000999000999,0.003996003996003996,21,21,0,False,True,4169
small_world,high,long,178,0.005994005994005994,0.001998001998001998,21,19,-2,False,True,2419
small_world,high,long,179,0.005994005994005994,0.001998001998001998,21,21,0,False,True,4829
small_world,high,long,180,0.00999000999000999,0.004995004995004995,21,19,-2,False,True,4067
small_world,high,long,181,0.006993006993006993,0.003996003996003996,21,21,0,False,True,2583
small_world,high,long,182,0.01098901098901099,0.002997002997002997,21,19,-2,False,True,4271
small_world,high,long,183,0.004995004995004995,0.001998001998001998,21,19,-2,False,True,3081
small_world,high,long,184,0.006993006993006993,0.002997002997002997,21,21,0,False,True,3473
small_world,high,long,185,0.00999000999000999,0.002997002997002997,21,19,-2,False,True,5023
small_world,high,long,186,0.011988011988011988,0.005994005994005994,21,19,-2,False,True,4806
small_world,high,long,187,0.03596403596403597,0.013986013986013986,21,17,-4,False,True,12484
small_world,high,long,188,0.00999000999000999,0.004995004995004995,21,21,0,False,True,4054
small_world,high,long,189,0.002997002997002997,0.001998001998001998,21,21,0,False,True,1379
small_world,high,long,190,0.005994005994005994,0.001998001998001998,21,19,-2,False,True,1854
small_world,high,long,191,0.004995004995004995,0.001998001998001998,21,21,0,False,True,1540
small_world,high,long,192,0.003996003996003996,0.002997002997002997,21,21,0,False,True,2009
small_world,high,long,193,0.003996003996003996,0.002997002997002997,21,21,0,False,True,910
small_world,high,long,194,0.008991008991008992,0.002997002997002997,21,21,0,False,True,5981
small_world,high,long,195,0.008991008991008992,0.002997002997002997,21,21,0,False,True,2561
small_world,high,long,196,0.007992007992007992,0.004995004995004995,21,15,-6,False,True,3511
small_world,high,long,197,0.001998001998001998,0.000999000999000999,21,21,0,False,True,739
small_world,high,long,198,0.00999000999000999,0.004995004995004995,21,19,-2,False,True,3219
small_world,high,long,199,0.003996003996003996,0.000999000999000999,21,21,0,False,True,1942
small_world,high,long,200,0.004995004995004995,0.001998001998001998,21,19,-2,False,True,2242
small_world,high,long,201,0.003996003996003996,0.000999000999000999,21,21,0,False,True,2035
small_world,high,long,202,0.012987012987012988,0.002997002997002997,21,21,0,False,True,5305
small_world,high,long,203,0.002997002997002997,0.000999000999000999,21,21,0,False,True,1101
small_world,high,long,204,0.003996003996003996,0.000999000999000999,21,21,0,False,True,1089
small_world,high,long,205,0.007992007992007992,0.003996003996003996,21,21,0,False,True,4159
small_world,high,long,206,0.002997002997002997,0.000999000999000999,21,21,0,False,True,2103
small_world,high,long,207,0.008991008991008992,0.002997002997002997,21,21,0,False,True,2829
small_world,high,long,208,0.015984015984015984,0.005994005994005994,21,19,-2,False,True,6160
small_world,high,long,209,0.004995004995004995,0.002997002997002997,21,21,0,False,True,2151
small_world,high,long,210,0.002997002997002997,0.000999000999000999,21,21,0,False,True,1138
small_world,high,long,211,0.002997002997002997,0.000999000999000999,21,21,0,False,True,1685
small_world,high,long,212,0.027972027972027972,0.011988011988011988,21,17,-4,False,True,10310
small_world,high,long,213,0.002997002997002997,0.000999000999000999,21,21,0,False,True,592
small_world,high,long,214,0.006993006993006993,0.002997002997002997,21,19,-2,False,True,1626
small_world,high,long,215,0.006993006993006993,0.001998001998001998,21,21,0,False,True,4020
small_world,high,long,216,0.004995004995004995,0.001998001998001998,21,19,-2,False,True,3008
small_world,high,long,217,0.016983016983016984,0.005994005994005994,21,21,0,False,True,5715
small_world,high,long,218,0.002997002997002997,0.001998001998001998,21,21,0,False,True,820
small_world,high,long,219,0.007992007992007992,0.002997002997002997,21,19,-2,False,True,5047
small_world,high,long,220,0.024975024975024976,0.00999000999000999,21,19,-2,False,True,7234
small_world,high,long,221,0.026973026973026972,0.012987012987012988,21,19,-2,False,True,7285
small_world,high,long,222,0.005994005994005994,0.002997002997002997,21,19,-2,False,True,854
small_world,high,long,223,0.005994005994005994,0.001998001998001998,21,21,0,False,True,2470
small_world,high,long,224,0.001998001998001998,0.000999000999000999,21,21,0,False,True,284
small_world,high,long,225,0.01898101898101898,0.00999000999000999,21,19,-2,False,True,6688
small_world,high,long,226,0.017982017982017984,0.005994005994005994,21,21,0,False,True,5193
small_world,high,long,227,0.003996003996003996,0.000999000999000999,21,21,0,False,True,2534
small_world,high,long,228,0.003996003996003996,0.001998001998001998,21,21,0,False,True,1526
small_world,high,long,229,0.02197802197802198,0.007992007992007992,21,19,-2,False,True,5983
small_world,high,long,230,0.003996003996003996,0.001998001998001998,21,19,-2,False,True,1041
small_world,high,long,231,0.004995004995004995,0.000999000999000999,21,21,0,False,True,1301
small_world,high,long,232,0.003996003996003996,0.001998001998001998,21,21,0,False,True,1637
small_world,high,long,233,0.026973026973026972,0.008991008991008992,21,19,-2,False,True,4658
small_world,high,long,234,0.004995004995004995,0.000999000999000999,21,21,0,False,True,4448
small_world,high,long,235,0.004995004995004995,0.000999000999000999,21,21,0,False,True,4401
small_world,high,long,236,0.01098901098901099,0.005994005994005994,21,21,0,False,True,3588
small_world,high,long,237,0.005994005994005994,0.001998001998001998,21,21,0,False,True,3102
small_world,high,long,238,0.001998001998001998,0.000999000999000999,21,21,0,False,True,269
small_world,high,long,239,0.002997002997002997,0.002997002997002997,21,21,0,False,True,2126
small_world,high,long,240,0.01098901098901099,0.005994005994005994,21,21,0,False,True,3220
small_world,high,long,241,0.001998001998001998,0.000999000999000999,21,21,0,False,True,944
small_world,high,long,242,0.002997002997002997,0.000999000999000999,21,21,0,False,True,3527
small_world,high,long,243,0.001998001998001998,0.000999000999000999,21,21,0,False,True,795
small_world,high,long,244,0.003996003996003996,0.001998001998001998,21,21,0,False,True,1144
small_world,high,long,245,0.008991008991008992,0.001998001998001998,21,21,0,False,True,7158
small_world,high,long,246,0.006993006993006993,0.001998001998001998,21,19,-2,False,True,3061
small_world,high,long,247,0.002997002997002997,0.000999000999000999,21,19,-2,False,True,1802
small_world,high,long,248,0.004995004995004995,0.000999000999000999,21,21,0,False,True,341
small_world,high,long,249,0.013986013986013986,0.005994005994005994,21,19,-2,False,True,5374
small_world,high,long,250,0.002997002997002997,0.000999000999000999,21,21,0,False,True,2864
small_world,high,long,251,0.014985014985014986,0.005994005994005994,21,19,-2,False,True,5743
small_world,high,long,252,0.008991008991008992,0.002997002997002997,21,19,-2,False,True,4389
small_world,high,long,253,0.001998001998001998,0.000999000999000999,21,21,0,False,True,500
small_world,high,long,254,0.002997002997002997,0.000999000999000999,21,21,0,False,True,1077
small_world,high,long,255,0.003996003996003996,0.001998001998001998,21,21,0,False,True,1117
small_world,high,long,256,0.001998001998001998,0.000999000999000999,21,21,0,False,True,707
small_world,high,long,257,0.007992007992007992,0.002997002997002997,21,21,0,False,True,5146
small_world,high,long,258,0.014985014985014986,0.003996003996003996,21,21,0,False,True,6641
small_world,high,long,259,0.01098901098901099,0.003996003996003996,21,21,0,False,True,3383
small_world,high,long,260,0.002997002997002997,0.000999000999000999,21,21,0,False,True,581
small_world,high,long,261,0.001998001998001998,0.000999000999000999,21,21,0,False,True,945
small_world,high,long,262,0.01098901098901099,0.006993006993006993,21,13,-8,False,True,1765
small_world,high,long,263,0.004995004995004995,0.000999000999000999,21,21,0,False,True,2390
small_world,high,long,264,0.011988011988011988,0.003996003996003996,21,21,0,False,True,3649
small_world,high,long,265,0.003996003996003996,0.000999000999000999,21,21,0,False,True,1824
small_world,high,long,266,0.003996003996003996,0.000999000999000999,21,19,-2,False,True,1908
small_world,high,long,267,0.005994005994005994,0.001998001998001998,21,19,-2,False,True,1853
small_world,high,long,268,0.01098901098901099,0.002997002997002997,21,21,0,False,True,3304
small_world,high,long,269,0.003996003996003996,0.001998001998001998,21,21,0,False,True,2044
small_world,high,long,270,0.006993006993006993,0.002997002997002997,21,21,0,False,True,3345
small_world,high,long,271,0.006993006993006993,0.001998001998001998,21,19,-2,False,True,3216
small_world,high,long,272,0.007992007992007992,0.003996003996003996,21,21,0,False,True,5849
small_world,high,long,273,0.05094905094905095,0.024975024975024976,21,11,-10,False,True,7654
small_world,high,long,274,0.003996003996003996,0.001998001998001998,21,21,0,False,True,1804
small_world,high,long,275,0.003996003996003996,0.000999000999000999,21,21,0,False,True,2015
small_world,high,long,276,0.003996003996003996,0.000999000999000999,21,19,-2,False,True,2443
small_world,high,long,277,0.004995004995004995,0.001998001998001998,21,21,0,False,True,4373
small_world,high,long,278,0.002997002997002997,0.001998001998001998,21,21,0,False,True,686
small_world,high,long,279,0.002997002997002997,0.001998001998001998,21,19,-2,False,True,1339
small_world,high,long,280,0.013986013986013986,0.006993006993006993,21,17,-4,False,True,4767
small_world,high,long,281,0.01098901098901099,0.003996003996003996,21,21,0,False,True,3022
small_world,high,long,282,0.003996003996003996,0.000999000999000999,21,19,-2,False,True,2467
small_world,high,long,283,0.002997002997002997,0.000999000999000999,21,19,-2,False,True,662
small_world,high,long,284,0.004995004995004995,0.001998001998001998,21,21,0,False,True,2532
small_world,high,long,285,0.002997002997002997,0.001998001998001998,21,21,0,False,True,558
small_world,high,long,286,0.003996003996003996,0.001998001998001998,21,21,0,False,True,1404
small_world,high,long,287,0.03396603396603397,0.012987012987012988,21,17,-4,False,True,5045
small_world,high,long,288,0.005994005994005994,0.001998001998001998,21,21,0,False,True,2437
small_world,high,long,289,0.004995004995004995,0.001998001998001998,21,19,-2,False,True,2127
small_world,high,long,290,0.007992007992007992,0.000999000999000999,21,21,0,False,True,2729
small_world,high,long,291,0.005994005994005994,0.000999000999000999,21,21,0,False,True,1455
small_world,high,long,292,0.005994005994005994,0.004995004995004995,21,19,-2,False,True,3965
small_world,high,long,293,0.003996003996003996,0.000999000999000999,21,21,0,False,True,766
small_world,high,long,294,0.003996003996003996,0.000999000999000999,21,21,0,False,True,726
small_world,high,long,295,0.001998001998001998,0.000999000999000999,21,21,0,False,True,143
small_world,high,long,296,0.00999000999000999,0.004995004995004995,21,17,-4,False,True,3183
small_world,high,long,297,0.011988011988011988,0.005994005994005994,21,19,-2,False,True,4847
small_world,high,long,298,0.011988011988011988,0.004995004995004995,21,19,-2,False,True,5407
small_world,high,long,299,0.006993006993006993,0.001998001998001998,21,21,0,False,True,2543
small_world,high,long,300,0.007992007992007992,0.001998001998001998,21,19,-2,False,True,3577
small_world,high,long,301,0.001998001998001998,0.000999000999000999,21,21,0,False,True,663
small_world,high,long,302,0.015984015984015984,0.005994005994005994,21,21,0,False,True,6313
small_world,high,long,303,0.003996003996003996,0.000999000999000999,21,21,0,False,True,1994
small_world,high,long,304,0.002997002997002997,0.000999000999000999,21,21,0,False,True,893
small_world,high,long,305,0.008991008991008992,0.003996003996003996,21,21,0,False,True,3991
small_world,high,long,306,0.005994005994005994,0.000999000999000999,21,21,0,False,True,2693
small_world,high,long,307,0.005994005994005994,0.001998001998001998,21,21,0,False,True,3665
small_world,high,long,308,0.008991008991008992,0.003996003996003996,21,21,0,False,True,2638
small_world,high,long,309,0.003996003996003996,0.000999000999000999,21,21,0,False,True,1903
small_world,high,long,310,0.008991008991008992,0.004995004995004995,21,19,-2,False,True,5305
small_world,high,long,311,0.004995004995004995,0.000999000999000999,21,21,0,False,True,2914
small_world,high,long,312,0.00999000999000999,0.005994005994005994,21,19,-2,False,True,5579
small_world,high,long,313,0.012987012987012988,0.004995004995004995,21,17,-4,False,True,5402
small_world,high,long,314,0.001998001998001998,0.000999000999000999,21,21,0,False,True,733
small_world,high,long,315,0.005994005994005994,0.000999000999000999,21,21,0,False,True,6506
small_world,high,long,316,0.003996003996003996,0.000999000999000999,21,21,0,False,True,1170
small_world,high,long,317,0.008991008991008992,0.003996003996003996,21,19,-2,False,True,3195
small_world,high,long,318,0.017982017982017984,0.005994005994005994,21,21,0,False,True,4929
small_world,high,long,319,0.008991008991008992,0.002997002997002997,21,21,0,False,True,8351
small_world,high,long,320,0.005994005994005994,0.002997002997002997,21,21,0,False,True,2569
small_world,high,long,321,0.004995004995004995,0.001998001998001998,21,19,-2,False,True,845
small_world,high,long,322,0.011988011988011988,0.004995004995004995,21,21,0,False,True,5600
small_world,high,long,323,0.01098901098901099,0.004995004995004995,21,21,0,False,True,3034
small_world,high,long,324,0.004995004995004995,0.001998001998001998,21,21,0,False,True,1661
small_world,high,long,325,0.001998001998001998,0.000999000999000999,21,21,0,False,True,1305
small_world,high,long,326,0.004995004995004995,0.001998001998001998,21,21,0,False,True,4315
small_world,high,long,327,0.012987012987012988,0.005994005994005994,21,21,0,False,True,5921
small_world,high,long,328,0.011988011988011988,0.004995004995004995,21,17,-4,False,True,6053
small_world,high,long,329,0.004995004995004995,0.002997002997002997,21,19,-2,False,True,1471
small_world,high,long,330,0.00999000999000999,0.003996003996003996,21,19,-2,False,True,1915
small_world,high,long,331,0.008991008991008992,0.005994005994005994,21,21,0,False,True,2816
small_world,high,long,332,0.008991008991008992,0.001998001998001998,21,21,0,False,True,6843
small_world,high,long,333,0.004995004995004995,0.001998001998001998,21,19,-2,False,True,3843
small_world,high,long,334,0.008991008991008992,0.001998001998001998,21,21,0,False,True,3665
small_world,high,long,335,0.022977022977022976,0.006993006993006993,21,21,0,False,True,3574
small_world,high,long,336,0.005994005994005994,0.001998001998001998,21,21,0,False,True,1983
small_world,high,long,337,0.012987012987012988,0.005994005994005994,21,21,0,False,True,5699
small_world,high,long,338,0.004995004995004995,0.000999000999000999,21,21,0,False,True,4804
small_world,high,long,339,0.005994005994005994,0.000999000999000999,21,21,0,False,True,988
small_world,high,long,340,0.004995004995004995,0.001998001998001998,21,21,0,False,True,2528
small_world,high,long,341,0.003996003996003996,0.001998001998001998,21,19,-2,False,True,1119
small_world,high,long,342,0.003996003996003996,0.000999000999000999,21,21,0,False,True,1664
small_world,high,long,343,0.01098901098901099,0.002997002997002997,21,21,0,False,True,6038
small_world,high,long,344,0.023976023976023976,0.007992007992007992,21,19,-2,False,True,7768
small_world,high,long,345,0.003996003996003996,0.000999000999000999,21,19,-2,False,True,3141
small_world,high,long,346,0.007992007992007992,0.001998001998001998,21,19,-2,False,True,2181
small_world,high,long,347,0.002997002997002997,0.000999000999000999,21,21,0,False,True,1224
small_world,high,long,348,0.00999000999000999,0.003996003996003996,21,21,0,False,True,4815
small_world,high,long,349,0.003996003996003996,0.000999000999000999,21,21,0,False,True,1999
small_world,high,long,350,0.004995004995004995,0.001998001998001998,21,21,0,False,True,1446
small_world,high,long,351,0.001998001998001998,0.000999000999000999,21,21,0,False,True,992
small_world,high,long,352,0.00999000999000999,0.001998001998001998,21,21,0,False,True,4272
small_world,high,long,353,0.01098901098901099,0.004995004995004995,21,19,-2,False,True,4475
small_world,high,long,354,0.00999000999000999,0.003996003996003996,21,19,-2,False,True,3039
small_world,high,long,355,0.004995004995004995,0.000999000999000999,21,21,0,False,True,1099
small_world,high,long,356,0.012987012987012988,0.004995004995004995,21,21,0,False,True,4959
small_world,high,long,357,0.004995004995004995,0.001998001998001998,21,21,0,False,True,1476
small_world,high,long,358,0.001998001998001998,0.000999000999000999,21,21,0,False,True,266
small_world,high,long,359,0.003996003996003996,0.000999000999000999,21,21,0,False,True,1352
small_world,high,long,360,0.007992007992007992,0.002997002997002997,21,21,0,False,True,1991
small_world,high,long,361,0.016983016983016984,0.004995004995004995,21,21,0,False,True,4064
small_world,high,long,362,0.008991008991008992,0.002997002997002997,21,19,-2,False,True,5596
small_world,high,long,363,0.013986013986013986,0.005994005994005994,21,21,0,False,True,3099
small_world,high,long,364,0.001998001998001998,0.000999000999000999,21,21,0,False,True,1696
small_world,high,long,365,0.007992007992007992,0.001998001998001998,21,21,0,False,True,3412
small_world,high,long,366,0.006993006993006993,0.002997002997002997,21,21,0,False,True,3531
small_world,high,long,367,0.008991008991008992,0.003996003996003996,21,21,0,False,True,4410
small_world,high,long,368,0.013986013986013986,0.006993006993006993,21,19,-2,False,True,5671
small_world,high,long,369,0.002997002997002997,0.000999000999000999,21,21,0,False,True,490
small_world,high,long,370,0.007992007992007992,0.002997002997002997,21,21,0,False,True,2763
small_world,high,long,371,0.013986013986013986,0.007992007992007992,21,19,-2,False,True,4027
small_world,high,long,372,0.004995004995004995,0.000999000999000999,21,21,0,False,True,1666
small_world,high,long,373,0.014985014985014986,0.006993006993006993,21,17,-4,False,True,6384
small_world,high,long,374,0.007992007992007992,0.002997002997002997,21,19,-2,False,True,2986
small_world,high,long,375,0.007992007992007992,0.003996003996003996,21,21,0,False,True,4267
small_world,high,long,376,0.006993006993006993,0.003996003996003996,21,21,0,False,True,2987
small_world,high,long,377,0.002997002997002997,0.000999000999000999,21,21,0,False,True,2034
small_world,high,long,378,0.00999000999000999,0.005994005994005994,21,21,0,False,True,3395
small_world,high,long,379,0.007992007992007992,0.001998001998001998,21,21,0,False,True,2764
small_world,high,long,380,0.01098901098901099,0.004995004995004995,21,21,0,False,True,2249
small_world,high,long,381,0.007992007992007992,0.001998001998001998,21,21,0,False,True,2851
small_world,high,long,382,0.005994005994005994,0.000999000999000999,21,21,0,False,True,1955
small_world,high,long,383,0.008991008991008992,0.004995004995004995,21,19,-2,False,True,5798
small_world,high,long,384,0.012987012987012988,0.003996003996003996,21,21,0,False,True,7705
small_world,high,long,385,0.002997002997002997,0.001998001998001998,21,21,0,False,True,824
small_world,high,long,386,0.01098901098901099,0.004995004995004995,21,21,0,False,True,2562
small_world,high,long,387,0.011988011988011988,0.003996003996003996,21,21,0,False,True,3416
small_world,high,long,388,0.006993006993006993,0.000999000999000999,21,21,0,False,True,1903
small_world,high,long,389,0.005994005994005994,0.001998001998001998,21,17,-4,False,True,3815
small_world,high,long,390,0.00999000999000999,0.005994005994005994,21,17,-4,False,True,2623
small_world,high,long,391,0.01098901098901099,0.004995004995004995,21,21,0,False,True,5042
small_world,high,long,392,0.004995004995004995,0.000999000999000999,21,19,-2,False,True,2154
small_world,high,long,393,0.003996003996003996,0.000999000999000999,21,19,-2,False,True,2126
small_world,high,long,394,0.02197802197802198,0.007992007992007992,21,19,-2,False,True,5235
small_world,high,long,395,0.008991008991008992,0.003996003996003996,21,21,0,False,True,3427
small_world,high,long,396,0.006993006993006993,0.000999000999000999,21,21,0,False,True,5103
small_world,high,long,397,0.005994005994005994,0.000999000999000999,21,21,0,False,True,4086
small_world,high,long,398,0.013986013986013986,0.005994005994005994,21,21,0,False,True,3451
small_world,high,long,399,0.011988011988011988,0.001998001998001998,21,21,0,False,True,3825
small_world,high,long,400,0.012987012987012988,0.003996003996003996,21,21,0,False,True,4271
small_world,high,long,401,0.01098901098901099,0.004995004995004995,21,21,0,False,True,4118
small_world,high,long,402,0.007992007992007992,0.001998001998001998,21,19,-2,False,True,4375
small_world,high,long,403,0.006993006993006993,0.002997002997002997,21,17,-4,False,True,2688
small_world,high,long,404,0.007992007992007992,0.001998001998001998,21,21,0,False,True,2215
small_world,high,long,405,0.006993006993006993,0.001998001998001998,21,19,-2,False,True,1742
small_world,high,long,406,0.011988011988011988,0.004995004995004995,21,21,0,False,True,2788
small_world,high,long,407,0.004995004995004995,0.001998001998001998,21,21,0,False,True,3412
small_world,high,long,408,0.006993006993006993,0.001998001998001998,21,21,0,False,True,4455
small_world,high,long,409,0.001998001998001998,0.000999000999000999,21,21,0,False,True,1086
small_world,high,long,410,0.005994005994005994,0.003996003996003996,21,21,0,False,True,1755
small_world,high,long,411,0.00999000999000999,0.002997002997002997,21,21,0,False,True,4577
small_world,high,long,412,0.017982017982017984,0.007992007992007992,21,17,-4,False,True,7181
small_world,high,long,413,0.00999000999000999,0.004995004995004995,21,21,0,False,True,2894
small_world,high,long,414,0.002997002997002997,0.000999000999000999,21,21,0,False,True,1804
small_world,high,long,415,0.012987012987012988,0.004995004995004995,21,21,0,False,True,4443
small_world,high,long,416,0.007992007992007992,0.003996003996003996,21,17,-4,False,True,1174
small_world,high,long,417,0.002997002997002997,0.000999000999000999,21,21,0,False,True,2181
small_world,high,long,418,0.007992007992007992,0.001998001998001998,21,21,0,False,True,3243
small_world,high,long,419,0.004995004995004995,0.001998001998001998,21,21,0,False,True,2067
small_world,high,long,420,0.017982017982017984,0.006993006993006993,21,21,0,False,True,4021
small_world,high,long,421,0.01098901098901099,0.005994005994005994,21,21,0,False,True,5193
small_world,high,long,422,0.014985014985014986,0.005994005994005994,21,19,-2,False,True,5509
small_world,high,long,423,0.001998001998001998,0.001998001998001998,21,21,0,False,True,865
small_world,high,long,424,0.002997002997002997,0.000999000999000999,21,21,0,False,True,1407
small_world,high,long,425,0.001998001998001998,0.000999000999000999,21,21,0,False,True,693
small_world,high,long,426,0.004995004995004995,0.000999000999000999,21,21,0,False,True,3614
small_world,high,long,427,0.004995004995004995,0.002997002997002997,21,19,-2,False,True,2710
small_world,high,long,428,0.003996003996003996,0.003996003996003996,21,21,0,False,True,1101
small_world,high,long,429,0.008991008991008992,0.002997002997002997,21,21,0,False,True,3222
small_world,high,long,430,0.003996003996003996,0.001998001998001998,21,21,0,False,True,1992
small_world,high,long,431,0.007992007992007992,0.002997002997002997,21,19,-2,False,True,3899
small_world,high,long,432,0.01998001998001998,0.007992007992007992,21,17,-4,False,True,6919
small_world,high,long,433,0.006993006993006993,0.001998001998001998,21,21,0,False,True,2420
small_world,high,long,434,0.002997002997002997,0.000999000999000999,21,21,0,False,True,1224
small_world,high,long,435,0.011988011988011988,0.002997002997002997,21,21,0,False,True,3285
small_world,high,long,436,0.007992007992007992,0.002997002997002997,21,19,-2,False,True,4655
small_world,high,long,437,0.017982017982017984,0.008991008991008992,21,21,0,False,True,7170
small_world,high,long,438,0.022977022977022976,0.008991008991008992,21,21,0,False,True,5013
small_world,high,long,439,0.003996003996003996,0.000999000999000999,21,19,-2,False,True,1013
small_world,high,long,440,0.011988011988011988,0.002997002997002997,21,21,0,False,True,4018
small_world,high,long,441,0.008991008991008992,0.001998001998001998,21,19,-2,False,True,3261
small_world,high,long,442,0.011988011988011988,0.005994005994005994,21,21,0,False,True,3496
small_world,high,long,443,0.022977022977022976,0.00999000999000999,21,21,0,False,True,6847
small_world,high,long,444,0.005994005994005994,0.002997002997002997,21,21,0,False,True,3777
small_world,high,long,445,0.00999000999000999,0.002997002997002997,21,21,0,False,True,5604
small_world,high,long,446,0.003996003996003996,0.000999000999000999,21,21,0,False,True,1893
small_world,high,long,447,0.006993006993006993,0.001998001998001998,21,19,-2,False,True,1640
small_world,high,long,448,0.013986013986013986,0.005994005994005994,21,21,0,False,True,4615
small_world,high,long,449,0.002997002997002997,0.000999000999000999,21,21,0,False,True,2666
small_world,high,long,450,0.014985014985014986,0.005994005994005994,21,21,0,False,True,4199
small_world,high,long,451,0.017982017982017984,0.006993006993006993,21,19,-2,False,True,5616
small_world,high,long,452,0.003996003996003996,0.000999000999000999,21,21,0,False,True,1567
small_world,high,long,453,0.005994005994005994,0.002997002997002997,21,21,0,False,True,3075
small_world,high,long,454,0.00999000999000999,0.003996003996003996,21,19,-2,False,True,2310
small_world,high,long,455,0.005994005994005994,0.001998001998001998,21,21,0,False,True,2795
small_world,high,long,456,0.002997002997002997,0.000999000999000999,21,21,0,False,True,1384
small_world,high,long,457,0.004995004995004995,0.001998001998001998,21,21,0,False,True,2092
small_world,high,long,458,0.015984015984015984,0.004995004995004995,21,21,0,False,True,3463
small_world,high,long,459,0.007992007992007992,0.002997002997002997,21,21,0,False,True,2993
small_world,high,long,460,0.003996003996003996,0.000999000999000999,21,21,0,False,True,2672
small_world,high,long,461,0.004995004995004995,0.000999000999000999,21,21,0,False,True,1704
small_world,high,long,462,0.00999000999000999,0.003996003996003996,21,21,0,False,True,4797
small_world,high,long,463,0.006993006993006993,0.001998001998001998,21,21,0,False,True,2005
small_world,high,long,464,0.002997002997002997,0.001998001998001998,21,21,0,False,True,1444
small_world,high,long,465,0.002997002997002997,0.001998001998001998,21,19,-2,False,True,1499
small_world,high,long,466,0.02197802197802198,0.00999000999000999,21,17,-4,False,True,8247
small_world,high,long,467,0.012987012987012988,0.006993006993006993,21,19,-2,False,True,5908
small_world,high,long,468,0.01098901098901099,0.004995004995004995,21,17,-4,False,True,2146
small_world,high,long,469,0.012987012987012988,0.004995004995004995,21,21,0,False,True,6057
small_world,high,long,470,0.026973026973026972,0.01098901098901099,21,19,-2,False,True,6575
small_world,high,long,471,0.002997002997002997,0.000999000999000999,21,21,0,False,True,3646
small_world,high,long,472,0.005994005994005994,0.000999000999000999,21,21,0,False,True,6953
small_world,high,long,473,0.003996003996003996,0.001998001998001998,21,21,0,False,True,2059
small_world,high,long,474,0.016983016983016984,0.005994005994005994,21,19,-2,False,True,6094
small_world,high,long,475,0.001998001998001998,0.000999000999000999,21,19,-2,False,True,536
small_world,high,long,476,0.005994005994005994,0.000999000999000999,21,21,0,False,True,2564
small_world,high,long,477,0.001998001998001998,0.000999000999000999,21,21,0,False,True,2212
small_world,high,long,478,0.001998001998001998,0.000999000999000999,21,21,0,False,True,379
small_world,high,long,479,0.006993006993006993,0.001998001998001998,21,21,0,False,True,4777
small_world,high,long,480,0.01998001998001998,0.008991008991008992,21,17,-4,False,True,3803
small_world,high,long,481,0.004995004995004995,0.000999000999000999,21,21,0,False,True,729
small_world,high,long,482,0.006993006993006993,0.002997002997002997,21,21,0,False,True,2757
small_world,high,long,483,0.007992007992007992,0.001998001998001998,21,19,-2,False,True,3120
small_world,high,long,484,0.005994005994005994,0.001998001998001998,21,21,0,False,True,1317
small_world,high,long,485,0.011988011988011988,0.002997002997002997,21,19,-2,False,True,5636
small_world,high,long,486,0.003996003996003996,0.001998001998001998,21,21,0,False,True,1668
small_world,high,long,487,0.012987012987012988,0.004995004995004995,21,21,0,False,True,2463
small_world,high,long,488,0.012987012987012988,0.004995004995004995,21,21,0,False,True,3645
small_world,high,long,489,0.005994005994005994,0.002997002997002997,21,21,0,False,True,4786
small_world,high,long,490,0.006993006993006993,0.003996003996003996,21,21,0,False,True,3058
small_world,high,long,491,0.001998001998001998,0.000999000999000999,21,21,0,False,True,581
small_world,high,long,492,0.002997002997002997,0.000999000999000999,21,21,0,False,True,2532
small_world,high,long,493,0.006993006993006993,0.001998001998001998,21,21,0,False,True,2167
small_world,high,long,494,0.008991008991008992,0.003996003996003996,21,19,-2,False,True,2080
small_world,high,long,495,0.015984015984015984,0.005994005994005994,21,19,-2,False,True,3799
small_world,high,long,496,0.003996003996003996,0.001998001998001998,21,21,0,False,True,1006
small_world,high,long,497,0.003996003996003996,0.000999000999000999,21,21,0,False,True,3029
small_world,high,long,498,0.001998001998001998,0.000999000999000999,21,19,-2,False,True,808
small_world,high,long,499,0.00999000999000999,0.005994005994005994,21,19,-2,False,True,5420
small_world,high,long,500,0.003996003996003996,0.000999000999000999,21,19,-2,False,True,1156
small_world,high,long,501,0.005994005994005994,0.001998001998001998,21,19,-2,False,True,2582
small_world,high,long,502,0.005994005994005994,0.002997002997002997,21,21,0,False,True,2565
small_world,high,long,503,0.01998001998001998,0.007992007992007992,21,21,0,False,True,7187
small_world,high,long,504,0.004995004995004995,0.001998001998001998,21,21,0,False,True,4931
small_world,high,long,505,0.006993006993006993,0.001998001998001998,21,21,0,False,True,4957
small_world,high,long,506,0.007992007992007992,0.002997002997002997,21,21,0,False,True,3822
small_world,high,long,507,0.004995004995004995,0.001998001998001998,21,21,0,False,True,3338
small_world,high,long,508,0.012987012987012988,0.004995004995004995,21,21,0,False,True,3627
small_world,high,long,509,0.001998001998001998,0.000999000999000999,21,19,-2,False,True,1471
small_world,high,long,510,0.002997002997002997,0.001998001998001998,21,21,0,False,True,1371
small_world,high,long,511,0.004995004995004995,0.001998001998001998,21,21,0,False,True,3320
small_world,high,long,512,0.014985014985014986,0.005994005994005994,21,21,0,False,True,7233
small_world,high,long,513,0.012987012987012988,0.005994005994005994,21,19,-2,False,True,3394
small_world,high,long,514,0.00999000999000999,0.005994005994005994,21,21,0,False,True,1593
small_world,high,long,515,0.006993006993006993,0.004995004995004995,21,19,-2,False,True,3486
small_world,high,long,516,0.003996003996003996,0.001998001998001998,21,21,0,False,True,4107
small_world,high,long,517,0.005994005994005994,0.000999000999000999,21,21,0,False,True,3042
small_world,high,long,518,0.01898101898101898,0.008991008991008992,21,21,0,False,True,4648
small_world,high,long,519,0.003996003996003996,0.000999000999000999,21,21,0,False,True,3351
small_world,high,long,520,0.011988011988011988,0.002997002997002997,21,21,0,False,True,3764
small_world,high,long,521,0.006993006993006993,0.000999000999000999,21,21,0,False,True,3309
small_world,high,long,522,0.004995004995004995,0.000999000999000999,21,19,-2,False,True,2571
small_world,high,long,523,0.00999000999000999,0.003996003996003996,21,21,0,False,True,4254
small_world,high,long,524,0.001998001998001998,0.000999000999000999,21,21,0,False,True,1693
small_world,high,long,525,0.006993006993006993,0.004995004995004995,21,21,0,False,True,2065
small_world,high,long,526,0.008991008991008992,0.002997002997002997,21,21,0,False,True,1830
small_world,high,long,527,0.01098901098901099,0.003996003996003996,21,21,0,False,True,8300
small_world,high,long,528,0.008991008991008992,0.002997002997002997,21,21,0,False,True,2316
small_world,high,long,529,0.00999000999000999,0.003996003996003996,21,21,0,False,True,4085
small_world,high,long,530,0.002997002997002997,0.000999000999000999,21,21,0,False,True,1589
small_world,high,long,531,0.017982017982017984,0.007992007992007992,21,21,0,False,True,4572
small_world,high,long,532,0.002997002997002997,0.002997002997002997,21,17,-4,False,True,980
small_world,high,long,533,0.003996003996003996,0.001998001998001998,21,19,-2,False,True,3209
small_world,high,long,534,0.02097902097902098,0.00999000999000999,21,17,-4,False,True,5356
small_world,high,long,535,0.005994005994005994,0.001998001998001998,21,21,0,False,True,3620
small_world,high,long,536,0.022977022977022976,0.00999000999000999,21,15,-6,False,True,5044
small_world,high,long,537,0.001998001998001998,0.000999000999000999,21,21,0,False,True,1016
small_world,high,long,538,0.012987012987012988,0.005994005994005994,21,21,0,False,True,5353
small_world,high,long,539,0.003996003996003996,0.001998001998001998,21,21,0,False,True,2531
small_world,high,long,540,0.003996003996003996,0.000999000999000999,21,21,0,False,True,948
small_world,high,long,541,0.00999000999000999,0.003996003996003996,21,21,0,False,True,3315
small_world,high,long,542,0.00999000999000999,0.003996003996003996,21,21,0,False,True,5873
small_world,high,long,543,0.003996003996003996,0.002997002997002997,21,21,0,False,True,1991
small_world,high,long,544,0.005994005994005994,0.000999000999000999,21,21,0,False,True,1971
small_world,high,long,545,0.01998001998001998,0.004995004995004995,21,21,0,False,True,6481
small_world,high,long,546,0.005994005994005994,0.002997002997002997,21,21,0,False,True,1755
small_world,high,long,547,0.006993006993006993,0.001998001998001998,21,21,0,False,True,3261
small_world,high,long,548,0.011988011988011988,0.005994005994005994,21,21,0,False,True,3983
small_world,high,long,549,0.006993006993006993,0.001998001998001998,21,21,0,False,True,2175
small_world,high,long,550,0.006993006993006993,0.001998001998001998,21,21,0,False,True,2618
small_world,high,long,551,0.004995004995004995,0.000999000999000999,21,21,0,False,True,1599
small_world,high,long,552,0.001998001998001998,0.001998001998001998,21,19,-2,False,True,539
small_world,high,long,553,0.01898101898101898,0.007992007992007992,21,21,0,False,True,4663
small_world,high,long,554,0.008991008991008992,0.002997002997002997,21,21,0,False,True,2671
small_world,high,long,555,0.004995004995004995,0.000999000999000999,21,21,0,False,True,1650
small_world,high,long,556,0.002997002997002997,0.000999000999000999,21,21,0,False,True,2467
small_world,high,long,557,0.007992007992007992,0.001998001998001998,21,19,-2,False,True,5706
small_world,high,long,558,0.004995004995004995,0.000999000999000999,21,21,0,False,True,1275
small_world,high,long,559,0.003996003996003996,0.000999000999000999,21,21,0,False,True,1241
small_world,high,long,560,0.003996003996003996,0.001998001998001998,21,21,0,False,True,2330
small_world,high,long,561,0.001998001998001998,0.000999000999000999,21,21,0,False,True,695
small_world,high,long,562,0.01098901098901099,0.003996003996003996,21,19,-2,False,True,4338
small_world,high,long,563,0.007992007992007992,0.004995004995004995,21,21,0,False,True,3978
small_world,high,long,564,0.001998001998001998,0.000999000999000999,21,21,0,False,True,855
small_world,high,long,565,0.003996003996003996,0.000999000999000999,21,21,0,False,True,659
small_world,high,long,566,0.004995004995004995,0.000999000999000999,21,21,0,False,True,3135
small_world,high,long,567,0.007992007992007992,0.001998001998001998,21,21,0,False,True,4499
small_world,high,long,568,0.008991008991008992,0.004995004995004995,21,19,-2,False,True,3484
small_world,high,long,569,0.006993006993006993,0.001998001998001998,21,21,0,False,True,4927
small_world,high,long,570,0.014985014985014986,0.006993006993006993,21,19,-2,False,True,6043
small_world,high,long,571,0.012987012987012988,0.005994005994005994,21,19,-2,False,True,3703
small_world,high,long,572,0.005994005994005994,0.001998001998001998,21,19,-2,False,True,1819
small_world,high,long,573,0.005994005994005994,0.002997002997002997,21,21,0,False,True,2370
small_world,high,long,574,0.002997002997002997,0.000999000999000999,21,21,0,False,True,2786
small_world,high,long,575,0.004995004995004995,0.001998001998001998,21,21,0,False,True,1215
small_world,high,long,576,0.006993006993006993,0.003996003996003996,21,21,0,False,True,2378
small_world,high,long,577,0.011988011988011988,0.005994005994005994,21,21,0,False,True,3686
small_world,high,long,578,0.004995004995004995,0.000999000999000999,21,21,0,False,True,2785
small_world,high,long,579,0.007992007992007992,0.002997002997002997,21,21,0,False,True,5373
small_world,high,long,580,0.02197802197802198,0.005994005994005994,21,19,-2,False,True,8498
small_world,high,long,581,0.006993006993006993,0.000999000999000999,21,21,0,False,True,1962
small_world,high,long,582,0.005994005994005994,0.001998001998001998,21,21,0,False,True,2848
small_world,high,long,583,0.007992007992007992,0.004995004995004995,21,19,-2,False,True,2192
small_world,high,long,584,0.004995004995004995,0.001998001998001998,21,21,0,False,True,1720
small_world,high,long,585,0.004995004995004995,0.001998001998001998,21,21,0,False,True,2686
small_world,high,long,586,0.008991008991008992,0.002997002997002997,21,19,-2,False,True,6682
small_world,high,long,587,0.005994005994005994,0.001998001998001998,21,21,0,False,True,1366
small_world,high,long,588,0.001998001998001998,0.000999000999000999,21,21,0,False,True,295
small_world,high,long,589,0.001998001998001998,0.000999000999000999,21,21,0,False,True,3417
small_world,high,long,590,0.00999000999000999,0.002997002997002997,21,21,0,False,True,2262
small_world,high,long,591,0.005994005994005994,0.001998001998001998,21,21,0,False,True,3006
small_world,high,long,592,0.007992007992007992,0.001998001998001998,21,21,0,False,True,2191
small_world,high,long,593,0.003996003996003996,0.001998001998001998,21,19,-2,False,True,794
small_world,high,long,594,0.003996003996003996,0.000999000999000999,21,21,0,False,True,1170
small_world,high,long,595,0.003996003996003996,0.000999000999000999,21,19,-2,False,True,1123
small_world,high,long,596,0.002997002997002997,0.000999000999000999,21,21,0,False,True,1050
small_world,high,long,597,0.006993006993006993,0.003996003996003996,21,19,-2,False,True,1610
small_world,high,long,598,0.001998001998001998,0.000999000999000999,21,21,0,False,True,950
small_world,high,long,599,0.003996003996003996,0.001998001998001998,21,21,0,False,True,4300
small_world,high,long,600,0.001998001998001998,0.000999000999000999,21,21,0,False,True,284
small_world,high,long,601,0.027972027972027972,0.00999000999000999,21,19,-2,False,True,10098
small_world,high,long,602,0.013986013986013986,0.004995004995004995,21,19,-2,False,True,4636
small_world,high,long,603,0.005994005994005994,0.001998001998001998,21,21,0,False,True,862
small_world,high,long,604,0.003996003996003996,0.001998001998001998,21,19,-2,False,True,861
small_world,high,long,605,0.004995004995004995,0.000999000999000999,21,21,0,False,True,2301
small_world,high,long,606,0.00999000999000999,0.006993006993006993,21,17,-4,False,True,4444
small_world,high,long,607,0.00999000999000999,0.003996003996003996,21,21,0,False,True,2164
small_world,high,long,608,0.008991008991008992,0.003996003996003996,21,21,0,False,True,4721
small_world,high,long,609,0.003996003996003996,0.001998001998001998,21,21,0,False,True,399
small_world,high,long,610,0.00999000999000999,0.006993006993006993,21,19,-2,False,True,6729
small_world,high,long,611,0.003996003996003996,0.000999000999000999,21,21,0,False,True,2624
small_world,high,long,612,0.01098901098901099,0.003996003996003996,21,21,0,False,True,2266
small_world,high,long,613,0.006993006993006993,0.001998001998001998,21,19,-2,False,True,6464
small_world,high,long,614,0.003996003996003996,0.000999000999000999,21,21,0,False,True,1914
small_world,high,long,615,0.007992007992007992,0.002997002997002997,21,19,-2,False,True,1826
small_world,high,long,616,0.003996003996003996,0.000999000999000999,21,21,0,False,True,3883
small_world,high,long,617,0.003996003996003996,0.001998001998001998,21,19,-2,False,True,1016
small_world,high,long,618,0.006993006993006993,0.001998001998001998,21,19,-2,False,True,1647
small_world,high,long,619,0.01098901098901099,0.002997002997002997,21,21,0,False,True,4055
small_world,high,long,620,0.001998001998001998,0.000999000999000999,21,21,0,False,True,685
small_world,high,long,621,0.001998001998001998,0.000999000999000999,21,21,0,False,True,83
small_world,high,long,622,0.001998001998001998,0.000999000999000999,21,21,0,False,True,1680
small_world,high,long,623,0.005994005994005994,0.001998001998001998,21,19,-2,False,True,1344
small_world,high,long,624,0.001998001998001998,0.000999000999000999,21,21,0,False,True,1185
small_world,high,long,625,0.003996003996003996,0.001998001998001998,21,21,0,False,True,1903
small_world,high,long,626,0.005994005994005994,0.001998001998001998,21,21,0,False,True,3405
small_world,high,long,627,0.001998001998001998,0.000999000999000999,21,21,0,False,True,1179
small_world,high,long,628,0.008991008991008992,0.002997002997002997,21,21,0,False,True,4900
small_world,high,long,629,0.00999000999000999,0.004995004995004995,21,19,-2,False,True,9030
small_world,high,long,630,0.004995004995004995,0.000999000999000999,21,19,-2,False,True,2728
small_world,high,long,631,0.011988011988011988,0.004995004995004995,21,17,-4,False,True,8440
small_world,high,long,632,0.002997002997002997,0.000999000999000999,21,21,0,False,True,487
small_world,high,long,633,0.006993006993006993,0.002997002997002997,21,19,-2,False,True,2422
small_world,high,long,634,0.002997002997002997,0.000999000999000999,21,21,0,False,True,956
small_world,high,long,635,0.002997002997002997,0.000999000999000999,21,21,0,False,True,1022
small_world,high,long,636,0.003996003996003996,0.000999000999000999,21,21,0,False,True,2459
small_world,high,long,637,0.005994005994005994,0.000999000999000999,21,21,0,False,True,3620
small_world,high,long,638,0.002997002997002997,0.001998001998001998,21,21,0,False,True,820
small_world,high,long,639,0.006993006993006993,0.002997002997002997,21,21,0,False,True,1520
small_world,high,long,640,0.003996003996003996,0.000999000999000999,21,21,0,False,True,2028
small_world,high,long,641,0.013986013986013986,0.008991008991008992,21,17,-4,False,True,4835
small_world,high,long,642,0.005994005994005994,0.000999000999000999,21,21,0,False,True,3143
small_world,high,long,643,0.002997002997002997,0.000999000999000999,21,19,-2,False,True,1079
small_world,high,long,644,0.004995004995004995,0.000999000999000999,21,21,0,False,True,2155
small_world,high,long,645,0.003996003996003996,0.001998001998001998,21,21,0,False,True,419
small_world,high,long,646,0.008991008991008992,0.003996003996003996,21,19,-2,False,True,4607
small_world,high,long,647,0.001998001998001998,0.000999000999000999,21,21,0,False,True,414
small_world,high,long,648,0.00999000999000999,0.005994005994005994,21,21,0,False,True,4880
small_world,high,long,649,0.017982017982017984,0.004995004995004995,21,19,-2,False,True,6120
small_world,high,long,650,0.00999000999000999,0.003996003996003996,21,19,-2,False,True,3496
small_world,high,long,651,0.006993006993006993,0.002997002997002997,21,21,0,False,True,2003
small_world,high,long,652,0.00999000999000999,0.004995004995004995,21,19,-2,False,True,4561
small_world,high,long,653,0.002997002997002997,0.001998001998001998,21,21,0,False,True,824
small_world,high,long,654,0.003996003996003996,0.000999000999000999,21,21,0,False,True,1760
small_world,high,long,655,0.015984015984015984,0.004995004995004995,21,21,0,False,True,6029
small_world,high,long,656,0.006993006993006993,0.001998001998001998,21,21,0,False,True,3956
small_world,high,long,657,0.005994005994005994,0.001998001998001998,21,21,0,False,True,3023
small_world,high,long,658,0.001998001998001998,0.001998001998001998,21,21,0,False,True,594
small_world,high,long,659,0.007992007992007992,0.003996003996003996,21,19,-2,False,True,2594
small_world,high,long,660,0.006993006993006993,0.002997002997002997,21,21,0,False,True,2197
small_world,high,long,661,0.004995004995004995,0.001998001998001998,21,21,0,False,True,1863
small_world,high,long,662,0.013986013986013986,0.003996003996003996,21,19,-2,False,True,13012
small_world,high,long,663,0.024975024975024976,0.00999000999000999,21,21,0,False,True,8278
small_world,high,long,664,0.005994005994005994,0.001998001998001998,21,19,-2,False,True,1707
small_world,high,long,665,0.011988011988011988,0.005994005994005994,21,19,-2,False,True,6346
small_world,high,long,666,0.015984015984015984,0.007992007992007992,21,13,-8,False,True,3808
small_world,high,long,667,0.005994005994005994,0.001998001998001998,21,19,-2,False,True,3377
small_world,high,long,668,0.005994005994005994,0.001998001998001998,21,21,0,False,True,3250
small_world,high,long,669,0.00999000999000999,0.003996003996003996,21,21,0,False,True,4015
small_world,high,long,670,0.01098901098901099,0.005994005994005994,21,19,-2,False,True,2395
small_world,high,long,671,0.003996003996003996,0.001998001998001998,21,21,0,False,True,730
small_world,high,long,672,0.007992007992007992,0.001998001998001998,21,21,0,False,True,2626
small_world,high,long,673,0.003996003996003996,0.000999000999000999,21,21,0,False,True,2754
small_world,high,long,674,0.016983016983016984,0.00999000999000999,21,21,0,False,True,3899
small_world,high,long,675,0.00999000999000999,0.001998001998001998,21,19,-2,False,True,4572
small_world,high,long,676,0.003996003996003996,0.000999000999000999,21,21,0,False,True,778
small_world,high,long,677,0.01098901098901099,0.005994005994005994,21,21,0,False,True,3610
small_world,high,long,678,0.001998001998001998,0.000999000999000999,21,19,-2,False,True,543
small_world,high,long,679,0.006993006993006993,0.003996003996003996,21,21,0,False,True,3267
small_world,high,long,680,0.012987012987012988,0.002997002997002997,21,21,0,False,True,4548
small_world,high,long,681,0.003996003996003996,0.001998001998001998,21,21,0,False,True,1594
small_world,high,long,682,0.006993006993006993,0.002997002997002997,21,21,0,False,True,2925
small_world,high,long,683,0.011988011988011988,0.005994005994005994,21,21,0,False,True,3130
small_world,high,long,684,0.006993006993006993,0.003996003996003996,21,19,-2,False,True,2274
small_world,high,long,685,0.004995004995004995,0.000999000999000999,21,19,-2,False,True,2480
small_world,high,long,686,0.003996003996003996,0.000999000999000999,21,21,0,False,True,2336
small_world,high,long,687,0.001998001998001998,0.000999000999000999,21,21,0,False,True,468
small_world,high,long,688,0.01898101898101898,0.008991008991008992,21,21,0,False,True,4376
small_world,high,long,689,0.008991008991008992,0.002997002997002997,21,19,-2,False,True,2925
small_world,high,long,690,0.006993006993006993,0.001998001998001998,21,21,0,False,True,2420
small_world,high,long,691,0.008991008991008992,0.004995004995004995,21,21,0,False,True,3232
small_world,high,long,692,0.001998001998001998,0.001998001998001998,21,19,-2,False,True,772
small_world,high,long,693,0.006993006993006993,0.001998001998001998,21,21,0,False,True,1922
small_world,high,long,694,0.001998001998001998,0.000999000999000999,21,21,0,False,True,436
small_world,high,long,695,0.003996003996003996,0.000999000999000999,21,21,0,False,True,963
small_world,high,long,696,0.003996003996003996,0.000999000999000999,21,19,-2,False,True,518
small_world,high,long,697,0.005994005994005994,0.000999000999000999,21,19,-2,False,True,3947
small_world,high,long,698,0.014985014985014986,0.006993006993006993,21,21,0,False,True,4347
small_world,high,long,699,0.008991008991008992,0.004995004995004995,21,19,-2,False,True,3344
small_world,high,long,700,0.005994005994005994,0.001998001998001998,21,21,0,False,True,1796
small_world,high,long,701,0.003996003996003996,0.000999000999000999,21,19,-2,False,True,1819
small_world,high,long,702,0.001998001998001998,0.000999000999000999,21,19,-2,False,True,128
small_world,high,long,703,0.005994005994005994,0.000999000999000999,21,21,0,False,True,3175
small_world,high,long,704,0.013986013986013986,0.003996003996003996,21,17,-4,False,True,2505
small_world,high,long,705,0.007992007992007992,0.001998001998001998,21,21,0,False,True,2388
small_world,high,long,706,0.00999000999000999,0.004995004995004995,21,19,-2,False,True,3444
small_world,high,long,707,0.00999000999000999,0.002997002997002997,21,21,0,False,True,3992
small_world,high,long,708,0.01098901098901099,0.003996003996003996,21,21,0,False,True,3330
small_world,high,long,709,0.003996003996003996,0.000999000999000999,21,21,0,False,True,2626
small_world,high,long,710,0.001998001998001998,0.000999000999000999,21,21,0,False,True,447
small_world,high,long,711,0.008991008991008992,0.003996003996003996,21,19,-2,False,True,3597
small_world,high,long,712,0.001998001998001998,0.001998001998001998,21,21,0,False,True,487
small_world,high,long,713,0.002997002997002997,0.000999000999000999,21,21,0,False,True,645
small_world,high,long,714,0.003996003996003996,0.000999000999000999,21,21,0,False,True,2516
small_world,high,long,715,0.005994005994005994,0.002997002997002997,21,19,-2,False,True,1005
small_world,high,long,716,0.003996003996003996,0.000999000999000999,21,19,-2,False,True,2067
small_world,high,long,717,0.002997002997002997,0.001998001998001998,21,21,0,False,True,555
small_world,high,long,718,0.005994005994005994,0.001998001998001998,21,19,-2,False,True,1957
small_world,high,long,719,0.011988011988011988,0.004995004995004995,21,21,0,False,True,3677
small_world,high,long,720,0.01098901098901099,0.002997002997002997,21,21,0,False,True,2931
small_world,high,long,721,0.002997002997002997,0.000999000999000999,21,19,-2,False,True,587
small_world,high,long,722,0.008991008991008992,0.002997002997002997,21,19,-2,False,True,6295
small_world,high,long,723,0.003996003996003996,0.000999000999000999,21,19,-2,False,True,1506
small_world,high,long,724,0.001998001998001998,0.000999000999000999,21,21,0,False,True,640
small_world,high,long,725,0.005994005994005994,0.002997002997002997,21,19,-2,False,True,3095
small_world,high,long,726,0.004995004995004995,0.001998001998001998,21,21,0,False,True,3464
small_world,high,long,727,0.01898101898101898,0.005994005994005994,21,21,0,False,True,4497
small_world,high,long,728,0.005994005994005994,0.001998001998001998,21,21,0,False,True,1026
small_world,high,long,729,0.007992007992007992,0.001998001998001998,21,21,0,False,True,2762
small_world,high,long,730,0.001998001998001998,0.001998001998001998,21,21,0,False,True,833
small_world,high,long,731,0.003996003996003996,0.000999000999000999,21,21,0,False,True,2530
small_world,high,long,732,0.003996003996003996,0.001998001998001998,21,21,0,False,True,1114
small_world,high,long,733,0.011988011988011988,0.005994005994005994,21,21,0,False,True,2943
small_world,high,long,734,0.00999000999000999,0.004995004995004995,21,21,0,False,True,3699
small_world,high,long,735,0.006993006993006993,0.000999000999000999,21,19,-2,False,True,2361
small_world,high,long,736,0.003996003996003996,0.001998001998001998,21,21,0,False,True,1252
small_world,high,long,737,0.00999000999000999,0.003996003996003996,21,19,-2,False,True,3866
small_world,high,long,738,0.016983016983016984,0.006993006993006993,21,21,0,False,True,5131
small_world,high,long,739,0.002997002997002997,0.000999000999000999,21,21,0,False,True,3601
small_world,high,long,740,0.00999000999000999,0.003996003996003996,21,21,0,False,True,5838
small_world,high,long,741,0.003996003996003996,0.000999000999000999,21,21,0,False,True,1163
small_world,high,long,742,0.00999000999000999,0.004995004995004995,21,21,0,False,True,4663
small_world,high,long,743,0.003996003996003996,0.000999000999000999,21,21,0,False,True,1803
small_world,high,long,744,0.008991008991008992,0.002997002997002997,21,21,0,False,True,5323
small_world,high,long,745,0.006993006993006993,0.003996003996003996,21,21,0,False,True,3789
small_world,high,long,746,0.017982017982017984,0.007992007992007992,21,21,0,False,True,7285
small_world,high,long,747,0.003996003996003996,0.000999000999000999,21,21,0,False,True,2404
small_world,high,long,748,0.003996003996003996,0.000999000999000999,21,21,0,False,True,2567
small_world,high,long,749,0.00999000999000999,0.003996003996003996,21,21,0,False,True,5608
small_world,high,long,750,0.012987012987012988,0.005994005994005994,21,19,-2,False,True,3694
small_world,high,long,751,0.001998001998001998,0.000999000999000999,21,21,0,False,True,305
small_world,high,long,752,0.005994005994005994,0.001998001998001998,21,21,0,False,True,3814
small_world,high,long,753,0.005994005994005994,0.003996003996003996,21,21,0,False,True,2249
small_world,high,long,754,0.002997002997002997,0.000999000999000999,21,21,0,False,True,2106
small_world,high,long,755,0.002997002997002997,0.000999000999000999,21,21,0,False,True,1634
small_world,high,long,756,0.006993006993006993,0.001998001998001998,21,19,-2,False,True,2309
small_world,high,long,757,0.007992007992007992,0.003996003996003996,21,19,-2,False,True,2944
small_world,high,long,758,0.001998001998001998,0.000999000999000999,21,21,0,False,True,144
small_world,high,long,759,0.004995004995004995,0.000999000999000999,21,21,0,False,True,1267
small_world,high,long,760,0.002997002997002997,0.001998001998001998,21,21,0,False,True,896
small_world,high,long,761,0.007992007992007992,0.001998001998001998,21,21,0,False,True,2858
small_world,high,long,762,0.01998001998001998,0.01098901098901099,21,19,-2,False,True,5766
small_world,high,long,763,0.014985014985014986,0.006993006993006993,21,17,-4,False,True,1764
small_world,high,long,764,0.005994005994005994,0.001998001998001998,21,21,0,False,True,1025
small_world,high,long,765,0.005994005994005994,0.001998001998001998,21,19,-2,False,True,2607
small_world,high,long,766,0.002997002997002997,0.002997002997002997,21,21,0,False,True,792
small_world,high,long,767,0.004995004995004995,0.001998001998001998,21,19,-2,False,True,1807
small_world,high,long,768,0.00999000999000999,0.003996003996003996,21,21,0,False,True,4811
small_world,high,long,769,0.017982017982017984,0.007992007992007992,21,21,0,False,True,7548
small_world,high,long,770,0.003996003996003996,0.001998001998001998,21,21,0,False,True,1321
small_world,high,long,771,0.007992007992007992,0.002997002997002997,21,21,0,False,True,1687
small_world,high,long,772,0.002997002997002997,0.000999000999000999,21,21,0,False,True,940
small_world,high,long,773,0.004995004995004995,0.000999000999000999,21,21,0,False,True,3039
small_world,high,long,774,0.007992007992007992,0.001998001998001998,21,21,0,False,True,1650
small_world,high,long,775,0.002997002997002997,0.000999000999000999,21,21,0,False,True,1048
small_world,high,long,776,0.01098901098901099,0.006993006993006993,21,19,-2,False,True,2061
small_world,high,long,777,0.005994005994005994,0.002997002997002997,21,19,-2,False,True,2309
small_world,high,long,778,0.002997002997002997,0.000999000999000999,21,21,0,False,True,1993
small_world,high,long,779,0.008991008991008992,0.002997002997002997,21,21,0,False,True,4376
small_world,high,long,780,0.013986013986013986,0.005994005994005994,21,21,0,False,True,3643
small_world,high,long,781,0.004995004995004995,0.001998001998001998,21,21,0,False,True,897
small_world,high,long,782,0.01098901098901099,0.003996003996003996,21,19,-2,False,True,3148
small_world,high,long,783,0.002997002997002997,0.000999000999000999,21,21,0,False,True,558
small_world,high,long,784,0.01098901098901099,0.003996003996003996,21,21,0,False,True,2207
small_world,high,long,785,0.011988011988011988,0.002997002997002997,21,19,-2,False,True,3294
small_world,high,long,786,0.003996003996003996,0.000999000999000999,21,21,0,False,True,855
small_world,high,long,787,0.03296703296703297,0.012987012987012988,21,15,-6,False,True,10269
small_world,high,long,788,0.005994005994005994,0.001998001998001998,21,21,0,False,True,3538
small_world,high,long,789,0.005994005994005994,0.002997002997002997,21,21,0,False,True,4078
small_world,high,long,790,0.011988011988011988,0.005994005994005994,21,17,-4,False,True,3910
small_world,high,long,791,0.004995004995004995,0.000999000999000999,21,21,0,False,True,2230
small_world,high,long,792,0.00999000999000999,0.003996003996003996,21,21,0,False,True,6211
small_world,high,long,793,0.004995004995004995,0.001998001998001998,21,21,0,False,True,357
small_world,high,long,794,0.006993006993006993,0.001998001998001998,21,21,0,False,True,2699
small_world,high,long,795,0.006993006993006993,0.002997002997002997,21,19,-2,False,True,3001
small_world,high,long,796,0.014985014985014986,0.003996003996003996,21,21,0,False,True,3223
small_world,high,long,797,0.004995004995004995,0.001998001998001998,21,21,0,False,True,1122
small_world,high,long,798,0.004995004995004995,0.002997002997002997,21,21,0,False,True,2769
small_world,high,long,799,0.01098901098901099,0.004995004995004995,21,21,0,False,True,2549
small_world,high,long,800,0.00999000999000999,0.001998001998001998,21,21,0,False,True,6146
small_world,high,long,801,0.013986013986013986,0.003996003996003996,21,19,-2,False,True,7579
small_world,high,long,802,0.024975024975024976,0.007992007992007992,21,19,-2,False,True,8189
small_world,high,long,803,0.004995004995004995,0.000999000999000999,21,19,-2,False,True,999
small_world,high,long,804,0.011988011988011988,0.005994005994005994,21,19,-2,False,True,3440
small_world,high,long,805,0.006993006993006993,0.002997002997002997,21,21,0,False,True,3169
small_world,high,long,806,0.006993006993006993,0.001998001998001998,21,21,0,False,True,3745
small_world,high,long,807,0.006993006993006993,0.002997002997002997,21,19,-2,False,True,2013
small_world,high,long,808,0.002997002997002997,0.000999000999000999,21,21,0,False,True,1480
small_world,high,long,809,0.01098901098901099,0.006993006993006993,21,19,-2,False,True,4908
small_world,high,long,810,0.01098901098901099,0.002997002997002997,21,21,0,False,True,5431
small_world,high,long,811,0.014985014985014986,0.005994005994005994,21,19,-2,False,True,6018
small_world,high,long,812,0.004995004995004995,0.000999000999000999,21,21,0,False,True,1617
small_world,high,long,813,0.002997002997002997,0.000999000999000999,21,19,-2,False,True,1047
small_world,high,long,814,0.003996003996003996,0.001998001998001998,21,21,0,False,True,1232
small_world,high,long,815,0.003996003996003996,0.001998001998001998,21,21,0,False,True,2476
small_world,high,long,816,0.001998001998001998,0.000999000999000999,21,21,0,False,True,497
small_world,high,long,817,0.001998001998001998,0.001998001998001998,21,21,0,False,True,34
small_world,high,long,818,0.001998001998001998,0.001998001998001998,21,19,-2,False,True,225
small_world,high,long,819,0.008991008991008992,0.001998001998001998,21,21,0,False,True,2749
small_world,high,long,820,0.01898101898101898,0.005994005994005994,21,19,-2,False,True,6438
small_world,high,long,821,0.006993006993006993,0.002997002997002997,21,21,0,False,True,3288
small_world,high,long,822,0.006993006993006993,0.002997002997002997,21,19,-2,False,True,4164
small_world,high,long,823,0.003996003996003996,0.000999000999000999,21,21,0,False,True,1059
small_world,high,long,824,0.003996003996003996,0.000999000999000999,21,21,0,False,True,4550
small_world,high,long,825,0.002997002997002997,0.000999000999000999,21,21,0,False,True,1793
small_world,high,long,826,0.006993006993006993,0.002997002997002997,21,21,0,False,True,1808
small_world,high,long,827,0.013986013986013986,0.006993006993006993,21,17,-4,False,True,5897
small_world,high,long,828,0.006993006993006993,0.002997002997002997,21,21,0,False,True,2820
small_world,high,long,829,0.003996003996003996,0.001998001998001998,21,19,-2,False,True,2027
small_world,high,long,830,0.004995004995004995,0.003996003996003996,21,21,0,False,True,769
small_world,high,long,831,0.01098901098901099,0.003996003996003996,21,19,-2,False,True,4868
small_world,high,long,832,0.00999000999000999,0.002997002997002997,21,21,0,False,True,2479
small_world,high,long,833,0.012987012987012988,0.006993006993006993,21,19,-2,False,True,3297
small_world,high,long,834,0.006993006993006993,0.001998001998001998,21,21,0,False,True,737
small_world,high,long,835,0.014985014985014986,0.006993006993006993,21,17,-4,False,True,4842
small_world,high,long,836,0.006993006993006993,0.002997002997002997,21,19,-2,False,True,1882
small_world,high,long,837,0.014985014985014986,0.006993006993006993,21,17,-4,False,True,4244
small_world,high,long,838,0.004995004995004995,0.000999000999000999,21,21,0,False,True,1064
small_world,high,long,839,0.007992007992007992,0.001998001998001998,21,21,0,False,True,5260
small_world,high,long,840,0.007992007992007992,0.001998001998001998,21,21,0,False,True,1484
small_world,high,long,841,0.002997002997002997,0.001998001998001998,21,21,0,False,True,1593
small_world,high,long,842,0.01098901098901099,0.002997002997002997,21,21,0,False,True,2108
small_world,high,long,843,0.001998001998001998,0.001998001998001998,21,21,0,False,True,298
small_world,high,long,844,0.002997002997002997,0.001998001998001998,21,21,0,False,True,352
small_world,high,long,845,0.001998001998001998,0.000999000999000999,21,21,0,False,True,798
small_world,high,long,846,0.003996003996003996,0.000999000999000999,21,21,0,False,True,754
small_world,high,long,847,0.003996003996003996,0.000999000999000999,21,21,0,False,True,950
small_world,high,long,848,0.011988011988011988,0.006993006993006993,21,19,-2,False,True,4735
small_world,high,long,849,0.00999000999000999,0.003996003996003996,21,21,0,False,True,3977
small_world,high,long,850,0.006993006993006993,0.002997002997002997,21,19,-2,False,True,2064
small_world,high,long,851,0.00999000999000999,0.004995004995004995,21,21,0,False,True,2953
small_world,high,long,852,0.003996003996003996,0.000999000999000999,21,21,0,False,True,1935
small_world,high,long,853,0.01098901098901099,0.002997002997002997,21,21,0,False,True,5881
small_world,high,long,854,0.011988011988011988,0.004995004995004995,21,21,0,False,True,5183
small_world,high,long,855,0.002997002997002997,0.000999000999000999,21,21,0,False,True,670
small_world,high,long,856,0.006993006993006993,0.000999000999000999,21,21,0,False,True,4453
small_world,high,long,857,0.013986013986013986,0.007992007992007992,21,19,-2,False,True,3876
small_world,high,long,858,0.003996003996003996,0.001998001998001998,21,19,-2,False,True,1172
small_world,high,long,859,0.004995004995004995,0.001998001998001998,21,21,0,False,True,1326
small_world,high,long,860,0.001998001998001998,0.000999000999000999,21,19,-2,False,True,1533
small_world,high,long,861,0.004995004995004995,0.000999000999000999,21,21,0,False,True,1535
small_world,high,long,862,0.016983016983016984,0.008991008991008992,21,19,-2,False,True,3399
small_world,high,long,863,0.004995004995004995,0.000999000999000999,21,21,0,False,True,4352
small_world,high,long,864,0.02097902097902098,0.011988011988011988,21,19,-2,False,True,5969
small_world,high,long,865,0.02197802197802198,0.008991008991008992,21,19,-2,False,True,7934
small_world,high,long,866,0.003996003996003996,0.002997002997002997,21,19,-2,False,True,804
small_world,high,long,867,0.004995004995004995,0.000999000999000999,21,21,0,False,True,3837
small_world,high,long,868,0.022977022977022976,0.007992007992007992,21,17,-4,False,True,4432
small_world,high,long,869,0.007992007992007992,0.002997002997002997,21,21,0,False,True,2441
small_world,high,long,870,0.003996003996003996,0.001998001998001998,21,21,0,False,True,1875
small_world,high,long,871,0.003996003996003996,0.000999000999000999,21,21,0,False,True,2224
small_world,high,long,872,0.002997002997002997,0.000999000999000999,21,21,0,False,True,3463
small_world,high,long,873,0.007992007992007992,0.003996003996003996,21,17,-4,False,True,1967
small_world,high,long,874,0.001998001998001998,0.000999000999000999,21,21,0,False,True,875
small_world,high,long,875,0.008991008991008992,0.004995004995004995,21,21,0,False,True,5644
small_world,high,long,876,0.001998001998001998,0.000999000999000999,21,21,0,False,True,1063
small_world,high,long,877,0.004995004995004995,0.000999000999000999,21,21,0,False,True,2343
small_world,high,long,878,0.006993006993006993,0.000999000999000999,21,21,0,False,True,1762
small_world,high,long,879,0.005994005994005994,0.002997002997002997,21,19,-2,False,True,2938
small_world,high,long,880,0.00999000999000999,0.001998001998001998,21,21,0,False,True,4901
small_world,high,long,881,0.011988011988011988,0.003996003996003996,21,19,-2,False,True,5224
small_world,high,long,882,0.005994005994005994,0.001998001998001998,21,21,0,False,True,8392
small_world,high,long,883,0.004995004995004995,0.001998001998001998,21,21,0,False,True,2184
small_world,high,long,884,0.01098901098901099,0.004995004995004995,21,21,0,False,True,5587
small_world,high,long,885,0.017982017982017984,0.006993006993006993,21,19,-2,False,True,4629
small_world,high,long,886,0.001998001998001998,0.000999000999000999,21,21,0,False,True,1336
small_world,high,long,887,0.017982017982017984,0.007992007992007992,21,21,0,False,True,3693
small_world,high,long,888,0.002997002997002997,0.000999000999000999,21,21,0,False,True,1703
small_world,high,long,889,0.002997002997002997,0.000999000999000999,21,21,0,False,True,799
small_world,high,long,890,0.01898101898101898,0.007992007992007992,21,19,-2,False,True,6264
small_world,high,long,891,0.003996003996003996,0.001998001998001998,21,21,0,False,True,1928
small_world,high,long,892,0.006993006993006993,0.000999000999000999,21,21,0,False,True,2311
small_world,high,long,893,0.006993006993006993,0.003996003996003996,21,21,0,False,True,4058
small_world,high,long,894,0.005994005994005994,0.001998001998001998,21,21,0,False,True,3801
small_world,high,long,895,0.011988011988011988,0.004995004995004995,21,21,0,False,True,5488
small_world,high,long,896,0.006993006993006993,0.001998001998001998,21,21,0,False,True,2828
small_world,high,long,897,0.002997002997002997,0.000999000999000999,21,21,0,False,True,1821
small_world,high,long,898,0.060939060939060936,0.023976023976023976,21,13,-8,False,True,13529
small_world,high,long,899,0.005994005994005994,0.001998001998001998,21,21,0,False,True,3917
small_world,high,long,900,0.002997002997002997,0.000999000999000999,21,21,0,False,True,545
small_world,high,long,901,0.004995004995004995,0.001998001998001998,21,19,-2,False,True,2534
small_world,high,long,902,0.005994005994005994,0.001998001998001998,21,21,0,False,True,1008
small_world,high,long,903,0.008991008991008992,0.003996003996003996,21,21,0,False,True,4476
small_world,high,long,904,0.004995004995004995,0.002997002997002997,21,19,-2,False,True,1934
small_world,high,long,905,0.00999000999000999,0.002997002997002997,21,21,0,False,True,5352
small_world,high,long,906,0.00999000999000999,0.004995004995004995,21,19,-2,False,True,5120
small_world,high,long,907,0.00999000999000999,0.003996003996003996,21,19,-2,False,True,4445
small_world,high,long,908,0.001998001998001998,0.000999000999000999,21,19,-2,False,True,797
small_world,high,long,909,0.002997002997002997,0.000999000999000999,21,21,0,False,True,3214
small_world,high,long,910,0.001998001998001998,0.000999000999000999,21,21,0,False,True,446
small_world,high,long,911,0.013986013986013986,0.006993006993006993,21,17,-4,False,True,3396
small_world,high,long,912,0.002997002997002997,0.001998001998001998,21,21,0,False,True,4159
small_world,high,long,913,0.016983016983016984,0.008991008991008992,21,19,-2,False,True,4280
small_world,high,long,914,0.007992007992007992,0.001998001998001998,21,21,0,False,True,6288
small_world,high,long,915,0.007992007992007992,0.000999000999000999,21,21,0,False,True,3344
small_world,high,long,916,0.003996003996003996,0.001998001998001998,21,21,0,False,True,2411
small_world,high,long,917,0.012987012987012988,0.003996003996003996,21,21,0,False,True,5562
small_world,high,long,918,0.002997002997002997,0.000999000999000999,21,19,-2,False,True,1261
small_world,high,long,919,0.013986013986013986,0.005994005994005994,21,21,0,False,True,6587
small_world,high,long,920,0.014985014985014986,0.004995004995004995,21,21,0,False,True,2683
small_world,high,long,921,0.00999000999000999,0.002997002997002997,21,21,0,False,True,4160
small_world,high,long,922,0.01098901098901099,0.005994005994005994,21,21,0,False,True,4484
small_world,high,long,923,0.004995004995004995,0.001998001998001998,21,21,0,False,True,2836
small_world,high,long,924,0.001998001998001998,0.001998001998001998,21,21,0,False,True,2134
small_world,high,long,925,0.008991008991008992,0.004995004995004995,21,21,0,False,True,6168
small_world,high,long,926,0.005994005994005994,0.000999000999000999,21,21,0,False,True,2497
small_world,high,long,927,0.005994005994005994,0.001998001998001998,21,21,0,False,True,3991
small_world,high,long,928,0.026973026973026972,0.01098901098901099,21,19,-2,False,True,7274
small_world,high,long,929,0.005994005994005994,0.001998001998001998,21,21,0,False,True,3860
small_world,high,long,930,0.003996003996003996,0.002997002997002997,21,21,0,False,True,877
small_world,high,long,931,0.012987012987012988,0.006993006993006993,21,21,0,False,True,4772
small_world,high,long,932,0.005994005994005994,0.001998001998001998,21,19,-2,False,True,1484
small_world,high,long,933,0.007992007992007992,0.002997002997002997,21,21,0,False,True,2886
small_world,high,long,934,0.013986013986013986,0.005994005994005994,21,21,0,False,True,5315
small_world,high,long,935,0.007992007992007992,0.001998001998001998,21,21,0,False,True,3685
small_world,high,long,936,0.00999000999000999,0.002997002997002997,21,21,0,False,True,2869
small_world,high,long,937,0.004995004995004995,0.000999000999000999,21,21,0,False,True,5761
small_world,high,long,938,0.008991008991008992,0.001998001998001998,21,21,0,False,True,4367
small_world,high,long,939,0.01098901098901099,0.005994005994005994,21,19,-2,False,True,4723
small_world,high,long,940,0.005994005994005994,0.001998001998001998,21,21,0,False,True,4531
small_world,high,long,941,0.012987012987012988,0.003996003996003996,21,19,-2,False,True,3914
small_world,high,long,942,0.004995004995004995,0.000999000999000999,21,21,0,False,True,5942
small_world,high,long,943,0.004995004995004995,0.000999000999000999,21,21,0,False,True,2957
small_world,high,long,944,0.012987012987012988,0.005994005994005994,21,19,-2,False,True,5137
small_world,high,long,945,0.004995004995004995,0.001998001998001998,21,21,0,False,True,1298
small_world,high,long,946,0.004995004995004995,0.000999000999000999,21,21,0,False,True,4490
small_world,high,long,947,0.015984015984015984,0.008991008991008992,21,21,0,False,True,4740
small_world,high,long,948,0.006993006993006993,0.002997002997002997,21,19,-2,False,True,1272
small_world,high,long,949,0.006993006993006993,0.000999000999000999,21,21,0,False,True,2111
small_world,high,long,950,0.002997002997002997,0.000999000999000999,21,21,0,False,True,1363
small_world,high,long,951,0.004995004995004995,0.001998001998001998,21,21,0,False,True,1848
small_world,high,long,952,0.001998001998001998,0.000999000999000999,21,19,-2,False,True,691
small_world,high,long,953,0.008991008991008992,0.001998001998001998,21,21,0,False,True,3129
small_world,high,long,954,0.011988011988011988,0.003996003996003996,21,21,0,False,True,6564
small_world,high,long,955,0.005994005994005994,0.001998001998001998,21,21,0,False,True,5520
small_world,high,long,956,0.001998001998001998,0.000999000999000999,21,21,0,False,True,1310
small_world,high,long,957,0.002997002997002997,0.001998001998001998,21,19,-2,False,True,561
small_world,high,long,958,0.004995004995004995,0.001998001998001998,21,21,0,False,True,646
small_world,high,long,959,0.007992007992007992,0.001998001998001998,21,19,-2,False,True,5747
small_world,high,long,960,0.004995004995004995,0.000999000999000999,21,21,0,False,True,2766
small_world,high,long,961,0.006993006993006993,0.001998001998001998,21,21,0,False,True,2450
small_world,high,long,962,0.007992007992007992,0.000999000999000999,21,21,0,False,True,3933
small_world,high,long,963,0.022977022977022976,0.00999000999000999,21,17,-4,False,True,8746
small_world,high,long,964,0.005994005994005994,0.002997002997002997,21,19,-2,False,True,1954
small_world,high,long,965,0.00999000999000999,0.003996003996003996,21,19,-2,False,True,4238
small_world,high,long,966,0.004995004995004995,0.001998001998001998,21,21,0,False,True,1645
small_world,high,long,967,0.007992007992007992,0.001998001998001998,21,19,-2,False,True,5021
small_world,high,long,968,0.007992007992007992,0.001998001998001998,21,19,-2,False,True,3551
small_world,high,long,969,0.003996003996003996,0.000999000999000999,21,21,0,False,True,658
small_world,high,long,970,0.005994005994005994,0.000999000999000999,21,21,0,False,True,4344
small_world,high,long,971,0.002997002997002997,0.000999000999000999,21,21,0,False,True,1370
small_world,high,long,972,0.001998001998001998,0.000999000999000999,21,21,0,False,True,2409
small_world,high,long,973,0.004995004995004995,0.001998001998001998,21,19,-2,False,True,1045
small_world,high,long,974,0.006993006993006993,0.002997002997002997,21,21,0,False,True,1953
small_world,high,long,975,0.011988011988011988,0.002997002997002997,21,21,0,False,True,5536
small_world,high,long,976,0.003996003996003996,0.000999000999000999,21,21,0,False,True,2034
small_world,high,long,977,0.005994005994005994,0.000999000999000999,21,21,0,False,True,2959
small_world,high,long,978,0.004995004995004995,0.001998001998001998,21,21,0,False,True,2358
small_world,high,long,979,0.004995004995004995,0.002997002997002997,21,21,0,False,True,2149
small_world,high,long,980,0.003996003996003996,0.000999000999000999,21,19,-2,False,True,3029
small_world,high,long,981,0.003996003996003996,0.000999000999000999,21,21,0,False,True,820
small_world,high,long,982,0.001998001998001998,0.000999000999000999,21,21,0,False,True,1446
small_world,high,long,983,0.002997002997002997,0.000999000999000999,21,21,0,False,True,2272
small_world,high,long,984,0.008991008991008992,0.003996003996003996,21,21,0,False,True,3497
small_world,high,long,985,0.001998001998001998,0.001998001998001998,21,21,0,False,True,647
small_world,high,long,986,0.013986013986013986,0.007992007992007992,21,21,0,False,True,4339
small_world,high,long,987,0.002997002997002997,0.000999000999000999,21,21,0,False,True,1005
small_world,high,long,988,0.002997002997002997,0.001998001998001998,21,21,0,False,True,1998
small_world,high,long,989,0.00999000999000999,0.002997002997002997,21,19,-2,False,True,3761
small_world,high,long,990,0.012987012987012988,0.002997002997002997,21,19,-2,False,True,5590
small_world,high,long,991,0.008991008991008992,0.006993006993006993,21,19,-2,False,True,2660
small_world,high,long,992,0.011988011988011988,0.004995004995004995,21,21,0,False,True,3040
small_world,high,long,993,0.001998001998001998,0.000999000999000999,21,21,0,False,True,513
small_world,high,long,994,0.005994005994005994,0.002997002997002997,21,21,0,False,True,1586
small_world,high,long,995,0.002997002997002997,0.000999000999000999,21,21,0,False,True,635
small_world,high,long,996,0.002997002997002997,0.000999000999000999,21,21,0,False,True,912
small_world,high,long,997,0.014985014985014986,0.005994005994005994,21,19,-2,False,True,5333
small_world,high,long,998,0.006993006993006993,0.002997002997002997,21,21,0,False,True,3446
small_world,high,long,999,0.00999000999000999,0.004995004995004995,21,19,-2,False,True,4377
